timeStamp,elapsed,label,responseCode,responseMessage,threadName,dataType,success,failureMessage,bytes,sentBytes,grpThreads,allThreads,URL,Latency,IdleTime,Connect
1777734671344,718,用户注册,200,,常规接口测试-50并发 1-1,text,true,,723,253,5,6,http://localhost:8080/api/auth/register,712,0,42
1777734671439,625,用户注册,200,,常规接口测试-50并发 1-2,text,true,,723,253,5,6,http://localhost:8080/api/auth/register,619,0,1
1777734671837,227,用户注册,200,,常规接口测试-50并发 1-4,text,true,,723,253,5,6,http://localhost:8080/api/auth/register,221,0,0
1777734672035,29,用户注册,200,,常规接口测试-50并发 1-5,text,true,,721,253,5,6,http://localhost:8080/api/auth/register,23,0,1
1777734671639,425,用户注册,200,,常规接口测试-50并发 1-3,text,true,,723,253,5,6,http://localhost:8080/api/auth/register,419,0,1
1777734672066,14,用户登录,200,,常规接口测试-50并发 1-5,text,true,,319,218,5,6,http://localhost:8080/api/auth/login,13,0,0
1777734672066,14,用户登录,200,,常规接口测试-50并发 1-2,text,true,,319,218,5,6,http://localhost:8080/api/auth/login,13,0,0
1777734672066,14,用户登录,200,,常规接口测试-50并发 1-4,text,true,,319,218,5,6,http://localhost:8080/api/auth/login,13,0,0
1777734672066,14,用户登录,200,,常规接口测试-50并发 1-1,text,true,,319,218,5,6,http://localhost:8080/api/auth/login,13,0,0
1777734672066,14,用户登录,200,,常规接口测试-50并发 1-3,text,true,,319,218,5,6,http://localhost:8080/api/auth/login,13,0,0
1777734672236,20,用户注册,200,,常规接口测试-50并发 1-6,text,true,,723,253,6,7,http://localhost:8080/api/auth/register,20,0,1
1777734672257,11,用户登录,200,,常规接口测试-50并发 1-6,text,true,,319,218,6,8,http://localhost:8080/api/auth/login,10,0,0
1777734672081,362,获取帖子列表,200,,常规接口测试-50并发 1-3,text,true,,5517,179,7,9,http://localhost:8080/api/post/list?pageNum=1&pageSize=10,361,0,0
1777734672081,362,获取帖子列表,200,,常规接口测试-50并发 1-2,text,true,,5517,179,7,9,http://localhost:8080/api/post/list?pageNum=1&pageSize=10,361,0,0
1777734672081,362,获取帖子列表,200,,常规接口测试-50并发 1-1,text,true,,5517,179,7,9,http://localhost:8080/api/post/list?pageNum=1&pageSize=10,361,0,0
1777734672081,363,获取帖子列表,200,,常规接口测试-50并发 1-4,text,true,,5517,179,7,9,http://localhost:8080/api/post/list?pageNum=1&pageSize=10,361,0,0
1777734672081,363,获取帖子列表,200,,常规接口测试-50并发 1-5,text,true,,5517,179,7,9,http://localhost:8080/api/post/list?pageNum=1&pageSize=10,361,0,0
1777734672435,18,用户注册,200,,常规接口测试-50并发 1-7,text,true,,723,253,7,9,http://localhost:8080/api/auth/register,17,0,1
1777734672454,10,用户登录,200,,常规接口测试-50并发 1-7,text,true,,319,218,7,9,http://localhost:8080/api/auth/login,9,0,0
1777734672444,37,关键词搜索,400,,常规接口测试-50并发 1-1,text,false,,332,183,7,9,http://localhost:8080/api/search/keyword?q=篮球,36,0,0
1777734672444,37,关键词搜索,400,,常规接口测试-50并发 1-3,text,false,,332,183,7,9,http://localhost:8080/api/search/keyword?q=篮球,36,0,0
1777734672445,36,关键词搜索,400,,常规接口测试-50并发 1-4,text,false,,332,183,7,9,http://localhost:8080/api/search/keyword?q=篮球,35,0,0
1777734672445,36,关键词搜索,400,,常规接口测试-50并发 1-5,text,false,,332,183,7,9,http://localhost:8080/api/search/keyword?q=篮球,35,0,0
1777734672444,37,关键词搜索,400,,常规接口测试-50并发 1-2,text,false,,332,183,7,9,http://localhost:8080/api/search/keyword?q=篮球,36,0,0
1777734672482,78,高级筛选搜索,200,,常规接口测试-50并发 1-1,text,true,,5782,232,7,9,http://localhost:8080/api/post/list/filter?category=运动健身&pageNum=1&pageSize=10,78,0,2
1777734672268,293,获取帖子列表,200,,常规接口测试-50并发 1-6,text,true,,5517,179,7,9,http://localhost:8080/api/post/list?pageNum=1&pageSize=10,292,0,0
1777734672482,79,高级筛选搜索,200,,常规接口测试-50并发 1-5,text,true,,5782,232,7,9,http://localhost:8080/api/post/list/filter?category=运动健身&pageNum=1&pageSize=10,78,0,2
1777734672482,80,高级筛选搜索,200,,常规接口测试-50并发 1-4,text,true,,5782,232,7,9,http://localhost:8080/api/post/list/filter?category=运动健身&pageNum=1&pageSize=10,79,0,2
1777734672482,81,高级筛选搜索,200,,常规接口测试-50并发 1-2,text,true,,5782,232,7,9,http://localhost:8080/api/post/list/filter?category=运动健身&pageNum=1&pageSize=10,80,0,2
1777734672482,84,高级筛选搜索,200,,常规接口测试-50并发 1-3,text,true,,5782,232,7,9,http://localhost:8080/api/post/list/filter?category=运动健身&pageNum=1&pageSize=10,83,0,2
1777734672561,10,关键词搜索,400,,常规接口测试-50并发 1-6,text,false,,332,183,7,9,http://localhost:8080/api/search/keyword?q=篮球,10,0,0
1777734672561,14,用户注册,200,,常规接口测试-50并发 1-1,text,true,,723,253,7,9,http://localhost:8080/api/auth/register,13,0,0
1777734672561,18,用户注册,200,,常规接口测试-50并发 1-5,text,true,,723,253,7,9,http://localhost:8080/api/auth/register,17,0,0
1777734672563,17,用户注册,200,,常规接口测试-50并发 1-4,text,true,,723,253,7,9,http://localhost:8080/api/auth/register,17,0,0
1777734672567,16,用户注册,200,,常规接口测试-50并发 1-3,text,true,,723,253,7,9,http://localhost:8080/api/auth/register,16,0,0
1777734672563,20,用户注册,200,,常规接口测试-50并发 1-2,text,true,,723,253,7,9,http://localhost:8080/api/auth/register,20,0,0
1777734672575,12,用户登录,200,,常规接口测试-50并发 1-1,text,true,,319,218,7,9,http://localhost:8080/api/auth/login,11,0,0
1777734672580,11,用户登录,200,,常规接口测试-50并发 1-5,text,true,,319,218,7,9,http://localhost:8080/api/auth/login,10,0,0
1777734672581,12,用户登录,200,,常规接口测试-50并发 1-4,text,true,,319,218,7,9,http://localhost:8080/api/auth/login,11,0,0
1777734672584,10,用户登录,200,,常规接口测试-50并发 1-3,text,true,,319,218,7,9,http://localhost:8080/api/auth/login,9,0,0
1777734672584,10,用户登录,200,,常规接口测试-50并发 1-2,text,true,,319,218,7,9,http://localhost:8080/api/auth/login,10,0,0
1777734672572,57,高级筛选搜索,200,,常规接口测试-50并发 1-6,text,true,,5782,232,7,9,http://localhost:8080/api/post/list/filter?category=运动健身&pageNum=1&pageSize=10,56,0,1
1777734672629,27,用户注册,200,,常规接口测试-50并发 1-6,text,true,,717,253,8,10,http://localhost:8080/api/auth/register,26,0,0
1777734672634,49,用户注册,200,,常规接口测试-50并发 1-8,text,true,,721,253,8,10,http://localhost:8080/api/auth/register,49,0,1
1777734672656,58,用户登录,200,,常规接口测试-50并发 1-6,text,true,,319,218,8,10,http://localhost:8080/api/auth/login,57,0,0
1777734672684,38,用户登录,200,,常规接口测试-50并发 1-8,text,true,,319,218,8,10,http://localhost:8080/api/auth/login,38,0,0
1777734672464,375,获取帖子列表,200,,常规接口测试-50并发 1-7,text,true,,5517,179,9,11,http://localhost:8080/api/post/list?pageNum=1&pageSize=10,375,0,0
1777734672840,11,关键词搜索,400,,常规接口测试-50并发 1-7,text,false,,332,183,9,11,http://localhost:8080/api/search/keyword?q=篮球,10,0,0
1777734672835,24,用户注册,200,,常规接口测试-50并发 1-9,text,true,,722,252,9,11,http://localhost:8080/api/auth/register,23,0,0
1777734672859,15,用户登录,200,,常规接口测试-50并发 1-9,text,true,,319,218,9,11,http://localhost:8080/api/auth/login,14,0,0
1777734672851,75,高级筛选搜索,200,,常规接口测试-50并发 1-7,text,true,,5782,232,9,11,http://localhost:8080/api/post/list/filter?category=运动健身&pageNum=1&pageSize=10,74,0,1
1777734672926,22,用户注册,200,,常规接口测试-50并发 1-7,text,true,,723,253,9,11,http://localhost:8080/api/auth/register,21,0,0
1777734672948,15,用户登录,200,,常规接口测试-50并发 1-7,text,true,,319,218,9,11,http://localhost:8080/api/auth/login,14,0,0
1777734672594,447,获取帖子列表,200,,常规接口测试-50并发 1-3,text,true,,5517,179,10,12,http://localhost:8080/api/post/list?pageNum=1&pageSize=10,447,0,0
1777734672594,458,获取帖子列表,200,,常规接口测试-50并发 1-4,text,true,,5517,179,10,12,http://localhost:8080/api/post/list?pageNum=1&pageSize=10,457,0,0
1777734673041,16,关键词搜索,400,,常规接口测试-50并发 1-3,text,false,,332,183,10,12,http://localhost:8080/api/search/keyword?q=篮球,13,0,0
1777734672594,468,获取帖子列表,200,,常规接口测试-50并发 1-2,text,true,,5517,179,10,12,http://localhost:8080/api/post/list?pageNum=1&pageSize=10,465,0,0
1777734673035,28,用户注册,200,,常规接口测试-50并发 1-10,text,true,,723,253,10,12,http://localhost:8080/api/auth/register,26,0,1
1777734672591,474,获取帖子列表,200,,常规接口测试-50并发 1-5,text,true,,5517,179,10,12,http://localhost:8080/api/post/list?pageNum=1&pageSize=10,472,0,0
1777734673052,20,关键词搜索,400,,常规接口测试-50并发 1-4,text,false,,332,183,10,12,http://localhost:8080/api/search/keyword?q=篮球,19,0,0
1777734673063,16,用户登录,200,,常规接口测试-50并发 1-10,text,true,,319,218,10,12,http://localhost:8080/api/auth/login,15,0,0
1777734673063,16,关键词搜索,400,,常规接口测试-50并发 1-2,text,false,,332,183,10,12,http://localhost:8080/api/search/keyword?q=篮球,14,0,0
1777734673065,15,关键词搜索,400,,常规接口测试-50并发 1-5,text,false,,332,183,10,12,http://localhost:8080/api/search/keyword?q=篮球,13,0,0
1777734672587,502,获取帖子列表,200,,常规接口测试-50并发 1-1,text,true,,5517,179,10,12,http://localhost:8080/api/post/list?pageNum=1&pageSize=10,500,0,0
1777734673090,12,关键词搜索,400,,常规接口测试-50并发 1-1,text,false,,332,183,10,12,http://localhost:8080/api/search/keyword?q=篮球,11,0,0
1777734673058,84,高级筛选搜索,200,,常规接口测试-50并发 1-3,text,true,,5782,232,10,12,http://localhost:8080/api/post/list/filter?category=运动健身&pageNum=1&pageSize=10,84,0,1
1777734672714,429,获取帖子列表,200,,常规接口测试-50并发 1-6,text,true,,5517,179,10,12,http://localhost:8080/api/post/list?pageNum=1&pageSize=10,428,0,0
1777734672723,430,获取帖子列表,200,,常规接口测试-50并发 1-8,text,true,,5517,179,10,12,http://localhost:8080/api/post/list?pageNum=1&pageSize=10,429,0,0
1777734673143,14,关键词搜索,400,,常规接口测试-50并发 1-6,text,false,,332,183,10,12,http://localhost:8080/api/search/keyword?q=篮球,12,0,0
1777734673072,85,高级筛选搜索,200,,常规接口测试-50并发 1-4,text,true,,5782,232,10,12,http://localhost:8080/api/post/list/filter?category=运动健身&pageNum=1&pageSize=10,83,0,1
1777734673153,18,关键词搜索,400,,常规接口测试-50并发 1-8,text,false,,332,183,10,12,http://localhost:8080/api/search/keyword?q=篮球,18,0,0
1777734673143,29,用户注册,200,,常规接口测试-50并发 1-3,text,true,,723,253,10,12,http://localhost:8080/api/auth/register,28,0,0
1777734673081,97,高级筛选搜索,200,,常规接口测试-50并发 1-5,text,true,,5782,232,10,12,http://localhost:8080/api/post/list/filter?category=运动健身&pageNum=1&pageSize=10,96,0,1
1777734673080,99,高级筛选搜索,200,,常规接口测试-50并发 1-2,text,true,,5782,232,10,12,http://localhost:8080/api/post/list/filter?category=运动健身&pageNum=1&pageSize=10,98,0,1
1777734673158,33,用户注册,200,,常规接口测试-50并发 1-4,text,true,,723,253,10,12,http://localhost:8080/api/auth/register,30,0,0
1777734673172,23,用户登录,200,,常规接口测试-50并发 1-3,text,true,,319,218,10,12,http://localhost:8080/api/auth/login,21,0,0
1777734673103,93,高级筛选搜索,200,,常规接口测试-50并发 1-1,text,true,,5782,232,10,12,http://localhost:8080/api/post/list/filter?category=运动健身&pageNum=1&pageSize=10,91,0,1
1777734673179,23,用户注册,200,,常规接口测试-50并发 1-5,text,true,,723,253,10,12,http://localhost:8080/api/auth/register,22,0,0
1777734673192,16,用户登录,200,,常规接口测试-50并发 1-4,text,true,,319,218,10,12,http://localhost:8080/api/auth/login,15,0,0
1777734673180,31,用户注册,200,,常规接口测试-50并发 1-2,text,true,,723,253,10,12,http://localhost:8080/api/auth/register,31,0,0
1777734673202,16,用户登录,200,,常规接口测试-50并发 1-5,text,true,,319,218,10,12,http://localhost:8080/api/auth/login,15,0,0
1777734673196,23,用户注册,200,,常规接口测试-50并发 1-1,text,true,,723,253,10,12,http://localhost:8080/api/auth/register,22,0,0
1777734673211,15,用户登录,200,,常规接口测试-50并发 1-2,text,true,,319,218,10,12,http://localhost:8080/api/auth/login,14,0,0
1777734673219,18,用户登录,200,,常规接口测试-50并发 1-1,text,true,,319,218,11,13,http://localhost:8080/api/auth/login,15,0,0
1777734673157,87,高级筛选搜索,200,,常规接口测试-50并发 1-6,text,true,,5782,232,11,13,http://localhost:8080/api/post/list/filter?category=运动健身&pageNum=1&pageSize=10,84,0,1
1777734673172,85,高级筛选搜索,200,,常规接口测试-50并发 1-8,text,true,,5782,232,11,13,http://localhost:8080/api/post/list/filter?category=运动健身&pageNum=1&pageSize=10,84,0,1
1777734673233,39,用户注册,200,,常规接口测试-50并发 1-11,text,true,,723,253,11,14,http://localhost:8080/api/auth/register,38,0,1
1777734673245,35,用户注册,200,,常规接口测试-50并发 1-6,text,true,,723,253,11,14,http://localhost:8080/api/auth/register,33,0,0
1777734673257,32,用户注册,200,,常规接口测试-50并发 1-8,text,true,,723,253,11,14,http://localhost:8080/api/auth/register,31,0,0
1777734673272,23,用户登录,200,,常规接口测试-50并发 1-11,text,true,,319,218,11,14,http://localhost:8080/api/auth/login,22,0,0
1777734673281,24,用户登录,200,,常规接口测试-50并发 1-6,text,true,,319,218,11,14,http://localhost:8080/api/auth/login,23,0,0
1777734673290,17,用户登录,200,,常规接口测试-50并发 1-8,text,true,,319,218,11,14,http://localhost:8080/api/auth/login,15,0,0
1777734672875,432,获取帖子列表,200,,常规接口测试-50并发 1-9,text,true,,5517,179,11,14,http://localhost:8080/api/post/list?pageNum=1&pageSize=10,431,0,0
1777734673307,15,关键词搜索,400,,常规接口测试-50并发 1-9,text,false,,332,183,11,14,http://localhost:8080/api/search/keyword?q=篮球,15,0,0
1777734672964,484,获取帖子列表,200,,常规接口测试-50并发 1-7,text,true,,5517,179,12,15,http://localhost:8080/api/post/list?pageNum=1&pageSize=10,482,0,0
1777734673449,11,关键词搜索,400,,常规接口测试-50并发 1-7,text,false,,332,183,12,15,http://localhost:8080/api/search/keyword?q=篮球,11,0,0
1777734673322,139,高级筛选搜索,200,,常规接口测试-50并发 1-9,text,true,,5782,232,12,15,http://localhost:8080/api/post/list/filter?category=运动健身&pageNum=1&pageSize=10,138,0,1
1777734673433,37,用户注册,200,,常规接口测试-50并发 1-12,text,true,,723,253,12,15,http://localhost:8080/api/auth/register,33,0,1
1777734673470,20,用户登录,200,,常规接口测试-50并发 1-12,text,true,,319,218,12,15,http://localhost:8080/api/auth/login,19,0,0
1777734673462,32,用户注册,200,,常规接口测试-50并发 1-9,text,true,,723,253,12,15,http://localhost:8080/api/auth/register,31,0,0
1777734673494,58,用户登录,200,,常规接口测试-50并发 1-9,text,true,,319,218,12,15,http://localhost:8080/api/auth/login,56,0,0
1777734673461,155,高级筛选搜索,200,,常规接口测试-50并发 1-7,text,true,,5782,232,12,15,http://localhost:8080/api/post/list/filter?category=运动健身&pageNum=1&pageSize=10,154,0,1
1777734673616,25,用户注册,200,,常规接口测试-50并发 1-7,text,true,,723,253,13,16,http://localhost:8080/api/auth/register,23,0,0
1777734673080,575,获取帖子列表,200,,常规接口测试-50并发 1-10,text,true,,5517,179,13,16,http://localhost:8080/api/post/list?pageNum=1&pageSize=10,572,0,0
1777734673632,32,用户注册,200,,常规接口测试-50并发 1-13,text,true,,723,253,13,16,http://localhost:8080/api/auth/register,30,0,1
1777734673642,31,用户登录,200,,常规接口测试-50并发 1-7,text,true,,319,218,13,16,http://localhost:8080/api/auth/login,29,0,0
1777734673655,18,关键词搜索,400,,常规接口测试-50并发 1-10,text,false,,332,183,13,16,http://localhost:8080/api/search/keyword?q=篮球,16,0,0
1777734673664,21,用户登录,200,,常规接口测试-50并发 1-13,text,true,,319,218,13,16,http://localhost:8080/api/auth/login,19,0,0
1777734673673,104,高级筛选搜索,200,,常规接口测试-50并发 1-10,text,true,,5782,232,13,16,http://localhost:8080/api/post/list/filter?category=运动健身&pageNum=1&pageSize=10,103,0,1
1777734673778,29,用户注册,200,,常规接口测试-50并发 1-10,text,true,,721,253,13,16,http://localhost:8080/api/auth/register,26,0,0
1777734673208,601,获取帖子列表,200,,常规接口测试-50并发 1-4,text,true,,5517,179,13,16,http://localhost:8080/api/post/list?pageNum=1&pageSize=10,599,0,0
1777734673219,594,获取帖子列表,200,,常规接口测试-50并发 1-5,text,true,,5517,179,13,16,http://localhost:8080/api/post/list?pageNum=1&pageSize=10,592,0,0
1777734673195,626,获取帖子列表,200,,常规接口测试-50并发 1-3,text,true,,5517,179,13,16,http://localhost:8080/api/post/list?pageNum=1&pageSize=10,624,0,0
1777734673808,22,用户登录,200,,常规接口测试-50并发 1-10,text,true,,319,218,13,16,http://localhost:8080/api/auth/login,20,0,0
1777734673810,25,关键词搜索,400,,常规接口测试-50并发 1-4,text,false,,332,183,14,17,http://localhost:8080/api/search/keyword?q=篮球,22,0,0
1777734673814,23,关键词搜索,400,,常规接口测试-50并发 1-5,text,false,,332,183,14,17,http://localhost:8080/api/search/keyword?q=篮球,20,0,0
1777734673821,30,关键词搜索,400,,常规接口测试-50并发 1-3,text,false,,332,183,14,17,http://localhost:8080/api/search/keyword?q=篮球,27,0,0
1777734673227,629,获取帖子列表,200,,常规接口测试-50并发 1-2,text,true,,5517,179,14,17,http://localhost:8080/api/post/list?pageNum=1&pageSize=10,628,0,0
1777734673833,38,用户注册,200,,常规接口测试-50并发 1-14,text,true,,723,253,14,17,http://localhost:8080/api/auth/register,35,0,1
1777734673856,20,关键词搜索,400,,常规接口测试-50并发 1-2,text,false,,332,183,14,17,http://localhost:8080/api/search/keyword?q=篮球,18,0,0
1777734673237,642,获取帖子列表,200,,常规接口测试-50并发 1-1,text,true,,5517,179,14,17,http://localhost:8080/api/post/list?pageNum=1&pageSize=10,640,0,0
1777734673871,25,用户登录,200,,常规接口测试-50并发 1-14,text,true,,319,218,14,17,http://localhost:8080/api/auth/login,23,0,0
1777734673880,21,关键词搜索,400,,常规接口测试-50并发 1-1,text,false,,332,183,14,17,http://localhost:8080/api/search/keyword?q=篮球,18,0,0
1777734673307,628,获取帖子列表,200,,常规接口测试-50并发 1-8,text,true,,5517,179,14,17,http://localhost:8080/api/post/list?pageNum=1&pageSize=10,626,0,0
1777734673305,631,获取帖子列表,200,,常规接口测试-50并发 1-6,text,true,,5517,179,14,17,http://localhost:8080/api/post/list?pageNum=1&pageSize=10,629,0,0
1777734673295,661,获取帖子列表,200,,常规接口测试-50并发 1-11,text,true,,5517,179,14,17,http://localhost:8080/api/post/list?pageNum=1&pageSize=10,659,0,0
1777734673836,129,高级筛选搜索,200,,常规接口测试-50并发 1-4,text,true,,5782,232,14,17,http://localhost:8080/api/post/list/filter?category=运动健身&pageNum=1&pageSize=10,124,0,1
1777734673935,36,关键词搜索,400,,常规接口测试-50并发 1-8,text,false,,332,183,14,17,http://localhost:8080/api/search/keyword?q=篮球,29,0,0
1777734673837,139,高级筛选搜索,200,,常规接口测试-50并发 1-5,text,true,,5782,232,14,17,http://localhost:8080/api/post/list/filter?category=运动健身&pageNum=1&pageSize=10,133,0,1
1777734673936,44,关键词搜索,400,,常规接口测试-50并发 1-6,text,false,,332,183,14,17,http://localhost:8080/api/search/keyword?q=篮球,39,0,0
1777734673852,130,高级筛选搜索,200,,常规接口测试-50并发 1-3,text,true,,5782,232,14,17,http://localhost:8080/api/post/list/filter?category=运动健身&pageNum=1&pageSize=10,124,0,1
1777734673877,129,高级筛选搜索,200,,常规接口测试-50并发 1-2,text,true,,5782,232,14,17,http://localhost:8080/api/post/list/filter?category=运动健身&pageNum=1&pageSize=10,125,0,1
1777734673957,55,关键词搜索,400,,常规接口测试-50并发 1-11,text,false,,332,183,14,17,http://localhost:8080/api/search/keyword?q=篮球,52,0,0
1777734673901,114,高级筛选搜索,200,,常规接口测试-50并发 1-1,text,true,,5782,232,14,17,http://localhost:8080/api/post/list/filter?category=运动健身&pageNum=1&pageSize=10,112,0,1
1777734673965,58,用户注册,200,,常规接口测试-50并发 1-4,text,true,,722,252,14,17,http://localhost:8080/api/auth/register,56,0,0
1777734673977,72,用户注册,200,,常规接口测试-50并发 1-5,text,true,,723,253,15,18,http://localhost:8080/api/auth/register,67,0,0
1777734673982,69,用户注册,200,,常规接口测试-50并发 1-3,text,true,,723,253,15,18,http://localhost:8080/api/auth/register,64,0,0
1777734674007,55,用户注册,200,,常规接口测试-50并发 1-2,text,true,,723,253,15,18,http://localhost:8080/api/auth/register,49,0,0
1777734674016,53,用户注册,200,,常规接口测试-50并发 1-1,text,true,,723,253,15,18,http://localhost:8080/api/auth/register,49,0,0
1777734674024,57,用户登录,200,,常规接口测试-50并发 1-4,text,true,,319,218,15,18,http://localhost:8080/api/auth/login,44,0,0
1777734673490,627,获取帖子列表,200,,常规接口测试-50并发 1-12,text,true,,5517,179,15,18,http://localhost:8080/api/post/list?pageNum=1&pageSize=10,616,0,0
1777734674052,69,用户登录,200,,常规接口测试-50并发 1-3,text,true,,319,218,15,18,http://localhost:8080/api/auth/login,58,0,0
1777734674032,89,用户注册,200,,常规接口测试-50并发 1-15,text,true,,723,253,15,18,http://localhost:8080/api/auth/register,81,0,1
1777734674050,85,用户登录,200,,常规接口测试-50并发 1-5,text,true,,319,218,15,18,http://localhost:8080/api/auth/login,77,0,0
1777734674063,78,用户登录,200,,常规接口测试-50并发 1-2,text,true,,319,218,15,18,http://localhost:8080/api/auth/login,71,0,0
1777734674069,90,用户登录,200,,常规接口测试-50并发 1-1,text,true,,319,218,15,18,http://localhost:8080/api/auth/login,77,0,0
1777734673981,183,高级筛选搜索,200,,常规接口测试-50并发 1-6,text,true,,5782,232,15,18,http://localhost:8080/api/post/list/filter?category=运动健身&pageNum=1&pageSize=10,180,0,1
1777734673971,198,高级筛选搜索,200,,常规接口测试-50并发 1-8,text,true,,5782,232,15,18,http://localhost:8080/api/post/list/filter?category=运动健身&pageNum=1&pageSize=10,192,0,1
1777734673553,626,获取帖子列表,200,,常规接口测试-50并发 1-9,text,true,,5517,179,15,18,http://localhost:8080/api/post/list?pageNum=1&pageSize=10,620,0,0
1777734674013,169,高级筛选搜索,200,,常规接口测试-50并发 1-11,text,true,,5782,232,15,18,http://localhost:8080/api/post/list/filter?category=运动健身&pageNum=1&pageSize=10,162,0,1
1777734674118,74,关键词搜索,400,,常规接口测试-50并发 1-12,text,false,,332,183,15,18,http://localhost:8080/api/search/keyword?q=篮球,63,0,0
1777734674122,74,用户登录,200,,常规接口测试-50并发 1-15,text,true,,319,218,15,18,http://localhost:8080/api/auth/login,65,0,0
1777734674165,59,用户注册,200,,常规接口测试-50并发 1-6,text,true,,721,251,15,18,http://localhost:8080/api/auth/register,57,0,0
1777734674180,49,关键词搜索,400,,常规接口测试-50并发 1-9,text,false,,332,183,15,18,http://localhost:8080/api/search/keyword?q=篮球,46,0,0
1777734674170,79,用户注册,200,,常规接口测试-50并发 1-8,text,true,,721,253,16,19,http://localhost:8080/api/auth/register,75,0,0
1777734674182,79,用户注册,200,,常规接口测试-50并发 1-11,text,true,,723,253,16,20,http://localhost:8080/api/auth/register,72,0,0
1777734674225,45,用户登录,200,,常规接口测试-50并发 1-6,text,true,,319,218,16,20,http://localhost:8080/api/auth/login,40,0,0
1777734674250,42,用户登录,200,,常规接口测试-50并发 1-8,text,true,,319,218,16,20,http://localhost:8080/api/auth/login,38,0,0
1777734674233,60,用户注册,200,,常规接口测试-50并发 1-16,text,true,,723,253,16,20,http://localhost:8080/api/auth/register,56,0,1
1777734674261,36,用户登录,200,,常规接口测试-50并发 1-11,text,true,,319,218,16,20,http://localhost:8080/api/auth/login,33,0,0
1777734673673,641,获取帖子列表,200,,常规接口测试-50并发 1-7,text,true,,5517,179,16,20,http://localhost:8080/api/post/list?pageNum=1&pageSize=10,640,0,0
1777734674293,33,用户登录,200,,常规接口测试-50并发 1-16,text,true,,319,218,16,20,http://localhost:8080/api/auth/login,31,0,0
1777734674314,21,关键词搜索,400,,常规接口测试-50并发 1-7,text,false,,332,183,16,20,http://localhost:8080/api/search/keyword?q=篮球,18,0,0
1777734673685,660,获取帖子列表,200,,常规接口测试-50并发 1-13,text,true,,5517,179,16,20,http://localhost:8080/api/post/list?pageNum=1&pageSize=10,659,0,0
1777734674192,166,高级筛选搜索,200,,常规接口测试-50并发 1-12,text,true,,5782,232,16,20,http://localhost:8080/api/post/list/filter?category=运动健身&pageNum=1&pageSize=10,164,0,1
1777734674346,17,关键词搜索,400,,常规接口测试-50并发 1-13,text,false,,332,183,16,20,http://localhost:8080/api/search/keyword?q=篮球,15,0,0
1777734674230,155,高级筛选搜索,200,,常规接口测试-50并发 1-9,text,true,,5782,232,16,20,http://localhost:8080/api/post/list/filter?category=运动健身&pageNum=1&pageSize=10,155,0,1
1777734674359,37,用户注册,200,,常规接口测试-50并发 1-12,text,true,,721,253,16,20,http://localhost:8080/api/auth/register,35,0,0
1777734674396,20,用户登录,200,,常规接口测试-50并发 1-12,text,true,,319,218,16,20,http://localhost:8080/api/auth/login,18,0,0
1777734674386,39,用户注册,200,,常规接口测试-50并发 1-9,text,true,,723,253,16,20,http://localhost:8080/api/auth/register,38,0,0
1777734674426,18,用户登录,200,,常规接口测试-50并发 1-9,text,true,,319,218,17,21,http://localhost:8080/api/auth/login,18,0,0
1777734674432,43,用户注册,200,,常规接口测试-50并发 1-17,text,true,,723,253,17,21,http://localhost:8080/api/auth/register,43,0,1
1777734674335,173,高级筛选搜索,200,,常规接口测试-50并发 1-7,text,true,,5782,232,17,21,http://localhost:8080/api/post/list/filter?category=运动健身&pageNum=1&pageSize=10,167,0,1
1777734673831,680,获取帖子列表,200,,常规接口测试-50并发 1-10,text,true,,5517,179,17,21,http://localhost:8080/api/post/list?pageNum=1&pageSize=10,680,0,0
1777734674475,37,用户登录,200,,常规接口测试-50并发 1-17,text,true,,319,218,17,21,http://localhost:8080/api/auth/login,36,0,0
1777734674363,167,高级筛选搜索,200,,常规接口测试-50并发 1-13,text,true,,5782,232,17,21,http://localhost:8080/api/post/list/filter?category=运动健身&pageNum=1&pageSize=10,165,0,1
1777734674511,31,关键词搜索,400,,常规接口测试-50并发 1-10,text,false,,332,183,17,21,http://localhost:8080/api/search/keyword?q=篮球,28,0,0
1777734674509,36,用户注册,200,,常规接口测试-50并发 1-7,text,true,,723,253,17,21,http://localhost:8080/api/auth/register,36,0,0
1777734674530,45,用户注册,200,,常规接口测试-50并发 1-13,text,true,,722,252,17,21,http://localhost:8080/api/auth/register,42,0,0
1777734674545,32,用户登录,200,,常规接口测试-50并发 1-7,text,true,,319,218,17,21,http://localhost:8080/api/auth/login,30,0,0
1777734674575,25,用户登录,200,,常规接口测试-50并发 1-13,text,true,,319,218,17,21,http://localhost:8080/api/auth/login,24,0,0
1777734673896,719,获取帖子列表,200,,常规接口测试-50并发 1-14,text,true,,5517,179,17,21,http://localhost:8080/api/post/list?pageNum=1&pageSize=10,718,0,0
1777734674615,15,关键词搜索,400,,常规接口测试-50并发 1-14,text,false,,332,183,17,21,http://localhost:8080/api/search/keyword?q=篮球,13,0,0
1777734674632,35,用户注册,200,,常规接口测试-50并发 1-18,text,true,,722,253,18,22,http://localhost:8080/api/auth/register,34,0,1
1777734674668,24,用户登录,200,,常规接口测试-50并发 1-18,text,true,,319,218,18,22,http://localhost:8080/api/auth/login,23,0,0
1777734674542,178,高级筛选搜索,200,,常规接口测试-50并发 1-10,text,true,,5782,232,18,22,http://localhost:8080/api/post/list/filter?category=运动健身&pageNum=1&pageSize=10,175,0,2
1777734674721,47,用户注册,200,,常规接口测试-50并发 1-10,text,true,,723,253,18,22,http://localhost:8080/api/auth/register,46,0,0
1777734674768,24,用户登录,200,,常规接口测试-50并发 1-10,text,true,,319,218,18,22,http://localhost:8080/api/auth/login,23,0,0
1777734674630,184,高级筛选搜索,200,,常规接口测试-50并发 1-14,text,true,,5782,232,18,22,http://localhost:8080/api/post/list/filter?category=运动健身&pageNum=1&pageSize=10,182,0,1
1777734674815,66,用户注册,200,,常规接口测试-50并发 1-14,text,true,,722,252,19,23,http://localhost:8080/api/auth/register,65,0,0
1777734674833,62,用户注册,200,,常规接口测试-50并发 1-19,text,true,,723,253,19,23,http://localhost:8080/api/auth/register,62,0,1
1777734674882,35,用户登录,200,,常规接口测试-50并发 1-14,text,true,,319,218,19,23,http://localhost:8080/api/auth/login,33,0,0
1777734674896,41,用户登录,200,,常规接口测试-50并发 1-19,text,true,,319,218,19,23,http://localhost:8080/api/auth/login,40,0,0
1777734674082,913,获取帖子列表,200,,常规接口测试-50并发 1-4,text,true,,5517,179,19,23,http://localhost:8080/api/post/list?pageNum=1&pageSize=10,910,0,0
1777734674122,882,获取帖子列表,200,,常规接口测试-50并发 1-3,text,true,,5517,179,19,23,http://localhost:8080/api/post/list?pageNum=1&pageSize=10,879,0,0
1777734674995,28,关键词搜索,400,,常规接口测试-50并发 1-4,text,false,,332,183,19,23,http://localhost:8080/api/search/keyword?q=篮球,26,0,0
1777734675005,30,关键词搜索,400,,常规接口测试-50并发 1-3,text,false,,332,183,20,24,http://localhost:8080/api/search/keyword?q=篮球,25,0,0
1777734674141,916,获取帖子列表,200,,常规接口测试-50并发 1-2,text,true,,5517,179,20,24,http://localhost:8080/api/post/list?pageNum=1&pageSize=10,915,0,0
1777734674135,946,获取帖子列表,200,,常规接口测试-50并发 1-5,text,true,,5517,179,20,24,http://localhost:8080/api/post/list?pageNum=1&pageSize=10,943,0,0
1777734674160,932,获取帖子列表,200,,常规接口测试-50并发 1-1,text,true,,5517,179,20,24,http://localhost:8080/api/post/list?pageNum=1&pageSize=10,926,0,0
1777734675033,71,用户注册,200,,常规接口测试-50并发 1-20,text,true,,723,253,20,24,http://localhost:8080/api/auth/register,66,0,1
1777734675058,64,关键词搜索,400,,常规接口测试-50并发 1-2,text,false,,332,183,20,24,http://localhost:8080/api/search/keyword?q=篮球,57,0,0
1777734675083,59,关键词搜索,400,,常规接口测试-50并发 1-5,text,false,,332,183,20,24,http://localhost:8080/api/search/keyword?q=篮球,54,0,0
1777734675093,50,关键词搜索,400,,常规接口测试-50并发 1-1,text,false,,332,183,20,24,http://localhost:8080/api/search/keyword?q=篮球,44,0,0
1777734675104,55,用户登录,200,,常规接口测试-50并发 1-20,text,true,,319,218,20,24,http://localhost:8080/api/auth/login,49,0,0
1777734674197,978,获取帖子列表,200,,常规接口测试-50并发 1-15,text,true,,5517,179,20,24,http://localhost:8080/api/post/list?pageNum=1&pageSize=10,974,0,0
1777734675175,21,关键词搜索,400,,常规接口测试-50并发 1-15,text,false,,332,183,20,24,http://localhost:8080/api/search/keyword?q=篮球,20,0,0
1777734675024,196,高级筛选搜索,200,,常规接口测试-50并发 1-4,text,true,,5782,232,20,24,http://localhost:8080/api/post/list/filter?category=运动健身&pageNum=1&pageSize=10,192,0,1
1777734674270,968,获取帖子列表,200,,常规接口测试-50并发 1-6,text,true,,5517,179,21,25,http://localhost:8080/api/post/list?pageNum=1&pageSize=10,965,0,0
1777734675035,227,高级筛选搜索,200,,常规接口测试-50并发 1-3,text,true,,5782,232,21,26,http://localhost:8080/api/post/list/filter?category=运动健身&pageNum=1&pageSize=10,222,0,1
1777734674297,973,获取帖子列表,200,,常规接口测试-50并发 1-11,text,true,,5517,179,21,26,http://localhost:8080/api/post/list?pageNum=1&pageSize=10,968,0,0
1777734675220,63,用户注册,200,,常规接口测试-50并发 1-4,text,true,,721,253,21,26,http://localhost:8080/api/auth/register,55,0,0
1777734675239,58,关键词搜索,400,,常规接口测试-50并发 1-6,text,false,,332,183,21,26,http://localhost:8080/api/search/keyword?q=篮球,49,0,0
1777734675232,67,用户注册,200,,常规接口测试-50并发 1-21,text,true,,723,253,21,26,http://localhost:8080/api/auth/register,59,0,1
1777734674327,993,获取帖子列表,200,,常规接口测试-50并发 1-16,text,true,,5517,179,21,26,http://localhost:8080/api/post/list?pageNum=1&pageSize=10,980,0,0
1777734674292,1048,获取帖子列表,200,,常规接口测试-50并发 1-8,text,true,,5517,179,21,26,http://localhost:8080/api/post/list?pageNum=1&pageSize=10,1033,0,0
1777734675122,231,高级筛选搜索,200,,常规接口测试-50并发 1-2,text,true,,5782,232,21,26,http://localhost:8080/api/post/list/filter?category=运动健身&pageNum=1&pageSize=10,217,0,1
1777734675262,108,用户注册,200,,常规接口测试-50并发 1-3,text,true,,723,253,21,26,http://localhost:8080/api/auth/register,91,0,0
1777734675270,105,关键词搜索,400,,常规接口测试-50并发 1-11,text,false,,332,183,21,26,http://localhost:8080/api/search/keyword?q=篮球,91,0,0
1777734675143,233,高级筛选搜索,200,,常规接口测试-50并发 1-1,text,true,,5782,232,21,26,http://localhost:8080/api/post/list/filter?category=运动健身&pageNum=1&pageSize=10,220,0,1
1777734675142,246,高级筛选搜索,200,,常规接口测试-50并发 1-5,text,true,,5782,232,21,26,http://localhost:8080/api/post/list/filter?category=运动健身&pageNum=1&pageSize=10,232,0,2
1777734675196,194,高级筛选搜索,200,,常规接口测试-50并发 1-15,text,true,,5782,232,21,26,http://localhost:8080/api/post/list/filter?category=运动健身&pageNum=1&pageSize=10,183,0,1
1777734675284,108,用户登录,200,,常规接口测试-50并发 1-4,text,true,,319,218,21,26,http://localhost:8080/api/auth/login,97,0,0
1777734675300,114,用户登录,200,,常规接口测试-50并发 1-21,text,true,,319,218,21,26,http://localhost:8080/api/auth/login,98,0,0
1777734674445,976,获取帖子列表,200,,常规接口测试-50并发 1-9,text,true,,5517,179,21,26,http://localhost:8080/api/post/list?pageNum=1&pageSize=10,968,0,0
1777734674416,1007,获取帖子列表,200,,常规接口测试-50并发 1-12,text,true,,5517,179,21,26,http://localhost:8080/api/post/list?pageNum=1&pageSize=10,999,0,0
1777734675320,123,关键词搜索,400,,常规接口测试-50并发 1-16,text,false,,332,183,22,27,http://localhost:8080/api/search/keyword?q=篮球,115,0,0
1777734675341,116,关键词搜索,400,,常规接口测试-50并发 1-8,text,false,,332,183,22,27,http://localhost:8080/api/search/keyword?q=篮球,104,0,0
1777734675354,105,用户注册,200,,常规接口测试-50并发 1-2,text,true,,723,253,22,27,http://localhost:8080/api/auth/register,93,0,0
1777734675370,92,用户登录,200,,常规接口测试-50并发 1-3,text,true,,319,218,22,27,http://localhost:8080/api/auth/login,80,0,0
1777734674513,957,获取帖子列表,200,,常规接口测试-50并发 1-17,text,true,,5517,179,22,27,http://localhost:8080/api/post/list?pageNum=1&pageSize=10,948,0,0
1777734675376,100,用户注册,200,,常规接口测试-50并发 1-1,text,true,,723,253,22,27,http://localhost:8080/api/auth/register,91,0,0
1777734675389,93,用户注册,200,,常规接口测试-50并发 1-5,text,true,,723,253,22,27,http://localhost:8080/api/auth/register,84,0,0
1777734675391,99,用户注册,200,,常规接口测试-50并发 1-15,text,true,,723,253,22,27,http://localhost:8080/api/auth/register,89,0,0
1777734675298,194,高级筛选搜索,200,,常规接口测试-50并发 1-6,text,true,,5782,232,22,27,http://localhost:8080/api/post/list/filter?category=运动健身&pageNum=1&pageSize=10,185,0,1
1777734674578,930,获取帖子列表,200,,常规接口测试-50并发 1-7,text,true,,5517,179,22,27,http://localhost:8080/api/post/list?pageNum=1&pageSize=10,919,0,0
1777734675421,110,关键词搜索,400,,常规接口测试-50并发 1-9,text,false,,332,183,22,27,http://localhost:8080/api/search/keyword?q=篮球,89,0,0
1777734675424,117,关键词搜索,400,,常规接口测试-50并发 1-12,text,false,,332,183,22,27,http://localhost:8080/api/search/keyword?q=篮球,102,0,0
1777734675431,115,用户注册,200,,常规接口测试-50并发 1-22,text,true,,723,253,22,27,http://localhost:8080/api/auth/register,104,0,0
1777734674601,949,获取帖子列表,200,,常规接口测试-50并发 1-13,text,true,,5517,179,22,27,http://localhost:8080/api/post/list?pageNum=1&pageSize=10,940,0,0
1777734675460,106,用户登录,200,,常规接口测试-50并发 1-2,text,true,,319,218,22,27,http://localhost:8080/api/auth/login,92,0,0
1777734675375,201,高级筛选搜索,200,,常规接口测试-50并发 1-11,text,true,,5782,232,22,27,http://localhost:8080/api/post/list/filter?category=运动健身&pageNum=1&pageSize=10,187,0,1
1777734675476,119,用户登录,200,,常规接口测试-50并发 1-1,text,true,,319,218,22,27,http://localhost:8080/api/auth/login,101,0,0
1777734674692,912,获取帖子列表,200,,常规接口测试-50并发 1-18,text,true,,5517,179,22,27,http://localhost:8080/api/post/list?pageNum=1&pageSize=10,894,0,0
1777734675470,136,关键词搜索,400,,常规接口测试-50并发 1-17,text,false,,332,183,22,27,http://localhost:8080/api/search/keyword?q=篮球,118,0,0
1777734675483,131,用户登录,200,,常规接口测试-50并发 1-5,text,true,,319,218,22,27,http://localhost:8080/api/auth/login,107,0,0
1777734675491,135,用户登录,200,,常规接口测试-50并发 1-15,text,true,,319,218,22,27,http://localhost:8080/api/auth/login,113,0,0
1777734675492,142,用户注册,200,,常规接口测试-50并发 1-6,text,true,,723,253,23,28,http://localhost:8080/api/auth/register,127,0,0
1777734675508,149,关键词搜索,400,,常规接口测试-50并发 1-7,text,false,,332,183,23,28,http://localhost:8080/api/search/keyword?q=篮球,129,0,0
1777734675443,217,高级筛选搜索,200,,常规接口测试-50并发 1-16,text,true,,5782,232,23,28,http://localhost:8080/api/post/list/filter?category=运动健身&pageNum=1&pageSize=10,200,0,1
1777734675457,214,高级筛选搜索,200,,常规接口测试-50并发 1-8,text,true,,5782,232,23,28,http://localhost:8080/api/post/list/filter?category=运动健身&pageNum=1&pageSize=10,203,0,1
1777734674792,887,获取帖子列表,200,,常规接口测试-50并发 1-10,text,true,,5517,179,23,28,http://localhost:8080/api/post/list?pageNum=1&pageSize=10,871,0,0
1777734675546,136,用户登录,200,,常规接口测试-50并发 1-22,text,true,,319,218,23,28,http://localhost:8080/api/auth/login,118,0,0
1777734675550,145,关键词搜索,400,,常规接口测试-50并发 1-13,text,false,,332,183,23,28,http://localhost:8080/api/search/keyword?q=篮球,127,0,0
1777734675576,141,用户注册,200,,常规接口测试-50并发 1-11,text,true,,723,253,23,28,http://localhost:8080/api/auth/register,132,0,0
1777734674938,784,获取帖子列表,200,,常规接口测试-50并发 1-19,text,true,,5517,179,23,28,http://localhost:8080/api/post/list?pageNum=1&pageSize=10,774,0,0
1777734674918,814,获取帖子列表,200,,常规接口测试-50并发 1-14,text,true,,5517,179,23,28,http://localhost:8080/api/post/list?pageNum=1&pageSize=10,802,0,0
1777734675531,203,高级筛选搜索,200,,常规接口测试-50并发 1-9,text,true,,5782,232,23,28,http://localhost:8080/api/post/list/filter?category=运动健身&pageNum=1&pageSize=10,191,0,1
1777734675632,106,用户注册,200,,常规接口测试-50并发 1-23,text,true,,723,253,23,28,http://localhost:8080/api/auth/register,95,0,1
1777734675542,200,高级筛选搜索,200,,常规接口测试-50并发 1-12,text,true,,5782,232,23,28,http://localhost:8080/api/post/list/filter?category=运动健身&pageNum=1&pageSize=10,190,0,1
1777734675604,142,关键词搜索,400,,常规接口测试-50并发 1-18,text,false,,332,183,23,28,http://localhost:8080/api/search/keyword?q=篮球,133,0,0
1777734675635,112,用户登录,200,,常规接口测试-50并发 1-6,text,true,,319,218,23,28,http://localhost:8080/api/auth/login,103,0,0
1777734675661,161,用户注册,200,,常规接口测试-50并发 1-16,text,true,,722,252,23,28,http://localhost:8080/api/auth/register,150,0,0
1777734675671,186,用户注册,200,,常规接口测试-50并发 1-8,text,true,,721,253,24,29,http://localhost:8080/api/auth/register,148,0,0
1777734675679,192,关键词搜索,400,,常规接口测试-50并发 1-10,text,false,,332,183,24,29,http://localhost:8080/api/search/keyword?q=篮球,165,0,0
1777734675717,173,用户登录,200,,常规接口测试-50并发 1-11,text,true,,319,218,24,29,http://localhost:8080/api/auth/login,172,0,0
1777734675607,289,高级筛选搜索,200,,常规接口测试-50并发 1-17,text,true,,5782,232,24,29,http://localhost:8080/api/post/list/filter?category=运动健身&pageNum=1&pageSize=10,278,0,2
1777734675734,179,用户注册,200,,常规接口测试-50并发 1-9,text,true,,723,253,24,29,http://localhost:8080/api/auth/register,167,0,0
1777734675739,181,用户登录,200,,常规接口测试-50并发 1-23,text,true,,319,218,24,29,http://localhost:8080/api/auth/login,169,0,0
1777734675722,198,关键词搜索,400,,常规接口测试-50并发 1-19,text,false,,332,183,24,29,http://localhost:8080/api/search/keyword?q=篮球,188,0,0
1777734675743,184,用户注册,200,,常规接口测试-50并发 1-12,text,true,,723,253,24,29,http://localhost:8080/api/auth/register,172,0,0
1777734675159,768,获取帖子列表,200,,常规接口测试-50并发 1-20,text,true,,5517,179,24,29,http://localhost:8080/api/post/list?pageNum=1&pageSize=10,758,0,0
1777734675733,197,关键词搜索,400,,常规接口测试-50并发 1-14,text,false,,332,183,24,29,http://localhost:8080/api/search/keyword?q=篮球,185,0,0
1777734675658,273,高级筛选搜索,200,,常规接口测试-50并发 1-7,text,true,,5782,232,24,29,http://localhost:8080/api/post/list/filter?category=运动健身&pageNum=1&pageSize=10,261,0,1
1777734675822,131,用户登录,200,,常规接口测试-50并发 1-16,text,true,,319,218,24,29,http://localhost:8080/api/auth/login,129,0,0
1777734675695,266,高级筛选搜索,200,,常规接口测试-50并发 1-13,text,true,,5782,232,24,29,http://localhost:8080/api/post/list/filter?category=运动健身&pageNum=1&pageSize=10,252,0,1
1777734675858,117,用户登录,200,,常规接口测试-50并发 1-8,text,true,,319,218,24,29,http://localhost:8080/api/auth/login,106,0,0
1777734675837,144,用户注册,200,,常规接口测试-50并发 1-24,text,true,,723,253,24,29,http://localhost:8080/api/auth/register,134,0,7
1777734675897,108,用户注册,200,,常规接口测试-50并发 1-17,text,true,,723,253,24,29,http://localhost:8080/api/auth/register,98,0,0
1777734675913,96,用户登录,200,,常规接口测试-50并发 1-9,text,true,,319,218,24,29,http://localhost:8080/api/auth/login,86,0,0
1777734675747,268,高级筛选搜索,200,,常规接口测试-50并发 1-18,text,true,,5782,232,24,29,http://localhost:8080/api/post/list/filter?category=运动健身&pageNum=1&pageSize=10,259,0,1
1777734675927,93,用户登录,200,,常规接口测试-50并发 1-12,text,true,,319,218,24,29,http://localhost:8080/api/auth/login,84,0,0
1777734675927,104,关键词搜索,400,,常规接口测试-50并发 1-20,text,false,,332,183,24,29,http://localhost:8080/api/search/keyword?q=篮球,96,0,0
1777734675931,105,用户注册,200,,常规接口测试-50并发 1-7,text,true,,723,253,25,30,http://localhost:8080/api/auth/register,96,0,0
1777734675961,106,用户注册,200,,常规接口测试-50并发 1-13,text,true,,723,253,25,30,http://localhost:8080/api/auth/register,96,0,0
1777734675981,91,用户登录,200,,常规接口测试-50并发 1-24,text,true,,319,218,25,30,http://localhost:8080/api/auth/login,82,0,0
1777734676006,83,用户登录,200,,常规接口测试-50并发 1-17,text,true,,319,218,25,30,http://localhost:8080/api/auth/login,75,0,0
1777734675871,224,高级筛选搜索,200,,常规接口测试-50并发 1-10,text,true,,5782,232,25,30,http://localhost:8080/api/post/list/filter?category=运动健身&pageNum=1&pageSize=10,216,0,1
1777734676016,96,用户注册,200,,常规接口测试-50并发 1-18,text,true,,723,253,25,30,http://localhost:8080/api/auth/register,87,0,0
1777734676036,87,用户登录,200,,常规接口测试-50并发 1-7,text,true,,319,218,25,30,http://localhost:8080/api/auth/login,79,0,0
1777734676032,115,用户注册,200,,常规接口测试-50并发 1-25,text,true,,723,253,25,30,http://localhost:8080/api/auth/register,97,0,0
1777734676067,98,用户登录,200,,常规接口测试-50并发 1-13,text,true,,319,218,25,30,http://localhost:8080/api/auth/login,83,0,0
1777734675920,253,高级筛选搜索,200,,常规接口测试-50并发 1-19,text,true,,5782,232,25,30,http://localhost:8080/api/post/list/filter?category=运动健身&pageNum=1&pageSize=10,242,0,1
1777734675930,257,高级筛选搜索,200,,常规接口测试-50并发 1-14,text,true,,5782,232,25,30,http://localhost:8080/api/post/list/filter?category=运动健身&pageNum=1&pageSize=10,246,0,1
1777734675393,810,获取帖子列表,200,,常规接口测试-50并发 1-4,text,true,,5517,179,25,30,http://localhost:8080/api/post/list?pageNum=1&pageSize=10,799,0,0
1777734676095,113,用户注册,200,,常规接口测试-50并发 1-10,text,true,,723,253,25,30,http://localhost:8080/api/auth/register,100,0,0
1777734675414,802,获取帖子列表,200,,常规接口测试-50并发 1-21,text,true,,5517,179,25,30,http://localhost:8080/api/post/list?pageNum=1&pageSize=10,791,0,0
1777734676112,112,用户登录,200,,常规接口测试-50并发 1-18,text,true,,319,218,25,30,http://localhost:8080/api/auth/login,99,0,0
1777734676147,112,用户登录,200,,常规接口测试-50并发 1-25,text,true,,319,218,26,31,http://localhost:8080/api/auth/login,100,0,0
1777734675462,803,获取帖子列表,200,,常规接口测试-50并发 1-3,text,true,,5517,179,26,31,http://localhost:8080/api/post/list?pageNum=1&pageSize=10,792,0,0
1777734676031,236,高级筛选搜索,200,,常规接口测试-50并发 1-20,text,true,,5782,232,26,31,http://localhost:8080/api/post/list/filter?category=运动健身&pageNum=1&pageSize=10,226,0,1
1777734676188,111,用户注册,200,,常规接口测试-50并发 1-14,text,true,,723,253,26,31,http://localhost:8080/api/auth/register,96,0,0
1777734676174,131,用户注册,200,,常规接口测试-50并发 1-19,text,true,,723,253,26,31,http://localhost:8080/api/auth/register,112,0,0
1777734676208,122,用户登录,200,,常规接口测试-50并发 1-10,text,true,,319,218,26,31,http://localhost:8080/api/auth/login,106,0,0
1777734676204,134,关键词搜索,400,,常规接口测试-50并发 1-4,text,false,,332,183,26,31,http://localhost:8080/api/search/keyword?q=篮球,118,0,0
1777734676216,139,关键词搜索,400,,常规接口测试-50并发 1-21,text,false,,332,183,26,31,http://localhost:8080/api/search/keyword?q=篮球,127,0,0
1777734676232,138,用户注册,200,,常规接口测试-50并发 1-26,text,true,,721,253,26,31,http://localhost:8080/api/auth/register,124,0,1
1777734676266,144,关键词搜索,400,,常规接口测试-50并发 1-3,text,false,,332,183,26,31,http://localhost:8080/api/search/keyword?q=篮球,134,0,0
1777734676267,149,用户注册,200,,常规接口测试-50并发 1-20,text,true,,723,253,26,31,http://localhost:8080/api/auth/register,139,0,0
1777734676299,117,用户登录,200,,常规接口测试-50并发 1-14,text,true,,319,218,26,31,http://localhost:8080/api/auth/login,112,0,0
1777734676305,115,用户登录,200,,常规接口测试-50并发 1-19,text,true,,319,218,26,31,http://localhost:8080/api/auth/login,108,0,0
1777734676370,96,用户登录,200,,常规接口测试-50并发 1-26,text,true,,319,218,27,32,http://localhost:8080/api/auth/login,88,0,0
1777734675567,914,获取帖子列表,200,,常规接口测试-50并发 1-2,text,true,,5517,179,27,32,http://localhost:8080/api/post/list?pageNum=1&pageSize=10,908,0,0
1777734676415,74,用户登录,200,,常规接口测试-50并发 1-20,text,true,,319,218,27,32,http://localhost:8080/api/auth/login,67,0,0
1777734675595,938,获取帖子列表,200,,常规接口测试-50并发 1-1,text,true,,5517,179,27,32,http://localhost:8080/api/post/list?pageNum=1&pageSize=10,924,0,0
1777734676430,110,用户注册,200,,常规接口测试-50并发 1-27,text,true,,723,253,27,32,http://localhost:8080/api/auth/register,106,0,1
1777734676481,80,关键词搜索,400,,常规接口测试-50并发 1-2,text,false,,332,183,27,32,http://localhost:8080/api/search/keyword?q=篮球,68,0,0
1777734676337,361,高级筛选搜索,200,,常规接口测试-50并发 1-4,text,true,,5782,232,28,33,http://localhost:8080/api/post/list/filter?category=运动健身&pageNum=1&pageSize=10,340,0,1
1777734676540,161,用户登录,200,,常规接口测试-50并发 1-27,text,true,,319,218,28,33,http://localhost:8080/api/auth/login,146,0,0
1777734676532,169,关键词搜索,400,,常规接口测试-50并发 1-1,text,false,,332,183,28,33,http://localhost:8080/api/search/keyword?q=篮球,151,0,0
1777734675615,1094,获取帖子列表,200,,常规接口测试-50并发 1-5,text,true,,5517,179,28,33,http://localhost:8080/api/post/list?pageNum=1&pageSize=10,1081,0,0
1777734676355,371,高级筛选搜索,200,,常规接口测试-50并发 1-21,text,true,,5782,232,28,33,http://localhost:8080/api/post/list/filter?category=运动健身&pageNum=1&pageSize=10,354,0,1
1777734675626,1109,获取帖子列表,200,,常规接口测试-50并发 1-15,text,true,,5517,179,28,33,http://localhost:8080/api/post/list?pageNum=1&pageSize=10,1097,0,0
1777734676409,377,高级筛选搜索,200,,常规接口测试-50并发 1-3,text,true,,5782,232,28,33,http://localhost:8080/api/post/list/filter?category=运动健身&pageNum=1&pageSize=10,364,0,1
1777734675682,1123,获取帖子列表,200,,常规接口测试-50并发 1-22,text,true,,5517,179,28,33,http://localhost:8080/api/post/list?pageNum=1&pageSize=10,1109,0,0
1777734676637,169,用户注册,200,,常规接口测试-50并发 1-28,text,true,,723,253,28,33,http://localhost:8080/api/auth/register,155,0,1
1777734676698,138,用户注册,200,,常规接口测试-50并发 1-4,text,true,,723,253,29,34,http://localhost:8080/api/auth/register,127,0,0
1777734676708,143,关键词搜索,400,,常规接口测试-50并发 1-5,text,false,,332,183,29,34,http://localhost:8080/api/search/keyword?q=篮球,128,0,0
1777734676727,141,用户注册,200,,常规接口测试-50并发 1-21,text,true,,723,253,29,34,http://localhost:8080/api/auth/register,127,0,0
1777734676734,138,关键词搜索,400,,常规接口测试-50并发 1-15,text,false,,332,183,29,34,http://localhost:8080/api/search/keyword?q=篮球,127,0,0
1777734676786,141,用户注册,200,,常规接口测试-50并发 1-3,text,true,,724,253,29,34,http://localhost:8080/api/auth/register,127,0,0
1777734676562,365,高级筛选搜索,200,,常规接口测试-50并发 1-2,text,true,,5782,232,29,34,http://localhost:8080/api/post/list/filter?category=运动健身&pageNum=1&pageSize=10,352,0,1
1777734676806,133,用户登录,200,,常规接口测试-50并发 1-28,text,true,,319,218,29,34,http://localhost:8080/api/auth/login,115,0,0
1777734676804,143,关键词搜索,400,,常规接口测试-50并发 1-22,text,false,,332,183,29,34,http://localhost:8080/api/search/keyword?q=篮球,128,0,0
1777734676831,131,用户注册,200,,常规接口测试-50并发 1-29,text,true,,724,253,29,34,http://localhost:8080/api/auth/register,116,0,1
1777734676837,129,用户登录,200,,常规接口测试-50并发 1-4,text,true,,319,218,29,34,http://localhost:8080/api/auth/login,114,0,0
1777734675748,1222,获取帖子列表,200,,常规接口测试-50并发 1-6,text,true,,5517,179,29,34,http://localhost:8080/api/post/list?pageNum=1&pageSize=10,1204,0,0
1777734676869,160,用户登录,200,,常规接口测试-50并发 1-21,text,true,,319,218,29,34,http://localhost:8080/api/auth/login,131,0,0
1777734676701,384,高级筛选搜索,200,,常规接口测试-50并发 1-1,text,true,,5782,232,30,35,http://localhost:8080/api/post/list/filter?category=运动健身&pageNum=1&pageSize=10,366,0,1
1777734676927,181,用户登录,200,,常规接口测试-50并发 1-3,text,true,,319,218,30,35,http://localhost:8080/api/auth/login,155,0,0
1777734675890,1237,获取帖子列表,200,,常规接口测试-50并发 1-11,text,true,,5517,179,30,35,http://localhost:8080/api/post/list?pageNum=1&pageSize=10,1207,0,0
1777734676927,208,用户注册,200,,常规接口测试-50并发 1-2,text,true,,724,253,30,35,http://localhost:8080/api/auth/register,178,0,0
1777734676962,210,用户登录,200,,常规接口测试-50并发 1-29,text,true,,319,218,30,35,http://localhost:8080/api/auth/login,191,0,0
1777734676852,323,高级筛选搜索,200,,常规接口测试-50并发 1-5,text,true,,5782,232,30,35,http://localhost:8080/api/post/list/filter?category=运动健身&pageNum=1&pageSize=10,304,0,0
1777734675953,1248,获取帖子列表,200,,常规接口测试-50并发 1-16,text,true,,5517,179,30,35,http://localhost:8080/api/post/list?pageNum=1&pageSize=10,1221,0,0
1777734675920,1301,获取帖子列表,200,,常规接口测试-50并发 1-23,text,true,,5517,179,30,35,http://localhost:8080/api/post/list?pageNum=1&pageSize=10,1271,0,0
1777734675975,1249,获取帖子列表,200,,常规接口测试-50并发 1-8,text,true,,5517,179,30,35,http://localhost:8080/api/post/list?pageNum=1&pageSize=10,1217,0,0
1777734676970,254,关键词搜索,400,,常规接口测试-50并发 1-6,text,false,,332,183,30,35,http://localhost:8080/api/search/keyword?q=篮球,225,0,0
1777734676873,389,高级筛选搜索,200,,常规接口测试-50并发 1-15,text,true,,5782,232,31,36,http://localhost:8080/api/post/list/filter?category=运动健身&pageNum=1&pageSize=10,342,0,0
1777734676009,1260,获取帖子列表,200,,常规接口测试-50并发 1-9,text,true,,5517,179,31,36,http://localhost:8080/api/post/list?pageNum=1&pageSize=10,1220,0,0
1777734677030,249,用户注册,200,,常规接口测试-50并发 1-30,text,true,,720,251,31,36,http://localhost:8080/api/auth/register,221,0,1
1777734676021,1261,获取帖子列表,200,,常规接口测试-50并发 1-12,text,true,,5517,179,31,36,http://localhost:8080/api/post/list?pageNum=1&pageSize=10,1243,0,0
1777734676073,1253,获取帖子列表,200,,常规接口测试-50并发 1-24,text,true,,5517,179,31,36,http://localhost:8080/api/post/list?pageNum=1&pageSize=10,1230,0,0
1777734677085,251,用户注册,200,,常规接口测试-50并发 1-1,text,true,,724,253,31,36,http://localhost:8080/api/auth/register,230,0,0
1777734676947,397,高级筛选搜索,200,,常规接口测试-50并发 1-22,text,true,,5782,232,31,36,http://localhost:8080/api/post/list/filter?category=运动健身&pageNum=1&pageSize=10,376,0,1
1777734677135,246,用户登录,200,,常规接口测试-50并发 1-2,text,true,,319,218,31,36,http://localhost:8080/api/auth/login,209,0,0
1777734676090,1324,获取帖子列表,200,,常规接口测试-50并发 1-17,text,true,,5517,179,31,36,http://localhost:8080/api/post/list?pageNum=1&pageSize=10,1281,0,0
1777734677127,289,关键词搜索,400,,常规接口测试-50并发 1-11,text,false,,332,183,31,36,http://localhost:8080/api/search/keyword?q=篮球,246,0,0
1777734676123,1324,获取帖子列表,200,,常规接口测试-50并发 1-7,text,true,,5517,179,32,37,http://localhost:8080/api/post/list?pageNum=1&pageSize=10,1294,0,0
1777734677175,281,用户注册,200,,常规接口测试-50并发 1-5,text,true,,724,253,32,37,http://localhost:8080/api/auth/register,257,0,0
1777734677231,263,用户注册,200,,常规接口测试-50并发 1-31,text,true,,724,253,32,37,http://localhost:8080/api/auth/register,233,0,1
1777734677201,304,关键词搜索,400,,常规接口测试-50并发 1-16,text,false,,332,183,32,37,http://localhost:8080/api/search/keyword?q=篮球,273,0,0
1777734677263,243,用户注册,200,,常规接口测试-50并发 1-15,text,true,,724,253,32,37,http://localhost:8080/api/auth/register,212,0,0
1777734677279,237,用户登录,200,,常规接口测试-50并发 1-30,text,true,,319,218,32,37,http://localhost:8080/api/auth/login,208,0,0
1777734676165,1354,获取帖子列表,200,,常规接口测试-50并发 1-13,text,true,,5517,179,32,37,http://localhost:8080/api/post/list?pageNum=1&pageSize=10,1326,0,0
1777734677220,302,关键词搜索,400,,常规接口测试-50并发 1-23,text,false,,332,183,32,37,http://localhost:8080/api/search/keyword?q=篮球,273,0,0
1777734677224,301,关键词搜索,400,,常规接口测试-50并发 1-8,text,false,,332,183,32,37,http://localhost:8080/api/search/keyword?q=篮球,272,0,0
1777734677268,279,关键词搜索,400,,常规接口测试-50并发 1-9,text,false,,332,183,32,37,http://localhost:8080/api/search/keyword?q=篮球,259,0,0
1777734676225,1329,获取帖子列表,200,,常规接口测试-50并发 1-18,text,true,,5517,179,32,37,http://localhost:8080/api/post/list?pageNum=1&pageSize=10,1312,0,0
1777734677282,275,关键词搜索,400,,常规接口测试-50并发 1-12,text,false,,332,183,32,37,http://localhost:8080/api/search/keyword?q=篮球,257,0,0
1777734677337,237,用户登录,200,,常规接口测试-50并发 1-1,text,true,,319,218,32,37,http://localhost:8080/api/auth/login,215,0,0
1777734677224,363,高级筛选搜索,200,,常规接口测试-50并发 1-6,text,true,,5782,232,32,37,http://localhost:8080/api/post/list/filter?category=运动健身&pageNum=1&pageSize=10,340,0,1
1777734676330,1259,获取帖子列表,200,,常规接口测试-50并发 1-10,text,true,,5517,179,32,37,http://localhost:8080/api/post/list?pageNum=1&pageSize=10,1235,0,0
1777734677345,246,用户注册,200,,常规接口测试-50并发 1-22,text,true,,724,253,32,37,http://localhost:8080/api/auth/register,224,0,0
1777734676259,1336,获取帖子列表,200,,常规接口测试-50并发 1-25,text,true,,5517,179,32,37,http://localhost:8080/api/post/list?pageNum=1&pageSize=10,1312,0,0
1777734677325,281,关键词搜索,400,,常规接口测试-50并发 1-24,text,false,,332,183,32,37,http://localhost:8080/api/search/keyword?q=篮球,254,0,0
1777734676420,1224,获取帖子列表,200,,常规接口测试-50并发 1-19,text,true,,5517,179,33,38,http://localhost:8080/api/post/list?pageNum=1&pageSize=10,1197,0,0
1777734677430,230,用户注册,200,,常规接口测试-50并发 1-32,text,true,,722,253,33,38,http://localhost:8080/api/auth/register,209,0,1
1777734676416,1246,获取帖子列表,200,,常规接口测试-50并发 1-14,text,true,,5517,179,33,38,http://localhost:8080/api/post/list?pageNum=1&pageSize=10,1225,0,0
1777734677457,212,用户登录,200,,常规接口测试-50并发 1-5,text,true,,319,218,33,38,http://localhost:8080/api/auth/login,189,0,0
1777734677413,259,关键词搜索,400,,常规接口测试-50并发 1-17,text,false,,332,183,33,38,http://localhost:8080/api/search/keyword?q=篮球,236,0,0
1777734676466,1222,获取帖子列表,200,,常规接口测试-50并发 1-26,text,true,,5517,179,33,38,http://localhost:8080/api/post/list?pageNum=1&pageSize=10,1192,0,0
1777734677494,220,用户登录,200,,常规接口测试-50并发 1-31,text,true,,319,218,33,38,http://localhost:8080/api/auth/login,185,0,0
1777734677446,269,关键词搜索,400,,常规接口测试-50并发 1-7,text,false,,332,183,33,38,http://localhost:8080/api/search/keyword?q=篮球,235,0,0
1777734677506,223,用户登录,200,,常规接口测试-50并发 1-15,text,true,,319,218,33,38,http://localhost:8080/api/auth/login,192,0,0
1777734676489,1245,获取帖子列表,200,,常规接口测试-50并发 1-20,text,true,,5517,179,33,38,http://localhost:8080/api/post/list?pageNum=1&pageSize=10,1212,0,0
1777734677416,367,高级筛选搜索,200,,常规接口测试-50并发 1-11,text,true,,5782,232,33,38,http://localhost:8080/api/post/list/filter?category=运动健身&pageNum=1&pageSize=10,334,0,1
1777734677518,281,关键词搜索,400,,常规接口测试-50并发 1-13,text,false,,332,183,33,38,http://localhost:8080/api/search/keyword?q=篮球,261,0,0
1777734676701,1112,获取帖子列表,200,,常规接口测试-50并发 1-27,text,true,,5517,179,33,38,http://localhost:8080/api/post/list?pageNum=1&pageSize=10,1091,0,0
1777734677554,281,关键词搜索,400,,常规接口测试-50并发 1-18,text,false,,332,183,34,39,http://localhost:8080/api/search/keyword?q=篮球,257,0,0
1777734677592,246,用户登录,200,,常规接口测试-50并发 1-22,text,true,,319,218,34,39,http://localhost:8080/api/auth/login,220,0,0
1777734677588,259,用户注册,200,,常规接口测试-50并发 1-6,text,true,,724,253,34,39,http://localhost:8080/api/auth/register,229,0,0
1777734677505,346,高级筛选搜索,200,,常规接口测试-50并发 1-16,text,true,,5782,232,34,39,http://localhost:8080/api/post/list/filter?category=运动健身&pageNum=1&pageSize=10,315,0,1
1777734677525,339,高级筛选搜索,200,,常规接口测试-50并发 1-8,text,true,,5782,232,34,39,http://localhost:8080/api/post/list/filter?category=运动健身&pageNum=1&pageSize=10,308,0,1
1777734677523,352,高级筛选搜索,200,,常规接口测试-50并发 1-23,text,true,,5782,232,34,39,http://localhost:8080/api/post/list/filter?category=运动健身&pageNum=1&pageSize=10,321,0,0
1777734677589,301,关键词搜索,400,,常规接口测试-50并发 1-10,text,false,,332,183,34,39,http://localhost:8080/api/search/keyword?q=篮球,265,0,0
1777734677595,296,关键词搜索,400,,常规接口测试-50并发 1-25,text,false,,332,183,34,39,http://localhost:8080/api/search/keyword?q=篮球,261,0,0
1777734677633,262,用户注册,200,,常规接口测试-50并发 1-33,text,true,,724,253,34,39,http://localhost:8080/api/auth/register,228,0,1
1777734677548,358,高级筛选搜索,200,,常规接口测试-50并发 1-9,text,true,,5782,232,34,39,http://localhost:8080/api/post/list/filter?category=运动健身&pageNum=1&pageSize=10,324,0,1
1777734677660,253,用户登录,200,,常规接口测试-50并发 1-32,text,true,,319,218,34,39,http://localhost:8080/api/auth/login,223,0,0
1777734677558,359,高级筛选搜索,200,,常规接口测试-50并发 1-12,text,true,,5782,232,34,39,http://localhost:8080/api/post/list/filter?category=运动健身&pageNum=1&pageSize=10,335,0,0
1777734677663,267,关键词搜索,400,,常规接口测试-50并发 1-14,text,false,,332,183,34,39,http://localhost:8080/api/search/keyword?q=篮球,266,0,0
1777734677644,288,关键词搜索,400,,常规接口测试-50并发 1-19,text,false,,332,183,34,39,http://localhost:8080/api/search/keyword?q=篮球,269,0,0
1777734677606,352,高级筛选搜索,200,,常规接口测试-50并发 1-24,text,true,,5782,232,34,39,http://localhost:8080/api/post/list/filter?category=运动健身&pageNum=1&pageSize=10,324,0,1
1777734677688,292,关键词搜索,400,,常规接口测试-50并发 1-26,text,false,,332,183,34,39,http://localhost:8080/api/search/keyword?q=篮球,258,0,0
1777734676966,1031,获取帖子列表,200,,常规接口测试-50并发 1-4,text,true,,5517,179,34,39,http://localhost:8080/api/post/list?pageNum=1&pageSize=10,1001,0,0
1777734676939,1069,获取帖子列表,200,,常规接口测试-50并发 1-28,text,true,,5517,179,34,39,http://localhost:8080/api/post/list?pageNum=1&pageSize=10,1042,0,0
1777734677672,344,高级筛选搜索,200,,常规接口测试-50并发 1-17,text,true,,5782,232,34,39,http://localhost:8080/api/post/list/filter?category=运动健身&pageNum=1&pageSize=10,313,0,1
1777734677783,234,用户注册,200,,常规接口测试-50并发 1-11,text,true,,722,253,34,39,http://localhost:8080/api/auth/register,203,0,0
1777734677735,285,关键词搜索,400,,常规接口测试-50并发 1-20,text,false,,332,183,34,39,http://localhost:8080/api/search/keyword?q=篮球,256,0,0
1777734677030,1012,获取帖子列表,200,,常规接口测试-50并发 1-21,text,true,,5517,179,35,40,http://localhost:8080/api/post/list?pageNum=1&pageSize=10,976,0,0
1777734677715,357,高级筛选搜索,200,,常规接口测试-50并发 1-7,text,true,,5782,232,35,40,http://localhost:8080/api/post/list/filter?category=运动健身&pageNum=1&pageSize=10,314,0,1
1777734677852,262,用户注册,200,,常规接口测试-50并发 1-16,text,true,,724,253,35,40,http://localhost:8080/api/auth/register,216,0,0
1777734677847,272,用户登录,200,,常规接口测试-50并发 1-6,text,true,,319,218,35,40,http://localhost:8080/api/auth/login,233,0,0
1777734677108,1018,获取帖子列表,200,,常规接口测试-50并发 1-3,text,true,,5517,179,35,40,http://localhost:8080/api/post/list?pageNum=1&pageSize=10,985,0,0
1777734677832,298,用户注册,200,,常规接口测试-50并发 1-34,text,true,,724,253,35,40,http://localhost:8080/api/auth/register,267,0,1
1777734677814,320,关键词搜索,400,,常规接口测试-50并发 1-27,text,false,,332,183,35,40,http://localhost:8080/api/search/keyword?q=篮球,295,0,0
1777734677864,280,用户注册,200,,常规接口测试-50并发 1-8,text,true,,723,252,35,40,http://localhost:8080/api/auth/register,258,0,0
1777734677875,272,用户注册,200,,常规接口测试-50并发 1-23,text,true,,724,253,35,40,http://localhost:8080/api/auth/register,251,0,0
1777734677895,256,用户登录,200,,常规接口测试-50并发 1-33,text,true,,319,218,35,40,http://localhost:8080/api/auth/login,235,0,0
1777734677172,987,获取帖子列表,200,,常规接口测试-50并发 1-29,text,true,,5517,179,35,40,http://localhost:8080/api/post/list?pageNum=1&pageSize=10,966,0,0
1777734677906,257,用户注册,200,,常规接口测试-50并发 1-9,text,true,,724,253,35,40,http://localhost:8080/api/auth/register,236,0,0
1777734677800,373,高级筛选搜索,200,,常规接口测试-50并发 1-13,text,true,,5782,232,35,40,http://localhost:8080/api/post/list/filter?category=运动健身&pageNum=1&pageSize=10,349,0,0
1777734677917,259,用户注册,200,,常规接口测试-50并发 1-12,text,true,,724,253,35,40,http://localhost:8080/api/auth/register,236,0,0
1777734677836,370,高级筛选搜索,200,,常规接口测试-50并发 1-18,text,true,,5782,232,35,40,http://localhost:8080/api/post/list/filter?category=运动健身&pageNum=1&pageSize=10,339,0,1
1777734677891,323,高级筛选搜索,200,,常规接口测试-50并发 1-10,text,true,,5782,232,35,40,http://localhost:8080/api/post/list/filter?category=运动健身&pageNum=1&pageSize=10,289,0,0
1777734677892,332,高级筛选搜索,200,,常规接口测试-50并发 1-25,text,true,,5782,232,35,40,http://localhost:8080/api/post/list/filter?category=运动健身&pageNum=1&pageSize=10,307,0,0
1777734677958,286,用户注册,200,,常规接口测试-50并发 1-24,text,true,,724,253,36,41,http://localhost:8080/api/auth/register,257,0,0
1777734677932,321,高级筛选搜索,200,,常规接口测试-50并发 1-19,text,true,,5782,232,36,41,http://localhost:8080/api/post/list/filter?category=运动健身&pageNum=1&pageSize=10,289,0,1
1777734678018,262,用户登录,200,,常规接口测试-50并发 1-11,text,true,,319,218,36,41,http://localhost:8080/api/auth/login,233,0,0
1777734678016,276,用户注册,200,,常规接口测试-50并发 1-17,text,true,,722,253,36,41,http://localhost:8080/api/auth/register,251,0,0
1777734677930,365,高级筛选搜索,200,,常规接口测试-50并发 1-14,text,true,,5782,232,36,41,http://localhost:8080/api/post/list/filter?category=运动健身&pageNum=1&pageSize=10,338,0,1
1777734678032,271,用户注册,200,,常规接口测试-50并发 1-35,text,true,,724,253,36,41,http://localhost:8080/api/auth/register,244,0,0
1777734677997,309,关键词搜索,400,,常规接口测试-50并发 1-4,text,false,,332,183,36,41,http://localhost:8080/api/search/keyword?q=篮球,281,0,0
1777734678008,304,关键词搜索,400,,常规接口测试-50并发 1-28,text,false,,332,183,36,41,http://localhost:8080/api/search/keyword?q=篮球,275,0,0
1777734678072,243,用户注册,200,,常规接口测试-50并发 1-7,text,true,,724,253,36,41,http://localhost:8080/api/auth/register,214,0,0
1777734677381,951,获取帖子列表,200,,常规接口测试-50并发 1-2,text,true,,5517,179,36,41,http://localhost:8080/api/post/list?pageNum=1&pageSize=10,918,0,0
1777734678042,306,关键词搜索,400,,常规接口测试-50并发 1-21,text,false,,332,183,36,41,http://localhost:8080/api/search/keyword?q=篮球,268,0,0
1777734677980,369,高级筛选搜索,200,,常规接口测试-50并发 1-26,text,true,,5782,232,36,41,http://localhost:8080/api/post/list/filter?category=运动健身&pageNum=1&pageSize=10,333,0,1
1777734678114,237,用户登录,200,,常规接口测试-50并发 1-16,text,true,,319,218,36,41,http://localhost:8080/api/auth/login,200,0,0
1777734678130,230,用户登录,200,,常规接口测试-50并发 1-34,text,true,,319,218,36,41,http://localhost:8080/api/auth/login,199,0,0
1777734678020,342,高级筛选搜索,200,,常规接口测试-50并发 1-20,text,true,,5782,232,36,41,http://localhost:8080/api/post/list/filter?category=运动健身&pageNum=1&pageSize=10,314,0,1
1777734678144,232,用户登录,200,,常规接口测试-50并发 1-8,text,true,,319,218,36,41,http://localhost:8080/api/auth/login,211,0,0
1777734678147,232,用户登录,200,,常规接口测试-50并发 1-23,text,true,,319,218,36,41,http://localhost:8080/api/auth/login,213,0,0
1777734678163,236,用户登录,200,,常规接口测试-50并发 1-9,text,true,,319,218,36,41,http://localhost:8080/api/auth/login,212,0,0
1777734678126,274,关键词搜索,400,,常规接口测试-50并发 1-3,text,false,,332,183,36,41,http://localhost:8080/api/search/keyword?q=篮球,250,0,0
1777734677517,890,获取帖子列表,200,,常规接口测试-50并发 1-30,text,true,,5517,179,36,41,http://localhost:8080/api/post/list?pageNum=1&pageSize=10,865,0,0
1777734678177,231,用户登录,200,,常规接口测试-50并发 1-12,text,true,,319,218,36,41,http://localhost:8080/api/auth/login,206,0,0
1777734678173,244,用户注册,200,,常规接口测试-50并发 1-13,text,true,,724,253,36,41,http://localhost:8080/api/auth/register,217,0,0
1777734678206,230,用户注册,200,,常规接口测试-50并发 1-18,text,true,,722,251,37,42,http://localhost:8080/api/auth/register,204,0,0
1777734678160,278,关键词搜索,400,,常规接口测试-50并发 1-29,text,false,,332,183,37,42,http://localhost:8080/api/search/keyword?q=篮球,252,0,0
1777734678134,312,高级筛选搜索,200,,常规接口测试-50并发 1-27,text,true,,5782,232,37,42,http://localhost:8080/api/post/list/filter?category=运动健身&pageNum=1&pageSize=10,293,0,1
1777734678214,250,用户注册,200,,常规接口测试-50并发 1-10,text,true,,724,253,37,42,http://localhost:8080/api/auth/register,219,0,0
1777734678225,255,用户注册,200,,常规接口测试-50并发 1-25,text,true,,724,253,37,42,http://localhost:8080/api/auth/register,213,0,0
1777734678245,244,用户登录,200,,常规接口测试-50并发 1-24,text,true,,319,218,37,42,http://localhost:8080/api/auth/login,197,0,0
1777734677574,920,获取帖子列表,200,,常规接口测试-50并发 1-1,text,true,,5517,179,37,42,http://localhost:8080/api/post/list?pageNum=1&pageSize=10,871,0,0
1777734678231,282,用户注册,200,,常规接口测试-50并发 1-36,text,true,,724,253,37,42,http://localhost:8080/api/auth/register,227,0,1
1777734678253,277,用户注册,200,,常规接口测试-50并发 1-19,text,true,,724,253,37,42,http://localhost:8080/api/auth/register,223,0,0
1777734678293,261,用户登录,200,,常规接口测试-50并发 1-17,text,true,,319,218,37,42,http://localhost:8080/api/auth/login,231,0,0
1777734678303,257,用户登录,200,,常规接口测试-50并发 1-35,text,true,,319,218,37,42,http://localhost:8080/api/auth/login,231,0,0
1777734678295,273,用户注册,200,,常规接口测试-50并发 1-14,text,true,,724,253,37,42,http://localhost:8080/api/auth/register,244,0,0
1777734677670,900,获取帖子列表,200,,常规接口测试-50并发 1-5,text,true,,5517,179,37,42,http://localhost:8080/api/post/list?pageNum=1&pageSize=10,870,0,0
1777734678316,260,用户登录,200,,常规接口测试-50并发 1-7,text,true,,319,218,37,42,http://localhost:8080/api/auth/login,232,0,0
1777734677715,887,获取帖子列表,200,,常规接口测试-50并发 1-31,text,true,,5517,179,37,42,http://localhost:8080/api/post/list?pageNum=1&pageSize=10,858,0,0
1777734678349,254,用户注册,200,,常规接口测试-50并发 1-26,text,true,,724,253,37,42,http://localhost:8080/api/auth/register,226,0,0
1777734678312,310,高级筛选搜索,200,,常规接口测试-50并发 1-28,text,true,,5782,232,37,42,http://localhost:8080/api/post/list/filter?category=运动健身&pageNum=1&pageSize=10,279,0,1
1777734678362,261,用户注册,200,,常规接口测试-50并发 1-20,text,true,,724,253,37,42,http://localhost:8080/api/auth/register,230,0,0
1777734677730,905,获取帖子列表,200,,常规接口测试-50并发 1-15,text,true,,5517,179,38,43,http://localhost:8080/api/post/list?pageNum=1&pageSize=10,875,0,0
1777734678333,306,关键词搜索,400,,常规接口测试-50并发 1-2,text,false,,332,183,38,43,http://localhost:8080/api/search/keyword?q=篮球,277,0,0
1777734678306,346,高级筛选搜索,200,,常规接口测试-50并发 1-4,text,true,,5782,232,38,43,http://localhost:8080/api/post/list/filter?category=运动健身&pageNum=1&pageSize=10,320,0,1
1777734678417,270,用户登录,200,,常规接口测试-50并发 1-13,text,true,,319,218,38,43,http://localhost:8080/api/auth/login,242,0,0
1777734678348,351,高级筛选搜索,200,,常规接口测试-50并发 1-21,text,true,,5782,232,38,43,http://localhost:8080/api/post/list/filter?category=运动健身&pageNum=1&pageSize=10,323,0,1
1777734678437,268,用户登录,200,,常规接口测试-50并发 1-18,text,true,,319,218,38,43,http://localhost:8080/api/auth/login,241,0,0
1777734678430,287,用户注册,200,,常规接口测试-50并发 1-37,text,true,,724,253,38,43,http://localhost:8080/api/auth/register,259,0,1
1777734677838,880,获取帖子列表,200,,常规接口测试-50并发 1-22,text,true,,5517,179,38,43,http://localhost:8080/api/post/list?pageNum=1&pageSize=10,852,0,0
1777734678407,318,关键词搜索,400,,常规接口测试-50并发 1-30,text,false,,332,183,38,43,http://localhost:8080/api/search/keyword?q=篮球,290,0,0
1777734678464,264,用户登录,200,,常规接口测试-50并发 1-10,text,true,,319,218,38,43,http://localhost:8080/api/auth/login,238,0,0
1777734678481,257,用户登录,200,,常规接口测试-50并发 1-25,text,true,,319,218,38,43,http://localhost:8080/api/auth/login,230,0,0
1777734678446,296,用户注册,200,,常规接口测试-50并发 1-27,text,true,,723,252,38,43,http://localhost:8080/api/auth/register,267,0,0
1777734678513,241,用户登录,200,,常规接口测试-50并发 1-36,text,true,,319,218,38,43,http://localhost:8080/api/auth/login,213,0,0
1777734678531,228,用户登录,200,,常规接口测试-50并发 1-19,text,true,,319,218,38,43,http://localhost:8080/api/auth/login,202,0,0
1777734677913,854,获取帖子列表,200,,常规接口测试-50并发 1-32,text,true,,5517,179,38,43,http://localhost:8080/api/post/list?pageNum=1&pageSize=10,824,0,0
1777734678494,312,关键词搜索,400,,常规接口测试-50并发 1-1,text,false,,332,183,38,43,http://localhost:8080/api/search/keyword?q=篮球,277,0,0
1777734678400,411,高级筛选搜索,200,,常规接口测试-50并发 1-3,text,true,,5782,232,38,43,http://localhost:8080/api/post/list/filter?category=运动健身&pageNum=1&pageSize=10,373,0,1
1777734678568,256,用户登录,200,,常规接口测试-50并发 1-14,text,true,,319,218,38,43,http://localhost:8080/api/auth/login,212,0,0
1777734678604,288,用户登录,200,,常规接口测试-50并发 1-26,text,true,,319,218,39,44,http://localhost:8080/api/auth/login,185,0,0
1777734678438,517,高级筛选搜索,200,,常规接口测试-50并发 1-29,text,true,,5782,232,39,44,http://localhost:8080/api/post/list/filter?category=运动健身&pageNum=1&pageSize=10,467,0,1
1777734678623,333,用户登录,200,,常规接口测试-50并发 1-20,text,true,,319,218,39,44,http://localhost:8080/api/auth/login,283,0,0
1777734678571,400,关键词搜索,400,,常规接口测试-50并发 1-5,text,false,,332,183,39,44,http://localhost:8080/api/search/keyword?q=篮球,363,0,0
1777734678623,355,用户注册,200,,常规接口测试-50并发 1-28,text,true,,722,253,39,44,http://localhost:8080/api/auth/register,317,0,0
1777734678631,371,用户注册,200,,常规接口测试-50并发 1-38,text,true,,724,253,39,44,http://localhost:8080/api/auth/register,336,0,1
1777734678602,412,关键词搜索,400,,常规接口测试-50并发 1-31,text,false,,332,183,39,44,http://localhost:8080/api/search/keyword?q=篮球,378,0,0
1777734678652,371,用户注册,200,,常规接口测试-50并发 1-4,text,true,,724,253,39,44,http://localhost:8080/api/auth/register,335,0,0
1777734678636,423,关键词搜索,400,,常规接口测试-50并发 1-15,text,false,,332,183,40,45,http://localhost:8080/api/search/keyword?q=篮球,383,0,0
1777734678700,382,用户注册,200,,常规接口测试-50并发 1-21,text,true,,722,251,40,45,http://localhost:8080/api/auth/register,338,0,0
1777734678718,382,用户登录,200,,常规接口测试-50并发 1-37,text,true,,319,218,40,45,http://localhost:8080/api/auth/login,346,0,0
1777734678742,386,用户登录,200,,常规接口测试-50并发 1-27,text,true,,319,218,40,45,http://localhost:8080/api/auth/login,350,0,0
1777734678718,444,关键词搜索,400,,常规接口测试-50并发 1-22,text,false,,332,183,40,45,http://localhost:8080/api/search/keyword?q=篮球,407,0,0
1777734678119,1066,获取帖子列表,200,,常规接口测试-50并发 1-6,text,true,,5517,179,40,45,http://localhost:8080/api/post/list?pageNum=1&pageSize=10,1024,0,0
1777734678639,580,高级筛选搜索,200,,常规接口测试-50并发 1-2,text,true,,5782,232,40,45,http://localhost:8080/api/post/list/filter?category=运动健身&pageNum=1&pageSize=10,544,0,1
1777734678811,412,用户注册,200,,常规接口测试-50并发 1-3,text,true,,724,253,40,45,http://localhost:8080/api/auth/register,382,0,0
1777734678767,460,关键词搜索,400,,常规接口测试-50并发 1-32,text,false,,332,183,40,45,http://localhost:8080/api/search/keyword?q=篮球,428,0,0
1777734678831,409,用户注册,200,,常规接口测试-50并发 1-39,text,true,,723,252,41,46,http://localhost:8080/api/auth/register,379,0,1
1777734678956,359,用户注册,200,,常规接口测试-50并发 1-29,text,true,,724,253,41,46,http://localhost:8080/api/auth/register,293,0,0
1777734678978,350,用户登录,200,,常规接口测试-50并发 1-28,text,true,,319,218,41,46,http://localhost:8080/api/auth/login,283,0,0
1777734678151,1192,获取帖子列表,200,,常规接口测试-50并发 1-33,text,true,,5517,179,41,46,http://localhost:8080/api/post/list?pageNum=1&pageSize=10,1136,0,0
1777734679002,349,用户登录,200,,常规接口测试-50并发 1-38,text,true,,319,218,41,46,http://localhost:8080/api/auth/login,305,0,0
1777734679024,340,用户登录,200,,常规接口测试-50并发 1-4,text,true,,319,218,41,46,http://localhost:8080/api/auth/login,308,0,0
1777734678726,643,高级筛选搜索,200,,常规接口测试-50并发 1-30,text,true,,5782,232,41,46,http://localhost:8080/api/post/list/filter?category=运动健身&pageNum=1&pageSize=10,610,0,0
1777734679030,365,用户注册,200,,常规接口测试-50并发 1-40,text,true,,723,253,41,46,http://localhost:8080/api/auth/register,335,0,0
1777734679082,331,用户登录,200,,常规接口测试-50并发 1-21,text,true,,319,218,41,46,http://localhost:8080/api/auth/login,298,0,0
1777734678806,638,高级筛选搜索,200,,常规接口测试-50并发 1-1,text,true,,5782,232,42,47,http://localhost:8080/api/post/list/filter?category=运动健身&pageNum=1&pageSize=10,599,0,1
1777734678972,523,高级筛选搜索,200,,常规接口测试-50并发 1-5,text,true,,5782,232,42,47,http://localhost:8080/api/post/list/filter?category=运动健身&pageNum=1&pageSize=10,481,0,1
1777734679015,534,高级筛选搜索,200,,常规接口测试-50并发 1-31,text,true,,5782,232,42,47,http://localhost:8080/api/post/list/filter?category=运动健身&pageNum=1&pageSize=10,493,0,2
1777734679223,364,用户登录,200,,常规接口测试-50并发 1-3,text,true,,319,218,42,47,http://localhost:8080/api/auth/login,309,0,0
1777734679220,371,用户注册,200,,常规接口测试-50并发 1-2,text,true,,724,253,42,47,http://localhost:8080/api/auth/register,317,0,0
1777734679186,406,关键词搜索,400,,常规接口测试-50并发 1-6,text,false,,332,183,42,47,http://localhost:8080/api/search/keyword?q=篮球,355,0,0
1777734678280,1315,获取帖子列表,200,,常规接口测试-50并发 1-11,text,true,,5517,179,42,47,http://localhost:8080/api/post/list?pageNum=1&pageSize=10,1261,0,0
1777734679240,356,用户登录,200,,常规接口测试-50并发 1-39,text,true,,319,218,42,47,http://localhost:8080/api/auth/login,305,0,0
1777734679060,540,高级筛选搜索,200,,常规接口测试-50并发 1-15,text,true,,5782,232,42,47,http://localhost:8080/api/post/list/filter?category=运动健身&pageNum=1&pageSize=10,485,0,0
1777734679231,379,用户注册,200,,常规接口测试-50并发 1-41,text,true,,722,253,42,47,http://localhost:8080/api/auth/register,329,0,0
1777734679315,393,用户登录,200,,常规接口测试-50并发 1-29,text,true,,319,218,43,48,http://localhost:8080/api/auth/login,286,0,0
1777734678352,1459,获取帖子列表,200,,常规接口测试-50并发 1-16,text,true,,5517,179,43,48,http://localhost:8080/api/post/list?pageNum=1&pageSize=10,1411,0,0
1777734679369,442,用户注册,200,,常规接口测试-50并发 1-30,text,true,,724,253,43,48,http://localhost:8080/api/auth/register,391,0,0
1777734679343,476,关键词搜索,400,,常规接口测试-50并发 1-33,text,false,,332,183,43,48,http://localhost:8080/api/search/keyword?q=篮球,426,0,0
1777734679395,427,用户登录,200,,常规接口测试-50并发 1-40,text,true,,319,218,43,48,http://localhost:8080/api/auth/login,379,0,0
1777734679162,663,高级筛选搜索,200,,常规接口测试-50并发 1-22,text,true,,5782,232,43,48,http://localhost:8080/api/post/list/filter?category=运动健身&pageNum=1&pageSize=10,615,0,1
1777734679227,666,高级筛选搜索,200,,常规接口测试-50并发 1-32,text,true,,5782,232,44,49,http://localhost:8080/api/post/list/filter?category=运动健身&pageNum=1&pageSize=10,613,0,1
1777734679444,452,用户注册,200,,常规接口测试-50并发 1-1,text,true,,724,253,44,49,http://localhost:8080/api/auth/register,405,0,0
1777734679431,468,用户注册,200,,常规接口测试-50并发 1-42,text,true,,724,253,44,49,http://localhost:8080/api/auth/register,421,0,1
1777734678360,1556,获取帖子列表,200,,常规接口测试-50并发 1-34,text,true,,5517,179,44,49,http://localhost:8080/api/post/list?pageNum=1&pageSize=10,1519,0,0
1777734678376,1554,获取帖子列表,200,,常规接口测试-50并发 1-8,text,true,,5517,179,44,49,http://localhost:8080/api/post/list?pageNum=1&pageSize=10,1512,0,0
1777734679592,350,用户登录,200,,常规接口测试-50并发 1-2,text,true,,319,218,44,49,http://localhost:8080/api/auth/login,310,0,0
1777734679496,451,用户注册,200,,常规接口测试-50并发 1-5,text,true,,724,253,44,49,http://localhost:8080/api/auth/register,414,0,0
1777734678379,1604,获取帖子列表,200,,常规接口测试-50并发 1-23,text,true,,5517,179,44,49,http://localhost:8080/api/post/list?pageNum=1&pageSize=10,1566,0,0
1777734679550,453,用户注册,200,,常规接口测试-50并发 1-31,text,true,,724,253,44,49,http://localhost:8080/api/auth/register,414,0,0
1777734678408,1610,获取帖子列表,200,,常规接口测试-50并发 1-12,text,true,,5517,179,44,49,http://localhost:8080/api/post/list?pageNum=1&pageSize=10,1568,0,0
1777734678400,1628,获取帖子列表,200,,常规接口测试-50并发 1-9,text,true,,5517,179,44,49,http://localhost:8080/api/post/list?pageNum=1&pageSize=10,1584,0,0
1777734679610,427,用户登录,200,,常规接口测试-50并发 1-41,text,true,,319,218,45,50,http://localhost:8080/api/auth/login,389,0,0
1777734679601,444,用户注册,200,,常规接口测试-50并发 1-15,text,true,,724,253,45,50,http://localhost:8080/api/auth/register,409,0,0
1777734679596,453,关键词搜索,400,,常规接口测试-50并发 1-11,text,false,,332,183,45,50,http://localhost:8080/api/search/keyword?q=篮球,418,0,0
1777734679632,443,用户注册,200,,常规接口测试-50并发 1-43,text,true,,722,253,45,50,http://localhost:8080/api/auth/register,404,0,3
1777734678490,1606,获取帖子列表,200,,常规接口测试-50并发 1-24,text,true,,5517,179,45,50,http://localhost:8080/api/post/list?pageNum=1&pageSize=10,1565,0,0
1777734678555,1562,获取帖子列表,200,,常规接口测试-50并发 1-17,text,true,,5517,179,45,50,http://localhost:8080/api/post/list?pageNum=1&pageSize=10,1519,0,0
1777734678560,1575,获取帖子列表,200,,常规接口测试-50并发 1-35,text,true,,5517,179,45,50,http://localhost:8080/api/post/list?pageNum=1&pageSize=10,1539,0,0
1777734679812,348,用户登录,200,,常规接口测试-50并发 1-30,text,true,,319,218,45,50,http://localhost:8080/api/auth/login,311,0,0
1777734679592,574,高级筛选搜索,200,,常规接口测试-50并发 1-6,text,true,,5782,232,45,50,http://localhost:8080/api/post/list/filter?category=运动健身&pageNum=1&pageSize=10,534,0,0
1777734678577,1608,获取帖子列表,200,,常规接口测试-50并发 1-7,text,true,,5517,179,45,50,http://localhost:8080/api/post/list?pageNum=1&pageSize=10,1563,0,0
1777734679830,363,用户注册,200,,常规接口测试-50并发 1-44,text,true,,724,253,45,50,http://localhost:8080/api/auth/register,313,0,1
1777734679825,370,用户注册,200,,常规接口测试-50并发 1-22,text,true,,724,253,45,50,http://localhost:8080/api/auth/register,319,0,0
1777734679899,335,用户登录,200,,常规接口测试-50并发 1-42,text,true,,319,218,46,51,http://localhost:8080/api/auth/login,285,0,0
1777734679897,341,用户登录,200,,常规接口测试-50并发 1-1,text,true,,319,218,46,51,http://localhost:8080/api/auth/login,290,0,0
1777734679812,432,关键词搜索,400,,常规接口测试-50并发 1-16,text,false,,332,183,46,51,http://localhost:8080/api/search/keyword?q=篮球,386,0,0
1777734679894,355,用户注册,200,,常规接口测试-50并发 1-32,text,true,,722,253,46,51,http://localhost:8080/api/auth/register,313,0,0
1777734679947,349,用户登录,200,,常规接口测试-50并发 1-5,text,true,,319,218,46,51,http://localhost:8080/api/auth/login,315,0,0
1777734679916,409,关键词搜索,400,,常规接口测试-50并发 1-34,text,false,,332,183,46,51,http://localhost:8080/api/search/keyword?q=篮球,366,0,0
1777734678706,1625,获取帖子列表,200,,常规接口测试-50并发 1-18,text,true,,5517,179,46,51,http://localhost:8080/api/post/list?pageNum=1&pageSize=10,1581,0,0
1777734679819,515,高级筛选搜索,200,,常规接口测试-50并发 1-33,text,true,,5782,232,46,51,http://localhost:8080/api/post/list/filter?category=运动健身&pageNum=1&pageSize=10,472,0,1
1777734679930,413,关键词搜索,400,,常规接口测试-50并发 1-8,text,false,,332,183,46,51,http://localhost:8080/api/search/keyword?q=篮球,373,0,0
1777734680003,342,用户登录,200,,常规接口测试-50并发 1-31,text,true,,319,218,46,51,http://localhost:8080/api/auth/login,302,0,0
1777734678688,1659,获取帖子列表,200,,常规接口测试-50并发 1-13,text,true,,5517,179,46,51,http://localhost:8080/api/post/list?pageNum=1&pageSize=10,1619,0,0
1777734678755,1608,获取帖子列表,200,,常规接口测试-50并发 1-36,text,true,,5517,179,46,51,http://localhost:8080/api/post/list?pageNum=1&pageSize=10,1565,0,0
1777734678760,1618,获取帖子列表,200,,常规接口测试-50并发 1-19,text,true,,5517,179,46,51,http://localhost:8080/api/post/list?pageNum=1&pageSize=10,1570,0,0
1777734678728,1655,获取帖子列表,200,,常规接口测试-50并发 1-10,text,true,,5517,179,46,51,http://localhost:8080/api/post/list?pageNum=1&pageSize=10,1605,0,0
1777734678738,1647,获取帖子列表,200,,常规接口测试-50并发 1-25,text,true,,5517,179,46,51,http://localhost:8080/api/post/list?pageNum=1&pageSize=10,1597,0,0
1777734680031,356,用户注册,200,,常规接口测试-50并发 1-45,text,true,,724,253,46,51,http://localhost:8080/api/auth/register,310,0,1
1777734680046,348,用户登录,200,,常规接口测试-50并发 1-15,text,true,,319,218,46,51,http://localhost:8080/api/auth/login,310,0,0
1777734679983,413,关键词搜索,400,,常规接口测试-50并发 1-23,text,false,,332,183,46,51,http://localhost:8080/api/search/keyword?q=篮球,375,0,0
1777734680028,375,关键词搜索,400,,常规接口测试-50并发 1-9,text,false,,332,183,46,51,http://localhost:8080/api/search/keyword?q=篮球,337,0,0
1777734680075,347,用户登录,200,,常规接口测试-50并发 1-43,text,true,,319,218,46,51,http://localhost:8080/api/auth/login,312,0,0
1777734680018,412,关键词搜索,400,,常规接口测试-50并发 1-12,text,false,,332,183,46,51,http://localhost:8080/api/search/keyword?q=篮球,372,0,0
1777734678956,1475,获取帖子列表,200,,常规接口测试-50并发 1-20,text,true,,5517,179,47,52,http://localhost:8080/api/post/list?pageNum=1&pageSize=10,1435,0,0
1777734678893,1542,获取帖子列表,200,,常规接口测试-50并发 1-26,text,true,,5517,179,47,52,http://localhost:8080/api/post/list?pageNum=1&pageSize=10,1500,0,0
1777734678825,1619,获取帖子列表,200,,常规接口测试-50并发 1-14,text,true,,5517,179,47,52,http://localhost:8080/api/post/list?pageNum=1&pageSize=10,1572,0,0
1777734680049,469,高级筛选搜索,200,,常规接口测试-50并发 1-11,text,true,,5782,232,47,52,http://localhost:8080/api/post/list/filter?category=运动健身&pageNum=1&pageSize=10,417,0,0
1777734680096,440,关键词搜索,400,,常规接口测试-50并发 1-24,text,false,,332,183,47,52,http://localhost:8080/api/search/keyword?q=篮球,396,0,0
1777734679101,1447,获取帖子列表,200,,常规接口测试-50并发 1-37,text,true,,5517,179,47,52,http://localhost:8080/api/post/list?pageNum=1&pageSize=10,1403,0,0
1777734680166,386,用户注册,200,,常规接口测试-50并发 1-6,text,true,,724,253,47,52,http://localhost:8080/api/auth/register,341,0,0
1777734680194,361,用户登录,200,,常规接口测试-50并发 1-44,text,true,,319,218,47,52,http://localhost:8080/api/auth/login,317,0,0
1777734680117,440,关键词搜索,400,,常规接口测试-50并发 1-17,text,false,,332,183,47,52,http://localhost:8080/api/search/keyword?q=篮球,395,0,0
1777734680196,363,用户登录,200,,常规接口测试-50并发 1-22,text,true,,319,218,47,52,http://localhost:8080/api/auth/login,317,0,0
1777734679128,1433,获取帖子列表,200,,常规接口测试-50并发 1-27,text,true,,5517,179,47,52,http://localhost:8080/api/post/list?pageNum=1&pageSize=10,1386,0,0
1777734680136,453,关键词搜索,400,,常规接口测试-50并发 1-35,text,false,,332,183,47,52,http://localhost:8080/api/search/keyword?q=篮球,403,0,0
1777734680231,375,用户注册,200,,常规接口测试-50并发 1-46,text,true,,724,253,47,52,http://localhost:8080/api/auth/register,334,0,1
1777734680249,364,用户登录,200,,常规接口测试-50并发 1-32,text,true,,319,218,47,52,http://localhost:8080/api/auth/login,323,0,0
1777734679328,1298,获取帖子列表,200,,常规接口测试-50并发 1-28,text,true,,5517,179,47,52,http://localhost:8080/api/post/list?pageNum=1&pageSize=10,1262,0,0
1777734680186,447,关键词搜索,400,,常规接口测试-50并发 1-7,text,false,,332,183,48,53,http://localhost:8080/api/search/keyword?q=篮球,410,0,0
1777734679352,1314,获取帖子列表,200,,常规接口测试-50并发 1-38,text,true,,5517,179,48,53,http://localhost:8080/api/post/list?pageNum=1&pageSize=10,1276,0,0
1777734679413,1253,获取帖子列表,200,,常规接口测试-50并发 1-21,text,true,,5517,179,48,53,http://localhost:8080/api/post/list?pageNum=1&pageSize=10,1217,0,0
1777734679364,1321,获取帖子列表,200,,常规接口测试-50并发 1-4,text,true,,5517,179,48,53,http://localhost:8080/api/post/list?pageNum=1&pageSize=10,1282,0,0
1777734680334,371,用户注册,200,,常规接口测试-50并发 1-33,text,true,,724,253,48,53,http://localhost:8080/api/auth/register,322,0,0
1777734680244,466,高级筛选搜索,200,,常规接口测试-50并发 1-16,text,true,,5782,232,48,53,http://localhost:8080/api/post/list/filter?category=运动健身&pageNum=1&pageSize=10,416,0,1
1777734680363,357,关键词搜索,400,,常规接口测试-50并发 1-36,text,false,,332,183,48,53,http://localhost:8080/api/search/keyword?q=篮球,311,0,0
1777734680387,357,用户登录,200,,常规接口测试-50并发 1-45,text,true,,319,218,48,53,http://localhost:8080/api/auth/login,320,0,0
1777734680331,440,关键词搜索,400,,常规接口测试-50并发 1-18,text,false,,332,183,48,53,http://localhost:8080/api/search/keyword?q=篮球,399,0,0
1777734679596,1176,获取帖子列表,200,,常规接口测试-50并发 1-39,text,true,,5517,179,48,53,http://localhost:8080/api/post/list?pageNum=1&pageSize=10,1135,0,0
1777734680325,453,高级筛选搜索,200,,常规接口测试-50并发 1-34,text,true,,5782,232,48,53,http://localhost:8080/api/post/list/filter?category=运动健身&pageNum=1&pageSize=10,409,0,1
1777734680347,431,关键词搜索,400,,常规接口测试-50并发 1-13,text,false,,332,183,48,53,http://localhost:8080/api/search/keyword?q=篮球,389,0,0
1777734679587,1199,获取帖子列表,200,,常规接口测试-50并发 1-3,text,true,,5517,179,48,53,http://localhost:8080/api/post/list?pageNum=1&pageSize=10,1158,0,0
1777734680344,453,高级筛选搜索,200,,常规接口测试-50并发 1-8,text,true,,5782,232,48,53,http://localhost:8080/api/post/list/filter?category=运动健身&pageNum=1&pageSize=10,416,0,0
1777734680432,374,用户注册,200,,常规接口测试-50并发 1-47,text,true,,723,252,48,53,http://localhost:8080/api/auth/register,334,0,0
1777734680379,429,关键词搜索,400,,常规接口测试-50并发 1-19,text,false,,332,183,48,53,http://localhost:8080/api/search/keyword?q=篮球,387,0,0
1777734680383,436,关键词搜索,400,,常规接口测试-50并发 1-10,text,false,,332,183,48,53,http://localhost:8080/api/search/keyword?q=篮球,390,0,0
1777734680385,440,关键词搜索,400,,常规接口测试-50并发 1-25,text,false,,332,183,48,53,http://localhost:8080/api/search/keyword?q=篮球,392,0,0
1777734679708,1139,获取帖子列表,200,,常规接口测试-50并发 1-29,text,true,,5517,179,49,54,http://localhost:8080/api/post/list?pageNum=1&pageSize=10,1079,0,0
1777734680435,416,关键词搜索,400,,常规接口测试-50并发 1-26,text,false,,332,183,49,54,http://localhost:8080/api/search/keyword?q=篮球,355,0,0
1777734680553,315,用户登录,200,,常规接口测试-50并发 1-6,text,true,,319,218,49,54,http://localhost:8080/api/auth/login,258,0,0
1777734680518,362,用户注册,200,,常规接口测试-50并发 1-11,text,true,,724,253,49,54,http://localhost:8080/api/auth/register,315,0,0
1777734680431,452,关键词搜索,400,,常规接口测试-50并发 1-20,text,false,,332,183,49,54,http://localhost:8080/api/search/keyword?q=篮球,404,0,0
1777734680396,487,高级筛选搜索,200,,常规接口测试-50并发 1-23,text,true,,5782,232,49,54,http://localhost:8080/api/post/list/filter?category=运动健身&pageNum=1&pageSize=10,441,0,1
1777734680403,482,高级筛选搜索,200,,常规接口测试-50并发 1-9,text,true,,5782,232,49,54,http://localhost:8080/api/post/list/filter?category=运动健身&pageNum=1&pageSize=10,437,0,0
1777734680444,453,关键词搜索,400,,常规接口测试-50并发 1-14,text,false,,332,183,49,54,http://localhost:8080/api/search/keyword?q=篮球,413,0,0
1777734680430,469,高级筛选搜索,200,,常规接口测试-50并发 1-12,text,true,,5782,232,49,54,http://localhost:8080/api/post/list/filter?category=运动健身&pageNum=1&pageSize=10,429,0,1
1777734679822,1081,获取帖子列表,200,,常规接口测试-50并发 1-40,text,true,,5517,179,49,54,http://localhost:8080/api/post/list?pageNum=1&pageSize=10,1045,0,0
1777734680606,303,用户登录,200,,常规接口测试-50并发 1-46,text,true,,319,218,49,54,http://localhost:8080/api/auth/login,268,0,0
1777734680536,392,高级筛选搜索,200,,常规接口测试-50并发 1-24,text,true,,5782,232,49,54,http://localhost:8080/api/post/list/filter?category=运动健身&pageNum=1&pageSize=10,357,0,0
1777734680561,375,关键词搜索,400,,常规接口测试-50并发 1-27,text,false,,332,183,49,54,http://localhost:8080/api/search/keyword?q=篮球,340,0,0
1777734679942,1017,获取帖子列表,200,,常规接口测试-50并发 1-2,text,true,,5517,179,49,54,http://localhost:8080/api/post/list?pageNum=1&pageSize=10,980,0,0
1777734680548,425,关键词搜索,400,,常规接口测试-50并发 1-37,text,false,,332,183,49,54,http://localhost:8080/api/search/keyword?q=篮球,383,0,0
1777734680630,364,用户注册,200,,常规接口测试-50并发 1-48,text,true,,723,252,49,54,http://localhost:8080/api/auth/register,319,0,0
1777734680558,441,高级筛选搜索,200,,常规接口测试-50并发 1-17,text,true,,5782,232,49,54,http://localhost:8080/api/post/list/filter?category=运动健身&pageNum=1&pageSize=10,396,0,0
1777734680037,1000,获取帖子列表,200,,常规接口测试-50并发 1-41,text,true,,5517,179,50,55,http://localhost:8080/api/post/list?pageNum=1&pageSize=10,955,0,0
1777734680589,459,高级筛选搜索,200,,常规接口测试-50并发 1-35,text,true,,5782,232,50,55,http://localhost:8080/api/post/list/filter?category=运动健身&pageNum=1&pageSize=10,410,0,1
1777734680626,442,关键词搜索,400,,常规接口测试-50并发 1-28,text,false,,332,183,50,55,http://localhost:8080/api/search/keyword?q=篮球,383,0,0
1777734680705,370,用户登录,200,,常规接口测试-50并发 1-33,text,true,,319,218,50,55,http://localhost:8080/api/auth/login,308,0,0
1777734680710,384,用户注册,200,,常规接口测试-50并发 1-16,text,true,,722,253,50,55,http://localhost:8080/api/auth/register,321,0,0
1777734680666,452,关键词搜索,400,,常规接口测试-50并发 1-21,text,false,,332,183,50,55,http://localhost:8080/api/search/keyword?q=篮球,405,0,0
1777734680666,464,关键词搜索,400,,常规接口测试-50并发 1-38,text,false,,332,183,50,55,http://localhost:8080/api/search/keyword?q=篮球,417,0,0
1777734680633,498,高级筛选搜索,200,,常规接口测试-50并发 1-7,text,true,,5782,232,50,55,http://localhost:8080/api/post/list/filter?category=运动健身&pageNum=1&pageSize=10,453,0,0
1777734680686,447,关键词搜索,400,,常规接口测试-50并发 1-4,text,false,,332,183,50,55,http://localhost:8080/api/search/keyword?q=篮球,404,0,0
1777734680786,369,关键词搜索,400,,常规接口测试-50并发 1-3,text,false,,332,183,50,55,http://localhost:8080/api/search/keyword?q=篮球,329,0,0
1777734680778,384,用户注册,200,,常规接口测试-50并发 1-34,text,true,,724,253,50,55,http://localhost:8080/api/auth/register,349,0,0
1777734680806,370,用户登录,200,,常规接口测试-50并发 1-47,text,true,,319,218,50,55,http://localhost:8080/api/auth/login,332,0,0
1777734680798,396,用户注册,200,,常规接口测试-50并发 1-8,text,true,,724,253,50,55,http://localhost:8080/api/auth/register,349,0,0
1777734680831,394,用户注册,200,,常规接口测试-50并发 1-49,text,true,,724,253,50,55,http://localhost:8080/api/auth/register,329,0,1
1777734680773,466,关键词搜索,400,,常规接口测试-50并发 1-39,text,false,,332,183,50,55,http://localhost:8080/api/search/keyword?q=篮球,406,0,0
1777734680160,1080,获取帖子列表,200,,常规接口测试-50并发 1-30,text,true,,5517,179,50,55,http://localhost:8080/api/post/list?pageNum=1&pageSize=10,1023,0,0
1777734680721,521,高级筛选搜索,200,,常规接口测试-50并发 1-36,text,true,,5782,232,50,55,http://localhost:8080/api/post/list/filter?category=运动健身&pageNum=1&pageSize=10,470,0,1
1777734680880,370,用户登录,200,,常规接口测试-50并发 1-11,text,true,,319,218,50,55,http://localhost:8080/api/auth/login,329,0,0
1777734680883,381,用户注册,200,,常规接口测试-50并发 1-23,text,true,,724,253,50,55,http://localhost:8080/api/auth/register,340,0,0
1777734680771,496,高级筛选搜索,200,,常规接口测试-50并发 1-18,text,true,,5782,232,50,55,http://localhost:8080/api/post/list/filter?category=运动健身&pageNum=1&pageSize=10,454,0,1
1777734680885,385,用户注册,200,,常规接口测试-50并发 1-9,text,true,,724,253,50,55,http://localhost:8080/api/auth/register,342,0,0
1777734680779,499,高级筛选搜索,200,,常规接口测试-50并发 1-13,text,true,,5782,232,50,55,http://localhost:8080/api/post/list/filter?category=运动健身&pageNum=1&pageSize=10,460,0,0
1777734680899,385,用户注册,200,,常规接口测试-50并发 1-12,text,true,,724,253,50,55,http://localhost:8080/api/auth/register,349,0,0
1777734680848,444,关键词搜索,400,,常规接口测试-50并发 1-29,text,false,,332,183,50,55,http://localhost:8080/api/search/keyword?q=篮球,411,0,0
1777734680235,1061,获取帖子列表,200,,常规接口测试-50并发 1-42,text,true,,5517,179,50,55,http://localhost:8080/api/post/list?pageNum=1&pageSize=10,1027,0,0
1777734680238,1061,获取帖子列表,200,,常规接口测试-50并发 1-1,text,true,,5517,179,50,55,http://localhost:8080/api/post/list?pageNum=1&pageSize=10,1027,0,0
1777734680809,502,高级筛选搜索,200,,常规接口测试-50并发 1-19,text,true,,5782,232,50,55,http://localhost:8080/api/post/list/filter?category=运动健身&pageNum=1&pageSize=10,465,0,0
1777734680819,493,高级筛选搜索,200,,常规接口测试-50并发 1-10,text,true,,5782,232,50,55,http://localhost:8080/api/post/list/filter?category=运动健身&pageNum=1&pageSize=10,455,0,1
1777734680826,494,高级筛选搜索,200,,常规接口测试-50并发 1-25,text,true,,5782,232,50,55,http://localhost:8080/api/post/list/filter?category=运动健身&pageNum=1&pageSize=10,455,0,0
1777734680928,394,用户注册,200,,常规接口测试-50并发 1-24,text,true,,724,253,50,55,http://localhost:8080/api/auth/register,354,0,0
1777734680883,443,高级筛选搜索,200,,常规接口测试-50并发 1-20,text,true,,5782,232,50,55,http://localhost:8080/api/post/list/filter?category=运动健身&pageNum=1&pageSize=10,404,0,1
1777734680852,475,高级筛选搜索,200,,常规接口测试-50并发 1-26,text,true,,5782,232,50,55,http://localhost:8080/api/post/list/filter?category=运动健身&pageNum=1&pageSize=10,435,0,0
1777734680898,453,高级筛选搜索,200,,常规接口测试-50并发 1-14,text,true,,5782,232,50,55,http://localhost:8080/api/post/list/filter?category=运动健身&pageNum=1&pageSize=10,412,0,0
1777734680903,457,关键词搜索,400,,常规接口测试-50并发 1-40,text,false,,332,183,50,55,http://localhost:8080/api/search/keyword?q=篮球,411,0,0
1777734680995,376,用户登录,200,,常规接口测试-50并发 1-48,text,true,,319,218,50,55,http://localhost:8080/api/auth/login,328,0,0
1777734680296,1082,获取帖子列表,200,,常规接口测试-50并发 1-5,text,true,,5517,179,50,55,http://localhost:8080/api/post/list?pageNum=1&pageSize=10,1033,0,0
1777734680999,388,用户注册,200,,常规接口测试-50并发 1-17,text,true,,724,253,50,55,http://localhost:8080/api/auth/register,347,0,0
1777734680345,1077,获取帖子列表,200,,常规接口测试-50并发 1-31,text,true,,5517,179,50,55,http://localhost:8080/api/post/list?pageNum=1&pageSize=10,1032,0,0
1777734680960,467,关键词搜索,400,,常规接口测试-50并发 1-2,text,false,,332,183,50,55,http://localhost:8080/api/search/keyword?q=篮球,420,0,0
1777734681031,397,用户注册,200,,常规接口测试-50并发 1-50,text,true,,724,253,50,55,http://localhost:8080/api/auth/register,349,0,1
1777734680936,493,高级筛选搜索,200,,常规接口测试-50并发 1-27,text,true,,5782,232,50,55,http://localhost:8080/api/post/list/filter?category=运动健身&pageNum=1&pageSize=10,445,0,1
1777734681048,388,用户注册,200,,常规接口测试-50并发 1-35,text,true,,724,253,50,55,http://localhost:8080/api/auth/register,338,0,0
1777734681095,362,用户登录,200,,常规接口测试-50并发 1-16,text,true,,319,218,50,55,http://localhost:8080/api/auth/login,314,0,0
1777734680973,489,高级筛选搜索,200,,常规接口测试-50并发 1-37,text,true,,5782,232,50,55,http://localhost:8080/api/post/list/filter?category=运动健身&pageNum=1&pageSize=10,443,0,1
1777734681037,458,关键词搜索,400,,常规接口测试-50并发 1-41,text,false,,332,183,50,55,http://localhost:8080/api/search/keyword?q=篮球,418,0,0
1777734681131,368,用户注册,200,,常规接口测试-50并发 1-7,text,true,,724,253,50,55,http://localhost:8080/api/auth/register,329,0,0
1777734680395,1111,获取帖子列表,200,,常规接口测试-50并发 1-15,text,true,,5517,179,50,55,http://localhost:8080/api/post/list?pageNum=1&pageSize=10,1076,0,0
1777734681162,349,用户登录,200,,常规接口测试-50并发 1-34,text,true,,319,218,50,55,http://localhost:8080/api/auth/login,316,0,0
1777734680422,1091,获取帖子列表,200,,常规接口测试-50并发 1-43,text,true,,5517,179,50,55,http://localhost:8080/api/post/list?pageNum=1&pageSize=10,1061,0,0
1777734681069,445,高级筛选搜索,200,,常规接口测试-50并发 1-28,text,true,,5782,232,50,55,http://localhost:8080/api/post/list/filter?category=运动健身&pageNum=1&pageSize=10,417,0,0
1777734681195,331,用户登录,200,,常规接口测试-50并发 1-8,text,true,,319,218,50,55,http://localhost:8080/api/auth/login,306,0,0
1777734681118,428,高级筛选搜索,200,,常规接口测试-50并发 1-21,text,true,,5782,232,50,55,http://localhost:8080/api/post/list/filter?category=运动健身&pageNum=1&pageSize=10,395,0,1
1777734681225,324,用户登录,200,,常规接口测试-50并发 1-49,text,true,,319,218,50,55,http://localhost:8080/api/auth/login,290,0,0
1777734681130,427,高级筛选搜索,200,,常规接口测试-50并发 1-38,text,true,,5782,232,50,55,http://localhost:8080/api/post/list/filter?category=运动健身&pageNum=1&pageSize=10,389,0,1
1777734681134,424,高级筛选搜索,200,,常规接口测试-50并发 1-4,text,true,,5782,232,50,55,http://localhost:8080/api/post/list/filter?category=运动健身&pageNum=1&pageSize=10,385,0,0
1777734681278,285,用户注册,200,,常规接口测试-50并发 1-13,text,true,,724,253,50,55,http://localhost:8080/api/auth/register,247,0,0
1777734681243,324,用户注册,200,,常规接口测试-50并发 1-36,text,true,,724,253,50,55,http://localhost:8080/api/auth/register,286,0,0
1777734681155,416,高级筛选搜索,200,,常规接口测试-50并发 1-3,text,true,,5782,232,50,55,http://localhost:8080/api/post/list/filter?category=运动健身&pageNum=1&pageSize=10,379,0,1
1777734681265,320,用户登录,200,,常规接口测试-50并发 1-23,text,true,,319,218,50,55,http://localhost:8080/api/auth/login,281,0,0
1777734681270,319,用户登录,200,,常规接口测试-50并发 1-9,text,true,,319,218,50,55,http://localhost:8080/api/auth/login,277,0,0
1777734681267,327,用户注册,200,,常规接口测试-50并发 1-18,text,true,,724,253,50,55,http://localhost:8080/api/auth/register,285,0,0
1777734680556,1041,获取帖子列表,200,,常规接口测试-50并发 1-44,text,true,,5517,179,50,55,http://localhost:8080/api/post/list?pageNum=1&pageSize=10,998,0,0
1777734680559,1038,获取帖子列表,200,,常规接口测试-50并发 1-22,text,true,,5517,179,50,55,http://localhost:8080/api/post/list?pageNum=1&pageSize=10,996,0,0
1777734681284,326,用户登录,200,,常规接口测试-50并发 1-12,text,true,,319,218,50,55,http://localhost:8080/api/auth/login,285,0,0
1777734681239,372,高级筛选搜索,200,,常规接口测试-50并发 1-39,text,true,,5782,232,50,55,http://localhost:8080/api/post/list/filter?category=运动健身&pageNum=1&pageSize=10,331,0,1
1777734680613,1002,获取帖子列表,200,,常规接口测试-50并发 1-32,text,true,,5517,179,50,55,http://localhost:8080/api/post/list?pageNum=1&pageSize=10,969,0,0
1777734681241,385,关键词搜索,400,,常规接口测试-50并发 1-30,text,false,,332,183,50,55,http://localhost:8080/api/search/keyword?q=篮球,357,0,0
1777734681312,317,用户注册,200,,常规接口测试-50并发 1-19,text,true,,724,253,50,55,http://localhost:8080/api/auth/register,289,0,0
1777734681312,320,用户注册,200,,常规接口测试-50并发 1-10,text,true,,724,253,50,55,http://localhost:8080/api/auth/register,293,0,0
1777734681322,312,用户登录,200,,常规接口测试-50并发 1-24,text,true,,319,218,50,55,http://localhost:8080/api/auth/login,286,0,0
1777734681321,320,用户注册,200,,常规接口测试-50并发 1-25,text,true,,723,252,50,55,http://localhost:8080/api/auth/register,292,0,0
1777734680744,912,获取帖子列表,200,,常规接口测试-50并发 1-45,text,true,,5517,179,50,55,http://localhost:8080/api/post/list?pageNum=1&pageSize=10,879,0,0
1777734681328,330,用户注册,200,,常规接口测试-50并发 1-26,text,true,,724,253,50,55,http://localhost:8080/api/auth/register,296,0,0
1777734681326,334,用户注册,200,,常规接口测试-50并发 1-20,text,true,,722,253,50,55,http://localhost:8080/api/auth/register,299,0,0
1777734681351,318,用户注册,200,,常规接口测试-50并发 1-14,text,true,,724,253,50,55,http://localhost:8080/api/auth/register,280,0,0
1777734681292,387,高级筛选搜索,200,,常规接口测试-50并发 1-29,text,true,,5782,232,50,55,http://localhost:8080/api/post/list/filter?category=运动健身&pageNum=1&pageSize=10,350,0,1
1777734681296,383,关键词搜索,400,,常规接口测试-50并发 1-42,text,false,,332,183,50,55,http://localhost:8080/api/search/keyword?q=篮球,347,0,0
1777734681299,383,关键词搜索,400,,常规接口测试-50并发 1-1,text,false,,332,183,50,55,http://localhost:8080/api/search/keyword?q=篮球,345,0,0
1777734681387,296,用户登录,200,,常规接口测试-50并发 1-17,text,true,,319,218,50,55,http://localhost:8080/api/auth/login,260,0,0
1777734681428,277,用户登录,200,,常规接口测试-50并发 1-50,text,true,,319,218,50,55,http://localhost:8080/api/auth/login,251,0,0
1777734681437,272,用户登录,200,,常规接口测试-50并发 1-35,text,true,,319,218,50,55,http://localhost:8080/api/auth/login,246,0,0
1777734681429,281,用户注册,200,,常规接口测试-50并发 1-27,text,true,,724,253,50,55,http://localhost:8080/api/auth/register,255,0,0
1777734681361,350,高级筛选搜索,200,,常规接口测试-50并发 1-40,text,true,,5782,232,50,55,http://localhost:8080/api/post/list/filter?category=运动健身&pageNum=1&pageSize=10,324,0,0
1777734680869,852,获取帖子列表,200,,常规接口测试-50并发 1-6,text,true,,5517,179,50,55,http://localhost:8080/api/post/list?pageNum=1&pageSize=10,826,0,0
1777734681378,351,关键词搜索,400,,常规接口测试-50并发 1-5,text,false,,332,183,50,55,http://localhost:8080/api/search/keyword?q=篮球,324,0,0
1777734681462,273,用户注册,200,,常规接口测试-50并发 1-37,text,true,,724,253,50,55,http://localhost:8080/api/auth/register,244,0,0
1777734680910,836,获取帖子列表,200,,常规接口测试-50并发 1-46,text,true,,5517,179,50,55,http://localhost:8080/api/post/list?pageNum=1&pageSize=10,805,0,0
1777734681428,335,高级筛选搜索,200,,常规接口测试-50并发 1-2,text,true,,5782,232,50,55,http://localhost:8080/api/post/list/filter?category=运动健身&pageNum=1&pageSize=10,293,0,1
1777734681499,272,用户登录,200,,常规接口测试-50并发 1-7,text,true,,319,218,50,55,http://localhost:8080/api/auth/login,225,0,0
1777734681423,350,关键词搜索,400,,常规接口测试-50并发 1-31,text,false,,332,183,50,55,http://localhost:8080/api/search/keyword?q=篮球,303,0,0
1777734681514,291,用户注册,200,,常规接口测试-50并发 1-28,text,true,,724,253,50,55,http://localhost:8080/api/auth/register,246,0,0
1777734681495,362,高级筛选搜索,200,,常规接口测试-50并发 1-41,text,true,,5782,232,50,55,http://localhost:8080/api/post/list/filter?category=运动健身&pageNum=1&pageSize=10,307,0,1
1777734681546,315,用户注册,200,,常规接口测试-50并发 1-21,text,true,,724,253,50,55,http://localhost:8080/api/auth/register,262,0,0
1777734681075,791,获取帖子列表,200,,常规接口测试-50并发 1-33,text,true,,5517,179,50,55,http://localhost:8080/api/post/list?pageNum=1&pageSize=10,742,0,0
1777734681563,304,用户登录,200,,常规接口测试-50并发 1-13,text,true,,319,218,50,55,http://localhost:8080/api/auth/login,257,0,0
1777734681506,364,关键词搜索,400,,常规接口测试-50并发 1-15,text,false,,332,183,50,55,http://localhost:8080/api/search/keyword?q=篮球,316,0,0
1777734681557,314,用户注册,200,,常规接口测试-50并发 1-38,text,true,,724,253,50,55,http://localhost:8080/api/auth/register,267,0,0
1777734681567,306,用户登录,200,,常规接口测试-50并发 1-36,text,true,,319,218,50,55,http://localhost:8080/api/auth/login,261,0,0
1777734681558,322,用户注册,200,,常规接口测试-50并发 1-4,text,true,,723,252,50,55,http://localhost:8080/api/auth/register,281,0,0
1777734681513,371,关键词搜索,400,,常规接口测试-50并发 1-43,text,false,,332,183,50,55,http://localhost:8080/api/search/keyword?q=篮球,336,0,0
1777734681571,326,用户注册,200,,常规接口测试-50并发 1-3,text,true,,724,253,50,55,http://localhost:8080/api/auth/register,284,0,0
1777734681594,314,用户登录,200,,常规接口测试-50并发 1-18,text,true,,319,218,50,55,http://localhost:8080/api/auth/login,265,0,0
1777734681612,412,用户注册,200,,常规接口测试-50并发 1-39,text,true,,724,253,50,55,http://localhost:8080/api/auth/register,279,0,0
1777734681630,420,用户登录,200,,常规接口测试-50并发 1-19,text,true,,319,218,50,55,http://localhost:8080/api/auth/login,292,0,0
1777734681632,432,用户登录,200,,常规接口测试-50并发 1-10,text,true,,319,218,50,55,http://localhost:8080/api/auth/login,376,0,0
1777734681641,424,用户登录,200,,常规接口测试-50并发 1-25,text,true,,319,218,50,55,http://localhost:8080/api/auth/login,372,0,0
1777734681656,422,关键词搜索,400,,常规接口测试-50并发 1-45,text,false,,332,183,50,55,http://localhost:8080/api/search/keyword?q=篮球,420,0,0
1777734681597,483,关键词搜索,400,,常规接口测试-50并发 1-44,text,false,,332,183,50,55,http://localhost:8080/api/search/keyword?q=篮球,432,0,0
1777734681598,484,关键词搜索,400,,常规接口测试-50并发 1-22,text,false,,332,183,50,55,http://localhost:8080/api/search/keyword?q=篮球,435,0,0
1777734681658,426,用户登录,200,,常规接口测试-50并发 1-26,text,true,,319,218,50,55,http://localhost:8080/api/auth/login,377,0,0
1777734681661,431,用户登录,200,,常规接口测试-50并发 1-20,text,true,,319,218,50,55,http://localhost:8080/api/auth/login,377,0,0
1777734681626,477,高级筛选搜索,200,,常规接口测试-50并发 1-30,text,true,,5782,232,50,55,http://localhost:8080/api/post/list/filter?category=运动健身&pageNum=1&pageSize=10,422,0,1
1777734681176,931,获取帖子列表,200,,常规接口测试-50并发 1-47,text,true,,5517,179,50,55,http://localhost:8080/api/post/list?pageNum=1&pageSize=10,877,0,0
1777734681670,445,用户登录,200,,常规接口测试-50并发 1-14,text,true,,319,218,50,55,http://localhost:8080/api/auth/login,389,0,0
1777734681615,514,关键词搜索,400,,常规接口测试-50并发 1-32,text,false,,332,183,50,55,http://localhost:8080/api/search/keyword?q=篮球,453,0,0
1777734681679,452,用户注册,200,,常规接口测试-50并发 1-29,text,true,,724,253,50,55,http://localhost:8080/api/auth/register,391,0,0
1777734681250,916,获取帖子列表,200,,常规接口测试-50并发 1-11,text,true,,5517,179,50,55,http://localhost:8080/api/post/list?pageNum=1&pageSize=10,879,0,0
1777734681710,465,用户登录,200,,常规接口测试-50并发 1-27,text,true,,319,218,50,55,http://localhost:8080/api/auth/login,427,0,0
1777734681711,475,用户注册,200,,常规接口测试-50并发 1-40,text,true,,724,253,50,55,http://localhost:8080/api/auth/register,434,0,0
1777734681736,478,用户登录,200,,常规接口测试-50并发 1-37,text,true,,319,218,50,55,http://localhost:8080/api/auth/login,437,0,0
1777734681679,549,高级筛选搜索,200,,常规接口测试-50并发 1-42,text,true,,5782,232,50,55,http://localhost:8080/api/post/list/filter?category=运动健身&pageNum=1&pageSize=10,507,0,1
1777734681682,566,高级筛选搜索,200,,常规接口测试-50并发 1-1,text,true,,5782,232,50,55,http://localhost:8080/api/post/list/filter?category=运动健身&pageNum=1&pageSize=10,515,0,1
1777734681763,495,用户注册,200,,常规接口测试-50并发 1-2,text,true,,724,253,50,55,http://localhost:8080/api/auth/register,439,0,0
1777734681721,572,关键词搜索,400,,常规接口测试-50并发 1-6,text,false,,332,183,50,55,http://localhost:8080/api/search/keyword?q=篮球,512,0,0
1777734681805,492,用户登录,200,,常规接口测试-50并发 1-28,text,true,,319,218,50,55,http://localhost:8080/api/auth/login,436,0,0
1777734681857,455,用户注册,200,,常规接口测试-50并发 1-41,text,true,,724,253,50,55,http://localhost:8080/api/auth/register,455,0,0
1777734681371,954,获取帖子列表,200,,常规接口测试-50并发 1-48,text,true,,5517,179,50,55,http://localhost:8080/api/post/list?pageNum=1&pageSize=10,900,0,0
1777734681747,583,关键词搜索,400,,常规接口测试-50并发 1-46,text,false,,332,183,50,55,http://localhost:8080/api/search/keyword?q=篮球,527,0,0
1777734681729,604,高级筛选搜索,200,,常规接口测试-50并发 1-5,text,true,,5782,232,50,55,http://localhost:8080/api/post/list/filter?category=运动健身&pageNum=1&pageSize=10,549,0,0
1777734681897,447,用户登录,200,,常规接口测试-50并发 1-3,text,true,,319,218,50,55,http://localhost:8080/api/auth/login,396,0,0
1777734681862,492,用户登录,200,,常规接口测试-50并发 1-21,text,true,,319,218,50,55,http://localhost:8080/api/auth/login,442,0,0
1777734681457,901,获取帖子列表,200,,常规接口测试-50并发 1-16,text,true,,5517,179,50,55,http://localhost:8080/api/post/list?pageNum=1&pageSize=10,855,0,0
1777734681871,499,用户登录,200,,常规接口测试-50并发 1-38,text,true,,319,218,50,55,http://localhost:8080/api/auth/login,450,0,0
1777734681880,515,用户登录,200,,常规接口测试-50并发 1-4,text,true,,319,218,50,55,http://localhost:8080/api/auth/login,453,0,0
1777734681773,642,高级筛选搜索,200,,常规接口测试-50并发 1-31,text,true,,5782,232,50,55,http://localhost:8080/api/post/list/filter?category=运动健身&pageNum=1&pageSize=10,565,0,0
1777734682025,437,用户登录,200,,常规接口测试-50并发 1-39,text,true,,319,218,50,55,http://localhost:8080/api/auth/login,382,0,0
1777734681867,616,关键词搜索,400,,常规接口测试-50并发 1-33,text,false,,332,183,50,55,http://localhost:8080/api/search/keyword?q=篮球,568,0,0
1777734682103,483,用户注册,200,,常规接口测试-50并发 1-30,text,true,,724,253,50,55,http://localhost:8080/api/auth/register,393,0,0
1777734681870,740,高级筛选搜索,200,,常规接口测试-50并发 1-15,text,true,,5782,232,50,55,http://localhost:8080/api/post/list/filter?category=运动健身&pageNum=1&pageSize=10,636,0,0
1777734682131,485,用户登录,200,,常规接口测试-50并发 1-29,text,true,,319,218,50,55,http://localhost:8080/api/auth/login,380,0,0
1777734681884,735,高级筛选搜索,200,,常规接口测试-50并发 1-43,text,true,,5782,232,50,55,http://localhost:8080/api/post/list/filter?category=运动健身&pageNum=1&pageSize=10,630,0,1
1777734681511,1155,获取帖子列表,200,,常规接口测试-50并发 1-34,text,true,,5517,179,50,55,http://localhost:8080/api/post/list?pageNum=1&pageSize=10,1088,0,0
1777734682107,592,关键词搜索,400,,常规接口测试-50并发 1-47,text,false,,332,183,50,55,http://localhost:8080/api/search/keyword?q=篮球,516,0,0
1777734682186,513,用户登录,200,,常规接口测试-50并发 1-40,text,true,,319,218,50,55,http://localhost:8080/api/auth/login,439,0,0
1777734682166,547,关键词搜索,400,,常规接口测试-50并发 1-11,text,false,,332,183,50,55,http://localhost:8080/api/search/keyword?q=篮球,475,0,0
1777734682078,663,高级筛选搜索,200,,常规接口测试-50并发 1-45,text,true,,5782,232,50,55,http://localhost:8080/api/post/list/filter?category=运动健身&pageNum=1&pageSize=10,617,0,1
1777734682082,675,高级筛选搜索,200,,常规接口测试-50并发 1-22,text,true,,5782,232,50,55,http://localhost:8080/api/post/list/filter?category=运动健身&pageNum=1&pageSize=10,628,0,1
1777734682228,530,用户注册,200,,常规接口测试-50并发 1-42,text,true,,724,253,50,55,http://localhost:8080/api/auth/register,486,0,0
1777734681527,1238,获取帖子列表,200,,常规接口测试-50并发 1-8,text,true,,5517,179,50,55,http://localhost:8080/api/post/list?pageNum=1&pageSize=10,1191,0,0
1777734682258,507,用户登录,200,,常规接口测试-50并发 1-2,text,true,,319,218,50,55,http://localhost:8080/api/auth/login,463,0,0
1777734682080,719,高级筛选搜索,200,,常规接口测试-50并发 1-44,text,true,,5782,232,50,55,http://localhost:8080/api/post/list/filter?category=运动健身&pageNum=1&pageSize=10,649,0,1
1777734682129,675,高级筛选搜索,200,,常规接口测试-50并发 1-32,text,true,,5782,232,50,55,http://localhost:8080/api/post/list/filter?category=运动健身&pageNum=1&pageSize=10,602,0,1
1777734682313,492,用户登录,200,,常规接口测试-50并发 1-41,text,true,,319,218,50,55,http://localhost:8080/api/auth/login,419,0,0
1777734682249,563,用户注册,200,,常规接口测试-50并发 1-1,text,true,,720,253,50,55,http://localhost:8080/api/auth/register,485,0,0
1777734681550,1283,获取帖子列表,200,,常规接口测试-50并发 1-49,text,true,,5517,179,50,55,http://localhost:8080/api/post/list?pageNum=1&pageSize=10,1201,0,0
1777734681589,1304,获取帖子列表,200,,常规接口测试-50并发 1-9,text,true,,5517,179,50,55,http://localhost:8080/api/post/list?pageNum=1&pageSize=10,1240,0,0
1777734681585,1313,获取帖子列表,200,,常规接口测试-50并发 1-23,text,true,,5517,179,50,55,http://localhost:8080/api/post/list?pageNum=1&pageSize=10,1257,0,0
1777734682333,569,用户注册,200,,常规接口测试-50并发 1-5,text,true,,724,253,50,55,http://localhost:8080/api/auth/register,511,0,0
1777734681611,1303,获取帖子列表,200,,常规接口测试-50并发 1-12,text,true,,5517,179,50,55,http://localhost:8080/api/post/list?pageNum=1&pageSize=10,1253,0,0
1777734682293,629,高级筛选搜索,200,,常规接口测试-50并发 1-6,text,true,,5782,232,50,55,http://localhost:8080/api/post/list/filter?category=运动健身&pageNum=1&pageSize=10,575,0,1
1777734682358,595,关键词搜索,400,,常规接口测试-50并发 1-16,text,false,,332,183,50,55,http://localhost:8080/api/search/keyword?q=篮球,544,0,0
1777734681634,1339,获取帖子列表,200,,常规接口测试-50并发 1-24,text,true,,5517,179,50,55,http://localhost:8080/api/post/list?pageNum=1&pageSize=10,1284,0,0
1777734682325,648,关键词搜索,400,,常规接口测试-50并发 1-48,text,false,,332,183,50,55,http://localhost:8080/api/search/keyword?q=篮球,593,0,0
1777734682416,561,用户注册,200,,常规接口测试-50并发 1-31,text,true,,724,253,50,55,http://localhost:8080/api/auth/register,506,0,0
1777734682330,710,高级筛选搜索,200,,常规接口测试-50并发 1-46,text,true,,5782,232,50,55,http://localhost:8080/api/post/list/filter?category=运动健身&pageNum=1&pageSize=10,661,0,0
1777734682587,491,用户登录,200,,常规接口测试-50并发 1-30,text,true,,319,218,50,55,http://localhost:8080/api/auth/login,442,0,0
1777734682611,495,用户注册,200,,常规接口测试-50并发 1-15,text,true,,724,253,50,55,http://localhost:8080/api/auth/register,448,0,0
1777734682620,512,用户注册,200,,常规接口测试-50并发 1-43,text,true,,724,253,50,55,http://localhost:8080/api/auth/register,451,0,0
1777734681709,1438,获取帖子列表,200,,常规接口测试-50并发 1-35,text,true,,5517,179,50,55,http://localhost:8080/api/post/list?pageNum=1&pageSize=10,1377,0,0
1777734682741,428,用户注册,200,,常规接口测试-50并发 1-45,text,true,,722,253,50,55,http://localhost:8080/api/auth/register,370,0,0
1777734681705,1472,获取帖子列表,200,,常规接口测试-50并发 1-50,text,true,,5517,179,50,55,http://localhost:8080/api/post/list?pageNum=1&pageSize=10,1414,0,0
1777734682483,716,高级筛选搜索,200,,常规接口测试-50并发 1-33,text,true,,5782,232,50,55,http://localhost:8080/api/post/list/filter?category=运动健身&pageNum=1&pageSize=10,668,0,1
1777734681683,1520,获取帖子列表,200,,常规接口测试-50并发 1-17,text,true,,5517,179,50,55,http://localhost:8080/api/post/list?pageNum=1&pageSize=10,1471,0,0
1777734682758,470,用户登录,200,,常规接口测试-50并发 1-42,text,true,,319,218,50,55,http://localhost:8080/api/auth/login,422,0,0
1777734682666,570,关键词搜索,400,,常规接口测试-50并发 1-34,text,false,,332,183,50,55,http://localhost:8080/api/search/keyword?q=篮球,524,0,0
1777734682758,478,用户注册,200,,常规接口测试-50并发 1-22,text,true,,724,253,50,55,http://localhost:8080/api/auth/register,434,0,0
1777734682812,441,用户登录,200,,常规接口测试-50并发 1-1,text,true,,319,218,50,55,http://localhost:8080/api/auth/login,394,0,0
1777734682799,464,用户注册,200,,常规接口测试-50并发 1-44,text,true,,724,253,50,55,http://localhost:8080/api/auth/register,415,0,0
1777734682804,463,用户注册,200,,常规接口测试-50并发 1-32,text,true,,724,253,50,55,http://localhost:8080/api/auth/register,413,0,0
1777734682765,544,关键词搜索,400,,常规接口测试-50并发 1-8,text,false,,332,183,50,55,http://localhost:8080/api/search/keyword?q=篮球,496,0,0
1777734682903,415,用户登录,200,,常规接口测试-50并发 1-5,text,true,,319,218,50,55,http://localhost:8080/api/auth/login,368,0,0
1777734682834,547,关键词搜索,400,,常规接口测试-50并发 1-49,text,false,,332,183,50,55,http://localhost:8080/api/search/keyword?q=篮球,461,0,0
1777734681771,1617,获取帖子列表,200,,常规接口测试-50并发 1-7,text,true,,5517,179,50,55,http://localhost:8080/api/post/list?pageNum=1&pageSize=10,1531,0,0
1777734682922,467,用户注册,200,,常规接口测试-50并发 1-6,text,true,,724,253,50,55,http://localhost:8080/api/auth/register,383,0,0
1777734682699,705,高级筛选搜索,200,,常规接口测试-50并发 1-47,text,true,,5782,232,50,55,http://localhost:8080/api/post/list/filter?category=运动健身&pageNum=1&pageSize=10,656,0,1
1777734682714,699,高级筛选搜索,200,,常规接口测试-50并发 1-11,text,true,,5782,232,50,55,http://localhost:8080/api/post/list/filter?category=运动健身&pageNum=1&pageSize=10,654,0,0
1777734682977,439,用户登录,200,,常规接口测试-50并发 1-31,text,true,,319,218,50,55,http://localhost:8080/api/auth/login,395,0,0
1777734682894,525,关键词搜索,400,,常规接口测试-50并发 1-9,text,false,,332,183,50,55,http://localhost:8080/api/search/keyword?q=篮球,480,0,0
1777734682898,532,关键词搜索,400,,常规接口测试-50并发 1-23,text,false,,332,183,50,55,http://localhost:8080/api/search/keyword?q=篮球,488,0,0
1777734682914,536,关键词搜索,400,,常规接口测试-50并发 1-12,text,false,,332,183,50,55,http://localhost:8080/api/search/keyword?q=篮球,488,0,0
1777734683040,458,用户注册,200,,常规接口测试-50并发 1-46,text,true,,724,253,50,55,http://localhost:8080/api/auth/register,405,0,0
1777734682973,547,关键词搜索,400,,常规接口测试-50并发 1-24,text,false,,332,183,50,55,http://localhost:8080/api/search/keyword?q=篮球,482,0,0
1777734682953,595,高级筛选搜索,200,,常规接口测试-50并发 1-16,text,true,,5782,232,50,55,http://localhost:8080/api/post/list/filter?category=运动健身&pageNum=1&pageSize=10,517,0,1
1777734683106,483,用户登录,200,,常规接口测试-50并发 1-15,text,true,,319,218,50,55,http://localhost:8080/api/auth/login,407,0,0
1777734681868,1747,获取帖子列表,200,,常规接口测试-50并发 1-13,text,true,,5517,179,50,55,http://localhost:8080/api/post/list?pageNum=1&pageSize=10,1659,0,0
1777734683132,510,用户登录,200,,常规接口测试-50并发 1-43,text,true,,319,218,50,55,http://localhost:8080/api/auth/login,413,0,0
1777734681873,1790,获取帖子列表,200,,常规接口测试-50并发 1-36,text,true,,5517,179,50,55,http://localhost:8080/api/post/list?pageNum=1&pageSize=10,1693,0,0
1777734682973,691,高级筛选搜索,200,,常规接口测试-50并发 1-48,text,true,,5782,232,50,55,http://localhost:8080/api/post/list/filter?category=运动健身&pageNum=1&pageSize=10,596,0,1
1777734683169,503,用户登录,200,,常规接口测试-50并发 1-45,text,true,,319,218,50,55,http://localhost:8080/api/auth/login,416,0,0
1777734681909,1772,获取帖子列表,200,,常规接口测试-50并发 1-18,text,true,,5517,179,50,55,http://localhost:8080/api/post/list?pageNum=1&pageSize=10,1704,0,0
1777734683200,513,用户注册,200,,常规接口测试-50并发 1-33,text,true,,724,253,50,55,http://localhost:8080/api/auth/register,470,0,0
1777734683147,587,关键词搜索,400,,常规接口测试-50并发 1-35,text,false,,332,183,50,55,http://localhost:8080/api/search/keyword?q=篮球,540,0,0
1777734682066,1672,获取帖子列表,200,,常规接口测试-50并发 1-25,text,true,,5517,179,50,55,http://localhost:8080/api/post/list?pageNum=1&pageSize=10,1626,0,0
1777734683236,502,用户登录,200,,常规接口测试-50并发 1-22,text,true,,319,218,50,55,http://localhost:8080/api/auth/login,456,0,0
1777734683203,540,关键词搜索,400,,常规接口测试-50并发 1-17,text,false,,332,183,50,55,http://localhost:8080/api/search/keyword?q=篮球,494,0,0
1777734682064,1697,获取帖子列表,200,,常规接口测试-50并发 1-10,text,true,,5517,179,50,55,http://localhost:8080/api/post/list?pageNum=1&pageSize=10,1642,0,0
1777734683264,499,用户登录,200,,常规接口测试-50并发 1-44,text,true,,319,218,50,55,http://localhost:8080/api/auth/login,445,0,0
1777734683267,513,用户登录,200,,常规接口测试-50并发 1-32,text,true,,319,218,50,55,http://localhost:8080/api/auth/login,459,0,0
1777734683177,605,关键词搜索,400,,常规接口测试-50并发 1-50,text,false,,332,183,50,55,http://localhost:8080/api/search/keyword?q=篮球,550,0,0
1777734682051,1734,获取帖子列表,200,,常规接口测试-50并发 1-19,text,true,,5517,179,50,55,http://localhost:8080/api/post/list?pageNum=1&pageSize=10,1679,0,0
1777734682084,1709,获取帖子列表,200,,常规接口测试-50并发 1-26,text,true,,5517,179,50,55,http://localhost:8080/api/post/list?pageNum=1&pageSize=10,1650,0,0
1777734682092,1709,获取帖子列表,200,,常规接口测试-50并发 1-20,text,true,,5517,179,50,55,http://localhost:8080/api/post/list?pageNum=1&pageSize=10,1644,0,0
1777734682116,1708,获取帖子列表,200,,常规接口测试-50并发 1-14,text,true,,5517,179,50,55,http://localhost:8080/api/post/list?pageNum=1&pageSize=10,1655,0,0
1777734683236,592,高级筛选搜索,200,,常规接口测试-50并发 1-34,text,true,,5782,232,50,55,http://localhost:8080/api/post/list/filter?category=运动健身&pageNum=1&pageSize=10,539,0,0
1777734682176,1667,获取帖子列表,200,,常规接口测试-50并发 1-27,text,true,,5517,179,50,55,http://localhost:8080/api/post/list?pageNum=1&pageSize=10,1633,0,0
1777734682215,1633,获取帖子列表,200,,常规接口测试-50并发 1-37,text,true,,5517,179,50,55,http://localhost:8080/api/post/list?pageNum=1&pageSize=10,1601,0,0
1777734683389,471,用户登录,200,,常规接口测试-50并发 1-6,text,true,,319,218,50,55,http://localhost:8080/api/auth/login,439,0,0
1777734682297,1576,获取帖子列表,200,,常规接口测试-50并发 1-28,text,true,,5517,179,50,55,http://localhost:8080/api/post/list?pageNum=1&pageSize=10,1540,0,0
1777734683405,478,用户注册,200,,常规接口测试-50并发 1-47,text,true,,724,253,50,55,http://localhost:8080/api/auth/register,440,0,0
1777734683414,471,用户注册,200,,常规接口测试-50并发 1-11,text,true,,724,253,50,55,http://localhost:8080/api/auth/register,433,0,0
1777734683382,508,高级筛选搜索,200,,常规接口测试-50并发 1-49,text,true,,5782,232,50,55,http://localhost:8080/api/post/list/filter?category=运动健身&pageNum=1&pageSize=10,468,0,0
1777734682344,1550,获取帖子列表,200,,常规接口测试-50并发 1-3,text,true,,5517,179,50,55,http://localhost:8080/api/post/list?pageNum=1&pageSize=10,1512,0,0
1777734683309,586,高级筛选搜索,200,,常规接口测试-50并发 1-8,text,true,,5782,232,50,55,http://localhost:8080/api/post/list/filter?category=运动健身&pageNum=1&pageSize=10,548,0,1
1777734682355,1548,获取帖子列表,200,,常规接口测试-50并发 1-21,text,true,,5517,179,50,55,http://localhost:8080/api/post/list?pageNum=1&pageSize=10,1509,0,0
1777734683388,530,关键词搜索,400,,常规接口测试-50并发 1-7,text,false,,332,183,50,55,http://localhost:8080/api/search/keyword?q=篮球,496,0,0
1777734683498,432,用户登录,200,,常规接口测试-50并发 1-46,text,true,,319,218,50,55,http://localhost:8080/api/auth/login,398,0,0
1777734683419,523,高级筛选搜索,200,,常规接口测试-50并发 1-9,text,true,,5782,232,50,55,http://localhost:8080/api/post/list/filter?category=运动健身&pageNum=1&pageSize=10,486,0,1
1777734682396,1550,获取帖子列表,200,,常规接口测试-50并发 1-4,text,true,,5517,179,50,55,http://localhost:8080/api/post/list?pageNum=1&pageSize=10,1510,0,0
1777734682370,1576,获取帖子列表,200,,常规接口测试-50并发 1-38,text,true,,5517,179,50,55,http://localhost:8080/api/post/list?pageNum=1&pageSize=10,1537,0,0
1777734683430,521,高级筛选搜索,200,,常规接口测试-50并发 1-23,text,true,,5782,232,50,55,http://localhost:8080/api/post/list/filter?category=运动健身&pageNum=1&pageSize=10,483,0,1
1777734682462,1502,获取帖子列表,200,,常规接口测试-50并发 1-39,text,true,,5517,179,50,55,http://localhost:8080/api/post/list?pageNum=1&pageSize=10,1459,0,0
1777734683450,517,高级筛选搜索,200,,常规接口测试-50并发 1-12,text,true,,5782,232,50,55,http://localhost:8080/api/post/list/filter?category=运动健身&pageNum=1&pageSize=10,473,0,1
1777734683548,432,用户注册,200,,常规接口测试-50并发 1-16,text,true,,724,253,50,55,http://localhost:8080/api/auth/register,386,0,0
1777734682616,1381,获取帖子列表,200,,常规接口测试-50并发 1-29,text,true,,5517,179,50,55,http://localhost:8080/api/post/list?pageNum=1&pageSize=10,1337,0,0
1777734683664,373,用户注册,200,,常规接口测试-50并发 1-48,text,true,,724,253,50,55,http://localhost:8080/api/auth/register,324,0,0
1777734683521,539,高级筛选搜索,200,,常规接口测试-50并发 1-24,text,true,,5782,232,50,55,http://localhost:8080/api/post/list/filter?category=运动健身&pageNum=1&pageSize=10,479,0,0
1777734682699,1384,获取帖子列表,200,,常规接口测试-50并发 1-40,text,true,,5517,179,50,55,http://localhost:8080/api/post/list?pageNum=1&pageSize=10,1313,0,0
1777734682765,1320,获取帖子列表,200,,常规接口测试-50并发 1-2,text,true,,5517,179,50,55,http://localhost:8080/api/post/list?pageNum=1&pageSize=10,1251,0,0
1777734683713,377,用户登录,200,,常规接口测试-50并发 1-33,text,true,,319,218,50,55,http://localhost:8080/api/auth/login,312,0,0
1777734683616,486,关键词搜索,400,,常规接口测试-50并发 1-13,text,false,,332,183,50,55,http://localhost:8080/api/search/keyword?q=篮球,417,0,0
1777734682805,1324,获取帖子列表,200,,常规接口测试-50并发 1-41,text,true,,5517,179,50,55,http://localhost:8080/api/post/list?pageNum=1&pageSize=10,1265,0,0
1777734683664,468,关键词搜索,400,,常规接口测试-50并发 1-36,text,false,,332,183,50,55,http://localhost:8080/api/search/keyword?q=篮球,411,0,0
1777734683681,464,关键词搜索,400,,常规接口测试-50并发 1-18,text,false,,332,183,50,55,http://localhost:8080/api/search/keyword?q=篮球,418,0,0
1777734683793,434,关键词搜索,400,,常规接口测试-50并发 1-26,text,false,,332,183,50,55,http://localhost:8080/api/search/keyword?q=篮球,360,0,0
1777734683828,408,用户注册,200,,常规接口测试-50并发 1-34,text,true,,724,253,50,55,http://localhost:8080/api/auth/register,335,0,0
1777734683738,500,关键词搜索,400,,常规接口测试-50并发 1-25,text,false,,332,183,50,55,http://localhost:8080/api/search/keyword?q=篮球,427,0,0
1777734683761,493,关键词搜索,400,,常规接口测试-50并发 1-10,text,false,,332,183,50,55,http://localhost:8080/api/search/keyword?q=篮球,437,0,0
1777734683825,431,关键词搜索,400,,常规接口测试-50并发 1-14,text,false,,332,183,50,55,http://localhost:8080/api/search/keyword?q=篮球,382,0,0
1777734683785,472,关键词搜索,400,,常规接口测试-50并发 1-19,text,false,,332,183,50,55,http://localhost:8080/api/search/keyword?q=篮球,427,0,0
1777734683734,525,高级筛选搜索,200,,常规接口测试-50并发 1-35,text,true,,5782,232,50,55,http://localhost:8080/api/post/list/filter?category=运动健身&pageNum=1&pageSize=10,480,0,1
1777734683744,519,高级筛选搜索,200,,常规接口测试-50并发 1-17,text,true,,5782,232,50,55,http://localhost:8080/api/post/list/filter?category=运动健身&pageNum=1&pageSize=10,480,0,1
1777734683801,467,关键词搜索,400,,常规接口测试-50并发 1-20,text,false,,332,183,50,55,http://localhost:8080/api/search/keyword?q=篮球,432,0,0
1777734683782,491,高级筛选搜索,200,,常规接口测试-50并发 1-50,text,true,,5782,232,50,55,http://localhost:8080/api/post/list/filter?category=运动健身&pageNum=1&pageSize=10,460,0,0
1777734683079,1197,获取帖子列表,200,,常规接口测试-50并发 1-30,text,true,,5517,179,50,55,http://localhost:8080/api/post/list?pageNum=1&pageSize=10,1167,0,0
1777734683883,395,用户登录,200,,常规接口测试-50并发 1-47,text,true,,319,218,50,55,http://localhost:8080/api/auth/login,367,0,0
1777734683886,394,用户登录,200,,常规接口测试-50并发 1-11,text,true,,319,218,50,55,http://localhost:8080/api/auth/login,365,0,0
1777734683890,404,用户注册,200,,常规接口测试-50并发 1-49,text,true,,724,253,50,55,http://localhost:8080/api/auth/register,373,0,0
1777734683895,403,用户注册,200,,常规接口测试-50并发 1-8,text,true,,722,253,50,55,http://localhost:8080/api/auth/register,370,0,0
1777734683844,466,关键词搜索,400,,常规接口测试-50并发 1-27,text,false,,332,183,50,55,http://localhost:8080/api/search/keyword?q=篮球,430,0,0
1777734683849,468,关键词搜索,400,,常规接口测试-50并发 1-37,text,false,,332,183,50,55,http://localhost:8080/api/search/keyword?q=篮球,433,0,0
1777734683873,468,关键词搜索,400,,常规接口测试-50并发 1-28,text,false,,332,183,50,55,http://localhost:8080/api/search/keyword?q=篮球,430,0,0
1777734683942,410,用户注册,200,,常规接口测试-50并发 1-9,text,true,,724,253,50,55,http://localhost:8080/api/auth/register,365,0,0
1777734683228,1125,获取帖子列表,200,,常规接口测试-50并发 1-42,text,true,,5517,179,50,55,http://localhost:8080/api/post/list?pageNum=1&pageSize=10,1080,0,0
1777734683951,415,用户注册,200,,常规接口测试-50并发 1-23,text,true,,724,253,50,55,http://localhost:8080/api/auth/register,364,0,0
1777734683894,475,关键词搜索,400,,常规接口测试-50并发 1-3,text,false,,332,183,50,55,http://localhost:8080/api/search/keyword?q=篮球,424,0,0
1777734683968,409,用户注册,200,,常规接口测试-50并发 1-12,text,true,,720,253,50,55,http://localhost:8080/api/auth/register,354,0,0
1777734683980,399,用户登录,200,,常规接口测试-50并发 1-16,text,true,,319,218,50,55,http://localhost:8080/api/auth/login,344,0,0
1777734683254,1126,获取帖子列表,200,,常规接口测试-50并发 1-1,text,true,,5517,179,50,55,http://localhost:8080/api/post/list?pageNum=1&pageSize=10,1073,0,0
1777734683903,479,关键词搜索,400,,常规接口测试-50并发 1-21,text,false,,332,183,50,55,http://localhost:8080/api/search/keyword?q=篮球,424,0,0
1777734683918,471,高级筛选搜索,200,,常规接口测试-50并发 1-7,text,true,,5782,232,50,55,http://localhost:8080/api/post/list/filter?category=运动健身&pageNum=1&pageSize=10,421,0,1
1777734683946,496,关键词搜索,400,,常规接口测试-50并发 1-4,text,false,,332,183,50,55,http://localhost:8080/api/search/keyword?q=篮球,442,0,0
1777734683946,497,关键词搜索,400,,常规接口测试-50并发 1-38,text,false,,332,183,50,55,http://localhost:8080/api/search/keyword?q=篮球,442,0,0
1777734684037,411,用户登录,200,,常规接口测试-50并发 1-48,text,true,,319,218,50,55,http://localhost:8080/api/auth/login,355,0,0
1777734683318,1133,获取帖子列表,200,,常规接口测试-50并发 1-5,text,true,,5517,179,50,55,http://localhost:8080/api/post/list?pageNum=1&pageSize=10,1076,0,0
1777734683964,505,关键词搜索,400,,常规接口测试-50并发 1-39,text,false,,332,183,50,55,http://localhost:8080/api/search/keyword?q=篮球,445,0,0
1777734684061,423,用户注册,200,,常规接口测试-50并发 1-24,text,true,,724,253,50,55,http://localhost:8080/api/auth/register,367,0,0
1777734683997,511,关键词搜索,400,,常规接口测试-50并发 1-29,text,false,,332,183,50,55,http://localhost:8080/api/search/keyword?q=篮球,465,0,0
1777734683417,1094,获取帖子列表,200,,常规接口测试-50并发 1-31,text,true,,5517,179,50,55,http://localhost:8080/api/post/list?pageNum=1&pageSize=10,1045,0,0
1777734684083,469,关键词搜索,400,,常规接口测试-50并发 1-40,text,false,,332,183,50,55,http://localhost:8080/api/search/keyword?q=篮球,435,0,0
1777734684086,470,关键词搜索,400,,常规接口测试-50并发 1-2,text,false,,332,183,50,55,http://localhost:8080/api/search/keyword?q=篮球,435,0,0
1777734684102,463,高级筛选搜索,200,,常规接口测试-50并发 1-13,text,true,,5782,232,50,55,http://localhost:8080/api/post/list/filter?category=运动健身&pageNum=1&pageSize=10,429,0,1
1777734684145,422,高级筛选搜索,200,,常规接口测试-50并发 1-18,text,true,,5782,232,50,55,http://localhost:8080/api/post/list/filter?category=运动健身&pageNum=1&pageSize=10,387,0,1
1777734684236,343,用户登录,200,,常规接口测试-50并发 1-34,text,true,,319,218,50,55,http://localhost:8080/api/auth/login,308,0,0
1777734684129,460,关键词搜索,400,,常规接口测试-50并发 1-41,text,false,,332,183,50,55,http://localhost:8080/api/search/keyword?q=篮球,420,0,0
1777734684132,493,高级筛选搜索,200,,常规接口测试-50并发 1-36,text,true,,5782,232,50,55,http://localhost:8080/api/post/list/filter?category=运动健身&pageNum=1&pageSize=10,442,0,1
1777734684259,367,用户注册,200,,常规接口测试-50并发 1-35,text,true,,724,253,50,55,http://localhost:8080/api/auth/register,319,0,0
1777734684263,366,用户注册,200,,常规接口测试-50并发 1-17,text,true,,724,253,50,55,http://localhost:8080/api/auth/register,318,0,0
1777734684273,370,用户注册,200,,常规接口测试-50并发 1-50,text,true,,724,253,50,55,http://localhost:8080/api/auth/register,333,0,0
1777734683642,1003,获取帖子列表,200,,常规接口测试-50并发 1-43,text,true,,5517,179,50,55,http://localhost:8080/api/post/list?pageNum=1&pageSize=10,968,0,0
1777734684294,358,用户登录,200,,常规接口测试-50并发 1-49,text,true,,319,218,50,55,http://localhost:8080/api/auth/login,325,0,0
1777734684299,364,用户登录,200,,常规接口测试-50并发 1-8,text,true,,319,218,50,55,http://localhost:8080/api/auth/login,325,0,0
1777734684257,426,高级筛选搜索,200,,常规接口测试-50并发 1-19,text,true,,5782,232,50,55,http://localhost:8080/api/post/list/filter?category=运动健身&pageNum=1&pageSize=10,382,0,1
1777734683590,1096,获取帖子列表,200,,常规接口测试-50并发 1-15,text,true,,5517,179,50,55,http://localhost:8080/api/post/list?pageNum=1&pageSize=10,1050,0,0
1777734684227,483,高级筛选搜索,200,,常规接口测试-50并发 1-26,text,true,,5782,232,50,55,http://localhost:8080/api/post/list/filter?category=运动健身&pageNum=1&pageSize=10,432,0,1
1777734684238,473,高级筛选搜索,200,,常规接口测试-50并发 1-25,text,true,,5782,232,50,55,http://localhost:8080/api/post/list/filter?category=运动健身&pageNum=1&pageSize=10,422,0,0
1777734683672,1045,获取帖子列表,200,,常规接口测试-50并发 1-45,text,true,,5517,179,50,55,http://localhost:8080/api/post/list?pageNum=1&pageSize=10,1002,0,0
1777734684352,366,用户登录,200,,常规接口测试-50并发 1-9,text,true,,319,218,50,55,http://localhost:8080/api/auth/login,322,0,0
1777734684276,442,关键词搜索,400,,常规接口测试-50并发 1-30,text,false,,332,183,50,55,http://localhost:8080/api/search/keyword?q=篮球,400,0,0
1777734684254,465,高级筛选搜索,200,,常规接口测试-50并发 1-10,text,true,,5782,232,50,55,http://localhost:8080/api/post/list/filter?category=运动健身&pageNum=1&pageSize=10,427,0,1
1777734684366,355,用户登录,200,,常规接口测试-50并发 1-23,text,true,,319,218,50,55,http://localhost:8080/api/auth/login,322,0,0
1777734684377,347,用户登录,200,,常规接口测试-50并发 1-12,text,true,,319,218,50,55,http://localhost:8080/api/auth/login,316,0,0
1777734683738,987,获取帖子列表,200,,常规接口测试-50并发 1-22,text,true,,5517,179,50,55,http://localhost:8080/api/post/list?pageNum=1&pageSize=10,958,0,0
1777734684256,470,高级筛选搜索,200,,常规接口测试-50并发 1-14,text,true,,5782,232,50,55,http://localhost:8080/api/post/list/filter?category=运动健身&pageNum=1&pageSize=10,444,0,1
1777734683763,969,获取帖子列表,200,,常规接口测试-50并发 1-44,text,true,,5517,179,50,55,http://localhost:8080/api/post/list?pageNum=1&pageSize=10,944,0,0
1777734684268,465,高级筛选搜索,200,,常规接口测试-50并发 1-20,text,true,,5782,232,50,55,http://localhost:8080/api/post/list/filter?category=运动健身&pageNum=1&pageSize=10,441,0,1
1777734684389,355,用户注册,200,,常规接口测试-50并发 1-7,text,true,,721,252,50,55,http://localhost:8080/api/auth/register,330,0,0
1777734684341,404,高级筛选搜索,200,,常规接口测试-50并发 1-28,text,true,,5782,232,50,55,http://localhost:8080/api/post/list/filter?category=运动健身&pageNum=1&pageSize=10,378,0,1
1777734683780,971,获取帖子列表,200,,常规接口测试-50并发 1-32,text,true,,5517,179,50,55,http://localhost:8080/api/post/list?pageNum=1&pageSize=10,944,0,0
1777734684310,451,高级筛选搜索,200,,常规接口测试-50并发 1-27,text,true,,5782,232,50,55,http://localhost:8080/api/post/list/filter?category=运动健身&pageNum=1&pageSize=10,423,0,1
1777734684318,445,高级筛选搜索,200,,常规接口测试-50并发 1-37,text,true,,5782,232,50,55,http://localhost:8080/api/post/list/filter?category=运动健身&pageNum=1&pageSize=10,418,0,0
1777734684353,418,关键词搜索,400,,常规接口测试-50并发 1-42,text,false,,332,183,50,55,http://localhost:8080/api/search/keyword?q=篮球,387,0,0
1777734684381,410,关键词搜索,400,,常规接口测试-50并发 1-1,text,false,,332,183,50,55,http://localhost:8080/api/search/keyword?q=篮球,368,0,0
1777734684484,315,用户登录,200,,常规接口测试-50并发 1-24,text,true,,319,218,50,55,http://localhost:8080/api/auth/login,270,0,0
1777734684370,433,高级筛选搜索,200,,常规接口测试-50并发 1-3,text,true,,5782,232,50,55,http://localhost:8080/api/post/list/filter?category=运动健身&pageNum=1&pageSize=10,387,0,0
1777734684382,438,高级筛选搜索,200,,常规接口测试-50并发 1-21,text,true,,5782,232,50,55,http://localhost:8080/api/post/list/filter?category=运动健身&pageNum=1&pageSize=10,391,0,1
1777734683860,982,获取帖子列表,200,,常规接口测试-50并发 1-6,text,true,,5517,179,50,55,http://localhost:8080/api/post/list?pageNum=1&pageSize=10,941,0,0
1777734684444,401,高级筛选搜索,200,,常规接口测试-50并发 1-38,text,true,,5782,232,50,55,http://localhost:8080/api/post/list/filter?category=运动健身&pageNum=1&pageSize=10,361,0,0
1777734684443,403,高级筛选搜索,200,,常规接口测试-50并发 1-4,text,true,,5782,232,50,55,http://localhost:8080/api/post/list/filter?category=运动健身&pageNum=1&pageSize=10,363,0,0
1777734684470,379,高级筛选搜索,200,,常规接口测试-50并发 1-39,text,true,,5782,232,50,55,http://localhost:8080/api/post/list/filter?category=运动健身&pageNum=1&pageSize=10,340,0,0
1777734684451,403,关键词搜索,400,,常规接口测试-50并发 1-5,text,false,,332,183,50,55,http://localhost:8080/api/search/keyword?q=篮球,368,0,0
1777734683930,949,获取帖子列表,200,,常规接口测试-50并发 1-46,text,true,,5517,179,50,55,http://localhost:8080/api/post/list?pageNum=1&pageSize=10,917,0,0
1777734684565,320,用户注册,200,,常规接口测试-50并发 1-13,text,true,,724,253,50,55,http://localhost:8080/api/auth/register,288,0,0
1777734684567,324,用户注册,200,,常规接口测试-50并发 1-18,text,true,,724,253,50,55,http://localhost:8080/api/auth/register,290,0,0
1777734684511,384,关键词搜索,400,,常规接口测试-50并发 1-31,text,false,,332,183,50,55,http://localhost:8080/api/search/keyword?q=篮球,346,0,0
1777734684509,402,高级筛选搜索,200,,常规接口测试-50并发 1-29,text,true,,5782,232,50,55,http://localhost:8080/api/post/list/filter?category=运动健身&pageNum=1&pageSize=10,357,0,1
1777734684627,306,用户登录,200,,常规接口测试-50并发 1-35,text,true,,319,218,50,55,http://localhost:8080/api/auth/login,262,0,0
1777734684629,309,用户登录,200,,常规接口测试-50并发 1-17,text,true,,319,218,50,55,http://localhost:8080/api/auth/login,270,0,0
1777734684625,315,用户注册,200,,常规接口测试-50并发 1-36,text,true,,724,253,50,55,http://localhost:8080/api/auth/register,275,0,0
1777734684553,396,高级筛选搜索,200,,常规接口测试-50并发 1-40,text,true,,5782,232,50,55,http://localhost:8080/api/post/list/filter?category=运动健身&pageNum=1&pageSize=10,362,0,0
1777734684643,307,用户登录,200,,常规接口测试-50并发 1-50,text,true,,319,218,50,55,http://localhost:8080/api/auth/login,272,0,0
1777734684556,402,高级筛选搜索,200,,常规接口测试-50并发 1-2,text,true,,5782,232,50,55,http://localhost:8080/api/post/list/filter?category=运动健身&pageNum=1&pageSize=10,364,0,1
1777734684684,284,用户注册,200,,常规接口测试-50并发 1-19,text,true,,724,253,50,55,http://localhost:8080/api/auth/register,241,0,0
1777734684589,381,高级筛选搜索,200,,常规接口测试-50并发 1-41,text,true,,5782,232,50,55,http://localhost:8080/api/post/list/filter?category=运动健身&pageNum=1&pageSize=10,339,0,1
1777734684711,277,用户注册,200,,常规接口测试-50并发 1-25,text,true,,724,253,50,55,http://localhost:8080/api/auth/register,234,0,0
1777734684726,325,用户注册,200,,常规接口测试-50并发 1-14,text,true,,724,253,50,55,http://localhost:8080/api/auth/register,251,0,0
1777734684711,379,用户注册,200,,常规接口测试-50并发 1-26,text,true,,723,252,50,55,http://localhost:8080/api/auth/register,273,0,0
1777734684645,460,关键词搜索,400,,常规接口测试-50并发 1-43,text,false,,332,183,50,55,http://localhost:8080/api/search/keyword?q=篮球,346,0,0
1777734684090,1023,获取帖子列表,200,,常规接口测试-50并发 1-33,text,true,,5517,179,50,55,http://localhost:8080/api/post/list?pageNum=1&pageSize=10,907,0,0
1777734684720,401,用户注册,200,,常规接口测试-50并发 1-10,text,true,,724,253,50,55,http://localhost:8080/api/auth/register,321,0,0
1777734684733,401,用户注册,200,,常规接口测试-50并发 1-20,text,true,,722,251,50,55,http://localhost:8080/api/auth/register,326,0,0
1777734684686,450,关键词搜索,400,,常规接口测试-50并发 1-15,text,false,,332,183,50,55,http://localhost:8080/api/search/keyword?q=篮球,401,0,0
1777734684744,395,用户登录,200,,常规接口测试-50并发 1-7,text,true,,319,218,50,55,http://localhost:8080/api/auth/login,349,0,0
1777734684746,411,用户注册,200,,常规接口测试-50并发 1-28,text,true,,724,253,50,55,http://localhost:8080/api/auth/register,368,0,0
1777734684717,459,关键词搜索,400,,常规接口测试-50并发 1-45,text,false,,332,183,50,55,http://localhost:8080/api/search/keyword?q=篮球,415,0,0
1777734684761,430,用户注册,200,,常规接口测试-50并发 1-27,text,true,,724,253,50,55,http://localhost:8080/api/auth/register,378,0,0
1777734684763,430,用户注册,200,,常规接口测试-50并发 1-37,text,true,,724,253,50,55,http://localhost:8080/api/auth/register,377,0,0
1777734684725,475,关键词搜索,400,,常规接口测试-50并发 1-22,text,false,,332,183,50,55,http://localhost:8080/api/search/keyword?q=篮球,428,0,0
1777734684732,477,关键词搜索,400,,常规接口测试-50并发 1-44,text,false,,332,183,50,55,http://localhost:8080/api/search/keyword?q=篮球,429,0,0
1777734684718,497,高级筛选搜索,200,,常规接口测试-50并发 1-30,text,true,,5782,232,50,55,http://localhost:8080/api/post/list/filter?category=运动健身&pageNum=1&pageSize=10,453,0,1
1777734684804,415,用户注册,200,,常规接口测试-50并发 1-3,text,true,,724,253,50,55,http://localhost:8080/api/auth/register,371,0,0
1777734684821,409,用户注册,200,,常规接口测试-50并发 1-21,text,true,,724,253,50,55,http://localhost:8080/api/auth/register,373,0,0
1777734684751,482,关键词搜索,400,,常规接口测试-50并发 1-32,text,false,,332,183,50,55,http://localhost:8080/api/search/keyword?q=篮球,445,0,0
1777734684846,419,用户注册,200,,常规接口测试-50并发 1-38,text,true,,723,252,50,55,http://localhost:8080/api/auth/register,371,0,0
1777734684846,426,用户注册,200,,常规接口测试-50并发 1-4,text,true,,724,253,50,55,http://localhost:8080/api/auth/register,376,0,0
1777734684850,428,用户注册,200,,常规接口测试-50并发 1-39,text,true,,724,253,50,55,http://localhost:8080/api/auth/register,374,0,0
1777734684771,521,高级筛选搜索,200,,常规接口测试-50并发 1-42,text,true,,5782,232,50,55,http://localhost:8080/api/post/list/filter?category=运动健身&pageNum=1&pageSize=10,466,0,1
1777734684280,1020,获取帖子列表,200,,常规接口测试-50并发 1-11,text,true,,5517,179,50,55,http://localhost:8080/api/post/list?pageNum=1&pageSize=10,965,0,0
1777734684791,511,高级筛选搜索,200,,常规接口测试-50并发 1-1,text,true,,5782,232,50,55,http://localhost:8080/api/post/list/filter?category=运动健身&pageNum=1&pageSize=10,456,0,1
1777734684886,427,用户登录,200,,常规接口测试-50并发 1-13,text,true,,319,218,50,55,http://localhost:8080/api/auth/login,380,0,0
1777734684891,427,用户登录,200,,常规接口测试-50并发 1-18,text,true,,319,218,50,55,http://localhost:8080/api/auth/login,378,0,0
1777734684278,1047,获取帖子列表,200,,常规接口测试-50并发 1-47,text,true,,5517,179,50,55,http://localhost:8080/api/post/list?pageNum=1&pageSize=10,1002,0,0
1777734684842,500,关键词搜索,400,,常规接口测试-50并发 1-6,text,false,,332,183,50,55,http://localhost:8080/api/search/keyword?q=篮球,453,0,0
1777734684911,437,用户注册,200,,常规接口测试-50并发 1-29,text,true,,724,253,50,55,http://localhost:8080/api/auth/register,387,0,0
1777734684379,985,获取帖子列表,200,,常规接口测试-50并发 1-16,text,true,,5517,179,50,55,http://localhost:8080/api/post/list?pageNum=1&pageSize=10,928,0,0
1777734684855,511,高级筛选搜索,200,,常规接口测试-50并发 1-5,text,true,,5782,232,50,55,http://localhost:8080/api/post/list/filter?category=运动健身&pageNum=1&pageSize=10,454,0,0
1777734684940,448,用户登录,200,,常规接口测试-50并发 1-36,text,true,,319,218,50,55,http://localhost:8080/api/auth/login,386,0,0
1777734684880,527,关键词搜索,400,,常规接口测试-50并发 1-46,text,false,,332,183,50,55,http://localhost:8080/api/search/keyword?q=篮球,476,0,0
1777734684895,520,高级筛选搜索,200,,常规接口测试-50并发 1-31,text,true,,5782,232,50,55,http://localhost:8080/api/post/list/filter?category=运动健身&pageNum=1&pageSize=10,473,0,1
1777734684950,466,用户注册,200,,常规接口测试-50并发 1-40,text,true,,724,253,50,55,http://localhost:8080/api/auth/register,420,0,0
1777734684968,458,用户登录,200,,常规接口测试-50并发 1-19,text,true,,319,218,50,55,http://localhost:8080/api/auth/login,411,0,0
1777734684959,471,用户注册,200,,常规接口测试-50并发 1-2,text,true,,724,253,50,55,http://localhost:8080/api/auth/register,424,0,0
1777734684448,987,获取帖子列表,200,,常规接口测试-50并发 1-48,text,true,,5517,179,50,55,http://localhost:8080/api/post/list?pageNum=1&pageSize=10,938,0,0
1777734684970,472,用户注册,200,,常规接口测试-50并发 1-41,text,true,,724,253,50,55,http://localhost:8080/api/auth/register,420,0,0
1777734684989,460,用户登录,200,,常规接口测试-50并发 1-25,text,true,,319,218,50,55,http://localhost:8080/api/auth/login,410,0,0
1777734685052,432,用户登录,200,,常规接口测试-50并发 1-14,text,true,,319,218,50,55,http://localhost:8080/api/auth/login,376,0,0
1777734685091,408,用户登录,200,,常规接口测试-50并发 1-26,text,true,,319,218,50,55,http://localhost:8080/api/auth/login,354,0,0
1777734685121,408,用户登录,200,,常规接口测试-50并发 1-10,text,true,,319,218,50,55,http://localhost:8080/api/auth/login,356,0,0
1777734685135,402,用户登录,200,,常规接口测试-50并发 1-20,text,true,,319,218,50,55,http://localhost:8080/api/auth/login,362,0,0
1777734685157,393,用户登录,200,,常规接口测试-50并发 1-28,text,true,,319,218,50,55,http://localhost:8080/api/auth/login,365,0,0
1777734685191,376,用户登录,200,,常规接口测试-50并发 1-27,text,true,,319,218,50,55,http://localhost:8080/api/auth/login,347,0,0
1777734685193,386,用户登录,200,,常规接口测试-50并发 1-37,text,true,,319,218,50,55,http://localhost:8080/api/auth/login,350,0,0
1777734685113,467,关键词搜索,400,,常规接口测试-50并发 1-33,text,false,,332,183,50,55,http://localhost:8080/api/search/keyword?q=篮球,431,0,0
1777734685105,480,高级筛选搜索,200,,常规接口测试-50并发 1-43,text,true,,5782,232,50,55,http://localhost:8080/api/post/list/filter?category=运动健身&pageNum=1&pageSize=10,442,0,1
1777734684580,1016,获取帖子列表,200,,常规接口测试-50并发 1-34,text,true,,5517,179,50,55,http://localhost:8080/api/post/list?pageNum=1&pageSize=10,971,0,0
1777734685219,423,用户登录,200,,常规接口测试-50并发 1-3,text,true,,319,218,50,55,http://localhost:8080/api/auth/login,340,0,0
1777734685176,482,高级筛选搜索,200,,常规接口测试-50并发 1-45,text,true,,5782,232,50,55,http://localhost:8080/api/post/list/filter?category=运动健身&pageNum=1&pageSize=10,396,0,1
1777734685216,444,用户注册,200,,常规接口测试-50并发 1-30,text,true,,724,253,50,55,http://localhost:8080/api/auth/register,358,0,0
1777734685136,526,高级筛选搜索,200,,常规接口测试-50并发 1-15,text,true,,5782,232,50,55,http://localhost:8080/api/post/list/filter?category=运动健身&pageNum=1&pageSize=10,442,0,1
1777734685231,432,用户登录,200,,常规接口测试-50并发 1-21,text,true,,319,218,50,55,http://localhost:8080/api/auth/login,351,0,0
1777734685209,464,高级筛选搜索,200,,常规接口测试-50并发 1-44,text,true,,5782,232,50,55,http://localhost:8080/api/post/list/filter?category=运动健身&pageNum=1&pageSize=10,386,0,1
1777734685265,414,用户登录,200,,常规接口测试-50并发 1-38,text,true,,319,218,50,55,http://localhost:8080/api/auth/login,373,0,0
1777734685272,412,用户登录,200,,常规接口测试-50并发 1-4,text,true,,319,218,50,55,http://localhost:8080/api/auth/login,372,0,0
1777734685278,420,用户登录,200,,常规接口测试-50并发 1-39,text,true,,319,218,50,55,http://localhost:8080/api/auth/login,384,0,0
1777734685292,412,用户注册,200,,常规接口测试-50并发 1-42,text,true,,724,253,50,55,http://localhost:8080/api/auth/register,373,0,0
1777734685200,508,高级筛选搜索,200,,常规接口测试-50并发 1-22,text,true,,5782,232,50,55,http://localhost:8080/api/post/list/filter?category=运动健身&pageNum=1&pageSize=10,470,0,1
1777734684652,1062,获取帖子列表,200,,常规接口测试-50并发 1-49,text,true,,5517,179,50,55,http://localhost:8080/api/post/list?pageNum=1&pageSize=10,1024,0,0
1777734685302,414,用户注册,200,,常规接口测试-50并发 1-1,text,true,,724,253,50,55,http://localhost:8080/api/auth/register,376,0,0
1777734684663,1071,获取帖子列表,200,,常规接口测试-50并发 1-8,text,true,,5517,179,50,55,http://localhost:8080/api/post/list?pageNum=1&pageSize=10,1029,0,0
1777734685234,505,高级筛选搜索,200,,常规接口测试-50并发 1-32,text,true,,5782,232,50,55,http://localhost:8080/api/post/list/filter?category=运动健身&pageNum=1&pageSize=10,462,0,0
1777734685348,415,用户登录,200,,常规接口测试-50并发 1-29,text,true,,319,218,50,55,http://localhost:8080/api/auth/login,359,0,0
1777734684718,1047,获取帖子列表,200,,常规接口测试-50并发 1-9,text,true,,5517,179,50,55,http://localhost:8080/api/post/list?pageNum=1&pageSize=10,991,0,0
1777734684721,1067,获取帖子列表,200,,常规接口测试-50并发 1-23,text,true,,5517,179,50,55,http://localhost:8080/api/post/list?pageNum=1&pageSize=10,997,0,0
1777734684724,1078,获取帖子列表,200,,常规接口测试-50并发 1-12,text,true,,5517,179,50,55,http://localhost:8080/api/post/list?pageNum=1&pageSize=10,1006,0,0
1777734685367,438,用户注册,200,,常规接口测试-50并发 1-5,text,true,,720,253,50,55,http://localhost:8080/api/auth/register,364,0,0
1777734685300,536,关键词搜索,400,,常规接口测试-50并发 1-11,text,false,,332,183,50,55,http://localhost:8080/api/search/keyword?q=篮球,461,0,0
1777734685417,442,用户登录,200,,常规接口测试-50并发 1-40,text,true,,319,218,50,55,http://localhost:8080/api/auth/login,369,0,0
1777734685325,540,关键词搜索,400,,常规接口测试-50并发 1-47,text,false,,332,183,50,55,http://localhost:8080/api/search/keyword?q=篮球,470,0,0
1777734685430,439,用户登录,200,,常规接口测试-50并发 1-2,text,true,,319,218,50,55,http://localhost:8080/api/auth/login,370,0,0
1777734685415,465,用户注册,200,,常规接口测试-50并发 1-31,text,true,,724,253,50,55,http://localhost:8080/api/auth/register,397,0,0
1777734685442,445,用户登录,200,,常规接口测试-50并发 1-41,text,true,,319,218,50,55,http://localhost:8080/api/auth/login,375,0,0
1777734685364,554,关键词搜索,400,,常规接口测试-50并发 1-16,text,false,,332,183,50,55,http://localhost:8080/api/search/keyword?q=篮球,479,0,0
1777734685342,592,高级筛选搜索,200,,常规接口测试-50并发 1-6,text,true,,5782,232,50,55,http://localhost:8080/api/post/list/filter?category=运动健身&pageNum=1&pageSize=10,506,0,1
1777734685435,522,关键词搜索,400,,常规接口测试-50并发 1-48,text,false,,332,183,50,55,http://localhost:8080/api/search/keyword?q=篮球,430,0,0
1777734685407,626,高级筛选搜索,200,,常规接口测试-50并发 1-46,text,true,,5782,232,50,55,http://localhost:8080/api/post/list/filter?category=运动健身&pageNum=1&pageSize=10,566,0,2
1777734684799,1239,获取帖子列表,200,,常规接口测试-50并发 1-24,text,true,,5517,179,50,55,http://localhost:8080/api/post/list?pageNum=1&pageSize=10,1191,0,0
1777734685660,441,用户登录,200,,常规接口测试-50并发 1-30,text,true,,319,218,50,55,http://localhost:8080/api/auth/login,437,0,0
1777734685585,548,用户注册,200,,常规接口测试-50并发 1-43,text,true,,724,253,50,55,http://localhost:8080/api/auth/register,472,0,0
1777734684933,1230,获取帖子列表,200,,常规接口测试-50并发 1-35,text,true,,5517,179,50,55,http://localhost:8080/api/post/list?pageNum=1&pageSize=10,1156,0,0
1777734685658,509,用户注册,200,,常规接口测试-50并发 1-45,text,true,,724,253,50,55,http://localhost:8080/api/auth/register,439,0,0
1777734684950,1227,获取帖子列表,200,,常规接口测试-50并发 1-50,text,true,,5517,179,50,55,http://localhost:8080/api/post/list?pageNum=1&pageSize=10,1164,0,0
1777734685662,515,用户注册,200,,常规接口测试-50并发 1-15,text,true,,724,253,50,55,http://localhost:8080/api/auth/register,456,0,0
1777734684939,1241,获取帖子列表,200,,常规接口测试-50并发 1-17,text,true,,5517,179,50,55,http://localhost:8080/api/post/list?pageNum=1&pageSize=10,1188,0,0
1777734685673,525,用户注册,200,,常规接口测试-50并发 1-44,text,true,,724,253,50,55,http://localhost:8080/api/auth/register,470,0,0
1777734685581,621,高级筛选搜索,200,,常规接口测试-50并发 1-33,text,true,,5782,232,50,55,http://localhost:8080/api/post/list/filter?category=运动健身&pageNum=1&pageSize=10,569,0,0
1777734685716,490,用户登录,200,,常规接口测试-50并发 1-1,text,true,,319,218,50,55,http://localhost:8080/api/auth/login,438,0,0
1777734685704,531,用户登录,200,,常规接口测试-50并发 1-42,text,true,,319,218,50,55,http://localhost:8080/api/auth/login,476,0,0
1777734685597,641,关键词搜索,400,,常规接口测试-50并发 1-34,text,false,,332,183,50,55,http://localhost:8080/api/search/keyword?q=篮球,591,0,0
1777734685708,549,用户注册,200,,常规接口测试-50并发 1-22,text,true,,724,253,50,55,http://localhost:8080/api/auth/register,490,0,0
1777734685139,1207,获取帖子列表,200,,常规接口测试-50并发 1-7,text,true,,5517,179,50,55,http://localhost:8080/api/post/list?pageNum=1&pageSize=10,1111,0,0
1777734685740,610,用户注册,200,,常规接口测试-50并发 1-32,text,true,,724,253,50,55,http://localhost:8080/api/auth/register,513,0,0
1777734685805,583,用户登录,200,,常规接口测试-50并发 1-5,text,true,,319,218,50,55,http://localhost:8080/api/auth/login,494,0,0
1777734685715,697,关键词搜索,400,,常规接口测试-50并发 1-49,text,false,,332,183,50,55,http://localhost:8080/api/search/keyword?q=篮球,622,0,0
1777734685734,695,关键词搜索,400,,常规接口测试-50并发 1-8,text,false,,332,183,50,55,http://localhost:8080/api/search/keyword?q=篮球,639,0,0
1777734685880,566,用户登录,200,,常规接口测试-50并发 1-31,text,true,,319,218,50,55,http://localhost:8080/api/auth/login,514,0,0
1777734685765,686,关键词搜索,400,,常规接口测试-50并发 1-9,text,false,,332,183,50,55,http://localhost:8080/api/search/keyword?q=篮球,632,0,0
1777734685788,694,关键词搜索,400,,常规接口测试-50并发 1-23,text,false,,332,183,50,55,http://localhost:8080/api/search/keyword?q=篮球,627,0,0
1777734685803,691,关键词搜索,400,,常规接口测试-50并发 1-12,text,false,,332,183,50,55,http://localhost:8080/api/search/keyword?q=篮球,623,0,0
1777734685934,564,用户注册,200,,常规接口测试-50并发 1-6,text,true,,724,253,50,55,http://localhost:8080/api/auth/register,498,0,0
1777734686033,478,用户注册,200,,常规接口测试-50并发 1-46,text,true,,724,253,50,55,http://localhost:8080/api/auth/register,475,0,0
1777734685836,747,高级筛选搜索,200,,常规接口测试-50并发 1-11,text,true,,5782,232,50,55,http://localhost:8080/api/post/list/filter?category=运动健身&pageNum=1&pageSize=10,682,0,1
1777734685865,732,高级筛选搜索,200,,常规接口测试-50并发 1-47,text,true,,5782,232,50,55,http://localhost:8080/api/post/list/filter?category=运动健身&pageNum=1&pageSize=10,673,0,1
1777734685918,697,高级筛选搜索,200,,常规接口测试-50并发 1-16,text,true,,5782,232,50,55,http://localhost:8080/api/post/list/filter?category=运动健身&pageNum=1&pageSize=10,638,0,1
1777734685957,670,高级筛选搜索,200,,常规接口测试-50并发 1-48,text,true,,5782,232,50,55,http://localhost:8080/api/post/list/filter?category=运动健身&pageNum=1&pageSize=10,610,0,1
1777734685313,1334,获取帖子列表,200,,常规接口测试-50并发 1-13,text,true,,5517,179,50,55,http://localhost:8080/api/post/list?pageNum=1&pageSize=10,1280,0,0
1777734686133,530,用户登录,200,,常规接口测试-50并发 1-43,text,true,,319,218,50,55,http://localhost:8080/api/auth/login,477,0,0
1777734685318,1349,获取帖子列表,200,,常规接口测试-50并发 1-18,text,true,,5517,179,50,55,http://localhost:8080/api/post/list?pageNum=1&pageSize=10,1292,0,0
1777734686039,651,关键词搜索,400,,常规接口测试-50并发 1-24,text,false,,332,183,50,55,http://localhost:8080/api/search/keyword?q=篮球,581,0,0
1777734686167,540,用户登录,200,,常规接口测试-50并发 1-45,text,true,,319,218,50,55,http://localhost:8080/api/auth/login,463,0,0
1777734686177,541,用户登录,200,,常规接口测试-50并发 1-15,text,true,,319,218,50,55,http://localhost:8080/api/auth/login,465,0,0
1777734685388,1330,获取帖子列表,200,,常规接口测试-50并发 1-36,text,true,,5517,179,50,55,http://localhost:8080/api/post/list?pageNum=1&pageSize=10,1256,0,0
1777734686198,542,用户登录,200,,常规接口测试-50并发 1-44,text,true,,319,218,50,55,http://localhost:8080/api/auth/login,487,0,0
1777734686203,575,用户注册,200,,常规接口测试-50并发 1-33,text,true,,724,253,50,55,http://localhost:8080/api/auth/register,512,0,0
1777734686163,651,关键词搜索,400,,常规接口测试-50并发 1-35,text,false,,332,183,50,55,http://localhost:8080/api/search/keyword?q=篮球,577,0,0
1777734686258,562,用户登录,200,,常规接口测试-50并发 1-22,text,true,,319,218,50,55,http://localhost:8080/api/auth/login,485,0,0
1777734686177,659,关键词搜索,400,,常规接口测试-50并发 1-50,text,false,,332,183,50,55,http://localhost:8080/api/search/keyword?q=篮球,582,0,0
1777734685426,1416,获取帖子列表,200,,常规接口测试-50并发 1-19,text,true,,5517,179,50,55,http://localhost:8080/api/post/list?pageNum=1&pageSize=10,1338,0,0
1777734685449,1395,获取帖子列表,200,,常规接口测试-50并发 1-25,text,true,,5517,179,50,55,http://localhost:8080/api/post/list?pageNum=1&pageSize=10,1318,0,0
1777734686181,668,关键词搜索,400,,常规接口测试-50并发 1-17,text,false,,332,183,50,55,http://localhost:8080/api/search/keyword?q=篮球,592,0,0
1777734685484,1386,获取帖子列表,200,,常规接口测试-50并发 1-14,text,true,,5517,179,50,55,http://localhost:8080/api/post/list?pageNum=1&pageSize=10,1308,0,0
1777734685529,1356,获取帖子列表,200,,常规接口测试-50并发 1-10,text,true,,5517,179,50,55,http://localhost:8080/api/post/list?pageNum=1&pageSize=10,1294,0,0
1777734686350,536,用户登录,200,,常规接口测试-50并发 1-32,text,true,,319,218,50,55,http://localhost:8080/api/auth/login,477,0,0
1777734685499,1395,获取帖子列表,200,,常规接口测试-50并发 1-26,text,true,,5517,179,50,55,http://localhost:8080/api/post/list?pageNum=1&pageSize=10,1347,0,0
1777734685537,1371,获取帖子列表,200,,常规接口测试-50并发 1-20,text,true,,5517,179,50,55,http://localhost:8080/api/post/list?pageNum=1&pageSize=10,1342,0,0
1777734686239,670,高级筛选搜索,200,,常规接口测试-50并发 1-34,text,true,,5782,232,50,55,http://localhost:8080/api/post/list/filter?category=运动健身&pageNum=1&pageSize=10,641,0,0
1777734686347,588,关键词搜索,400,,常规接口测试-50并发 1-7,text,false,,332,183,50,55,http://localhost:8080/api/search/keyword?q=篮球,554,0,0
1777734685550,1391,获取帖子列表,200,,常规接口测试-50并发 1-28,text,true,,5517,179,50,55,http://localhost:8080/api/post/list?pageNum=1&pageSize=10,1356,0,0
1777734685568,1374,获取帖子列表,200,,常规接口测试-50并发 1-27,text,true,,5517,179,50,55,http://localhost:8080/api/post/list?pageNum=1&pageSize=10,1339,0,0
1777734686498,460,用户登录,200,,常规接口测试-50并发 1-6,text,true,,319,218,50,55,http://localhost:8080/api/auth/login,417,0,0
1777734686512,452,用户登录,200,,常规接口测试-50并发 1-46,text,true,,319,218,50,55,http://localhost:8080/api/auth/login,408,0,0
1777734686452,525,高级筛选搜索,200,,常规接口测试-50并发 1-9,text,true,,5782,232,50,55,http://localhost:8080/api/post/list/filter?category=运动健身&pageNum=1&pageSize=10,474,0,0
1777734686412,582,高级筛选搜索,200,,常规接口测试-50并发 1-49,text,true,,5782,232,50,55,http://localhost:8080/api/post/list/filter?category=运动健身&pageNum=1&pageSize=10,527,0,1
1777734686429,573,高级筛选搜索,200,,常规接口测试-50并发 1-8,text,true,,5782,232,50,55,http://localhost:8080/api/post/list/filter?category=运动健身&pageNum=1&pageSize=10,515,0,1
1777734685579,1432,获取帖子列表,200,,常规接口测试-50并发 1-37,text,true,,5517,179,50,55,http://localhost:8080/api/post/list?pageNum=1&pageSize=10,1382,0,0
1777734685642,1382,获取帖子列表,200,,常规接口测试-50并发 1-3,text,true,,5517,179,50,55,http://localhost:8080/api/post/list?pageNum=1&pageSize=10,1340,0,0
1777734686483,542,高级筛选搜索,200,,常规接口测试-50并发 1-23,text,true,,5782,232,50,55,http://localhost:8080/api/post/list/filter?category=运动健身&pageNum=1&pageSize=10,500,0,0
1777734686583,451,用户注册,200,,常规接口测试-50并发 1-11,text,true,,724,253,50,55,http://localhost:8080/api/auth/register,406,0,0
1777734686494,546,高级筛选搜索,200,,常规接口测试-50并发 1-12,text,true,,5782,232,50,55,http://localhost:8080/api/post/list/filter?category=运动健身&pageNum=1&pageSize=10,498,0,1
1777734686598,450,用户注册,200,,常规接口测试-50并发 1-47,text,true,,724,253,50,55,http://localhost:8080/api/auth/register,404,0,0
1777734685664,1392,获取帖子列表,200,,常规接口测试-50并发 1-21,text,true,,5517,179,50,55,http://localhost:8080/api/post/list?pageNum=1&pageSize=10,1349,0,0
1777734685679,1384,获取帖子列表,200,,常规接口测试-50并发 1-38,text,true,,5517,179,50,55,http://localhost:8080/api/post/list?pageNum=1&pageSize=10,1339,0,0
1777734686615,449,用户注册,200,,常规接口测试-50并发 1-16,text,true,,724,253,50,55,http://localhost:8080/api/auth/register,406,0,0
1777734685684,1386,获取帖子列表,200,,常规接口测试-50并发 1-4,text,true,,5517,179,50,55,http://localhost:8080/api/post/list?pageNum=1&pageSize=10,1342,0,0
1777734686628,444,用户注册,200,,常规接口测试-50并发 1-48,text,true,,724,253,50,55,http://localhost:8080/api/auth/register,400,0,0
1777734685699,1381,获取帖子列表,200,,常规接口测试-50并发 1-39,text,true,,5517,179,50,55,http://localhost:8080/api/post/list?pageNum=1&pageSize=10,1345,0,0
1777734685763,1367,获取帖子列表,200,,常规接口测试-50并发 1-29,text,true,,5517,179,50,55,http://localhost:8080/api/post/list?pageNum=1&pageSize=10,1328,0,0
1777734686778,394,用户登录,200,,常规接口测试-50并发 1-33,text,true,,319,218,50,55,http://localhost:8080/api/auth/login,335,0,0
1777734686647,528,关键词搜索,400,,常规接口测试-50并发 1-13,text,false,,332,183,50,55,http://localhost:8080/api/search/keyword?q=篮球,467,0,0
1777734686667,514,关键词搜索,400,,常规接口测试-50并发 1-18,text,false,,332,183,50,55,http://localhost:8080/api/search/keyword?q=篮球,453,0,0
1777734685859,1337,获取帖子列表,200,,常规接口测试-50并发 1-40,text,true,,5517,179,50,55,http://localhost:8080/api/post/list?pageNum=1&pageSize=10,1274,0,0
1777734686718,495,关键词搜索,400,,常规接口测试-50并发 1-36,text,false,,332,183,50,55,http://localhost:8080/api/search/keyword?q=篮球,450,0,0
1777734686690,537,高级筛选搜索,200,,常规接口测试-50并发 1-24,text,true,,5782,232,50,55,http://localhost:8080/api/post/list/filter?category=运动健身&pageNum=1&pageSize=10,499,0,1
1777734685869,1369,获取帖子列表,200,,常规接口测试-50并发 1-2,text,true,,5517,179,50,55,http://localhost:8080/api/post/list?pageNum=1&pageSize=10,1329,0,0
1777734685887,1359,获取帖子列表,200,,常规接口测试-50并发 1-41,text,true,,5517,179,50,55,http://localhost:8080/api/post/list?pageNum=1&pageSize=10,1316,0,0
1777734686842,438,关键词搜索,400,,常规接口测试-50并发 1-19,text,false,,332,183,50,55,http://localhost:8080/api/search/keyword?q=篮球,406,0,0
1777734686844,436,关键词搜索,400,,常规接口测试-50并发 1-25,text,false,,332,183,50,55,http://localhost:8080/api/search/keyword?q=篮球,405,0,0
1777734686909,374,用户注册,200,,常规接口测试-50并发 1-34,text,true,,724,253,50,55,http://localhost:8080/api/auth/register,345,0,0
1777734686871,419,关键词搜索,400,,常规接口测试-50并发 1-14,text,false,,332,183,50,55,http://localhost:8080/api/search/keyword?q=篮球,389,0,0
1777734686814,479,高级筛选搜索,200,,常规接口测试-50并发 1-35,text,true,,5782,232,50,55,http://localhost:8080/api/post/list/filter?category=运动健身&pageNum=1&pageSize=10,449,0,1
1777734686836,463,高级筛选搜索,200,,常规接口测试-50并发 1-50,text,true,,5782,232,50,55,http://localhost:8080/api/post/list/filter?category=运动健身&pageNum=1&pageSize=10,434,0,1
1777734686849,460,高级筛选搜索,200,,常规接口测试-50并发 1-17,text,true,,5782,232,50,55,http://localhost:8080/api/post/list/filter?category=运动健身&pageNum=1&pageSize=10,426,0,1
1777734686885,427,关键词搜索,400,,常规接口测试-50并发 1-10,text,false,,332,183,50,55,http://localhost:8080/api/search/keyword?q=篮球,392,0,0
1777734686894,427,关键词搜索,400,,常规接口测试-50并发 1-26,text,false,,332,183,50,55,http://localhost:8080/api/search/keyword?q=篮球,388,0,0
1777734686977,353,用户注册,200,,常规接口测试-50并发 1-9,text,true,,724,253,50,55,http://localhost:8080/api/auth/register,311,0,0
1777734686908,440,关键词搜索,400,,常规接口测试-50并发 1-20,text,false,,332,183,50,55,http://localhost:8080/api/search/keyword?q=篮球,388,0,0
1777734686995,378,用户注册,200,,常规接口测试-50并发 1-49,text,true,,724,253,50,55,http://localhost:8080/api/auth/register,316,0,0
1777734687002,393,用户注册,200,,常规接口测试-50并发 1-8,text,true,,724,253,50,55,http://localhost:8080/api/auth/register,323,0,0
1777734686941,466,关键词搜索,400,,常规接口测试-50并发 1-28,text,false,,332,183,50,55,http://localhost:8080/api/search/keyword?q=篮球,399,0,0
1777734686942,467,关键词搜索,400,,常规接口测试-50并发 1-27,text,false,,332,183,50,55,http://localhost:8080/api/search/keyword?q=篮球,400,0,0
1777734687034,378,用户登录,200,,常规接口测试-50并发 1-11,text,true,,319,218,50,55,http://localhost:8080/api/auth/login,311,0,0
1777734687025,388,用户注册,200,,常规接口测试-50并发 1-23,text,true,,724,253,50,55,http://localhost:8080/api/auth/register,322,0,0
1777734686207,1211,获取帖子列表,200,,常规接口测试-50并发 1-1,text,true,,5517,179,50,55,http://localhost:8080/api/post/list?pageNum=1&pageSize=10,1145,0,0
1777734686935,492,高级筛选搜索,200,,常规接口测试-50并发 1-7,text,true,,5782,232,50,55,http://localhost:8080/api/post/list/filter?category=运动健身&pageNum=1&pageSize=10,426,0,1
1777734687040,387,用户注册,200,,常规接口测试-50并发 1-12,text,true,,722,253,50,55,http://localhost:8080/api/auth/register,323,0,0
1777734686101,1328,获取帖子列表,200,,常规接口测试-50并发 1-30,text,true,,5517,179,50,55,http://localhost:8080/api/post/list?pageNum=1&pageSize=10,1264,0,0
1777734687048,381,用户登录,200,,常规接口测试-50并发 1-47,text,true,,319,218,50,55,http://localhost:8080/api/auth/login,318,0,0
1777734687064,390,用户登录,200,,常规接口测试-50并发 1-16,text,true,,319,218,50,55,http://localhost:8080/api/auth/login,335,0,0
1777734687072,385,用户登录,200,,常规接口测试-50并发 1-48,text,true,,319,218,50,55,http://localhost:8080/api/auth/login,330,0,0
1777734687011,465,关键词搜索,400,,常规接口测试-50并发 1-37,text,false,,332,183,50,55,http://localhost:8080/api/search/keyword?q=篮球,424,0,0
1777734687024,456,关键词搜索,400,,常规接口测试-50并发 1-3,text,false,,332,183,50,55,http://localhost:8080/api/search/keyword?q=篮球,420,0,0
1777734686235,1272,获取帖子列表,200,,常规接口测试-50并发 1-42,text,true,,5517,179,50,55,http://localhost:8080/api/post/list?pageNum=1&pageSize=10,1232,0,0
1777734687056,471,关键词搜索,400,,常规接口测试-50并发 1-21,text,false,,332,183,50,55,http://localhost:8080/api/search/keyword?q=篮球,421,0,0
1777734687063,468,关键词搜索,400,,常规接口测试-50并发 1-38,text,false,,332,183,50,55,http://localhost:8080/api/search/keyword?q=篮球,416,0,0
1777734686388,1146,获取帖子列表,200,,常规接口测试-50并发 1-5,text,true,,5517,179,50,55,http://localhost:8080/api/post/list?pageNum=1&pageSize=10,1093,0,0
1777734687070,470,关键词搜索,400,,常规接口测试-50并发 1-4,text,false,,332,183,50,55,http://localhost:8080/api/search/keyword?q=篮球,415,0,0
1777734687080,469,关键词搜索,400,,常规接口测试-50并发 1-39,text,false,,332,183,50,55,http://localhost:8080/api/search/keyword?q=篮球,410,0,0
1777734686446,1135,获取帖子列表,200,,常规接口测试-50并发 1-31,text,true,,5517,179,50,55,http://localhost:8080/api/post/list?pageNum=1&pageSize=10,1091,0,0
1777734687131,458,关键词搜索,400,,常规接口测试-50并发 1-29,text,false,,332,183,50,55,http://localhost:8080/api/search/keyword?q=篮球,426,0,0
1777734687181,413,高级筛选搜索,200,,常规接口测试-50并发 1-18,text,true,,5782,232,50,55,http://localhost:8080/api/post/list/filter?category=运动健身&pageNum=1&pageSize=10,379,0,1
1777734687175,428,高级筛选搜索,200,,常规接口测试-50并发 1-13,text,true,,5782,232,50,55,http://localhost:8080/api/post/list/filter?category=运动健身&pageNum=1&pageSize=10,391,0,0
1777734687228,380,用户注册,200,,常规接口测试-50并发 1-24,text,true,,724,253,50,55,http://localhost:8080/api/auth/register,344,0,0
1777734687213,397,高级筛选搜索,200,,常规接口测试-50并发 1-36,text,true,,5782,232,50,55,http://localhost:8080/api/post/list/filter?category=运动健身&pageNum=1&pageSize=10,361,0,1
1777734687196,432,关键词搜索,400,,常规接口测试-50并发 1-40,text,false,,332,183,50,55,http://localhost:8080/api/search/keyword?q=篮球,393,0,0
1777734687284,385,用户登录,200,,常规接口测试-50并发 1-34,text,true,,319,218,50,55,http://localhost:8080/api/auth/login,339,0,0
1777734687293,385,用户注册,200,,常规接口测试-50并发 1-35,text,true,,722,253,50,55,http://localhost:8080/api/auth/register,343,0,0
1777734687239,444,关键词搜索,400,,常规接口测试-50并发 1-2,text,false,,332,183,50,55,http://localhost:8080/api/search/keyword?q=篮球,407,0,0
1777734687300,388,用户注册,200,,常规接口测试-50并发 1-50,text,true,,722,251,50,55,http://localhost:8080/api/auth/register,350,0,0
1777734686663,1027,获取帖子列表,200,,常规接口测试-50并发 1-43,text,true,,5517,179,50,55,http://localhost:8080/api/post/list?pageNum=1&pageSize=10,989,0,0
1777734687246,450,关键词搜索,400,,常规接口测试-50并发 1-41,text,false,,332,183,50,55,http://localhost:8080/api/search/keyword?q=篮球,412,0,0
1777734687310,386,用户注册,200,,常规接口测试-50并发 1-17,text,true,,724,253,50,55,http://localhost:8080/api/auth/register,350,0,0
1777734687331,374,用户登录,200,,常规接口测试-50并发 1-9,text,true,,319,218,50,55,http://localhost:8080/api/auth/login,340,0,0
1777734686707,1007,获取帖子列表,200,,常规接口测试-50并发 1-45,text,true,,5517,179,50,55,http://localhost:8080/api/post/list?pageNum=1&pageSize=10,972,0,0
1777734687280,440,高级筛选搜索,200,,常规接口测试-50并发 1-25,text,true,,5782,232,50,55,http://localhost:8080/api/post/list/filter?category=运动健身&pageNum=1&pageSize=10,404,0,1
1777734687280,441,高级筛选搜索,200,,常规接口测试-50并发 1-19,text,true,,5782,232,50,55,http://localhost:8080/api/post/list/filter?category=运动健身&pageNum=1&pageSize=10,404,0,1
1777734686718,1005,获取帖子列表,200,,常规接口测试-50并发 1-15,text,true,,5517,179,50,55,http://localhost:8080/api/post/list?pageNum=1&pageSize=10,968,0,0
1777734687373,356,用户登录,200,,常规接口测试-50并发 1-49,text,true,,319,218,50,55,http://localhost:8080/api/auth/login,319,0,0
1777734687290,440,高级筛选搜索,200,,常规接口测试-50并发 1-14,text,true,,5782,232,50,55,http://localhost:8080/api/post/list/filter?category=运动健身&pageNum=1&pageSize=10,403,0,1
1777734687395,347,用户登录,200,,常规接口测试-50并发 1-8,text,true,,319,218,50,55,http://localhost:8080/api/auth/login,311,0,0
1777734686740,1004,获取帖子列表,200,,常规接口测试-50并发 1-44,text,true,,5517,179,50,55,http://localhost:8080/api/post/list?pageNum=1&pageSize=10,967,0,0
1777734687414,336,用户登录,200,,常规接口测试-50并发 1-23,text,true,,319,218,50,55,http://localhost:8080/api/auth/login,297,0,0
1777734686821,932,获取帖子列表,200,,常规接口测试-50并发 1-22,text,true,,5517,179,50,55,http://localhost:8080/api/post/list?pageNum=1&pageSize=10,891,0,0
1777734687427,335,用户登录,200,,常规接口测试-50并发 1-12,text,true,,319,218,50,55,http://localhost:8080/api/auth/login,289,0,0
1777734687427,348,用户注册,200,,常规接口测试-50并发 1-7,text,true,,724,253,50,55,http://localhost:8080/api/auth/register,296,0,0
1777734687313,474,高级筛选搜索,200,,常规接口测试-50并发 1-10,text,true,,5782,232,50,55,http://localhost:8080/api/post/list/filter?category=运动健身&pageNum=1&pageSize=10,418,0,0
1777734687321,468,高级筛选搜索,200,,常规接口测试-50并发 1-26,text,true,,5782,232,50,55,http://localhost:8080/api/post/list/filter?category=运动健身&pageNum=1&pageSize=10,413,0,0
1777734687349,456,高级筛选搜索,200,,常规接口测试-50并发 1-20,text,true,,5782,232,50,55,http://localhost:8080/api/post/list/filter?category=运动健身&pageNum=1&pageSize=10,414,0,0
1777734686887,918,获取帖子列表,200,,常规接口测试-50并发 1-32,text,true,,5517,179,50,55,http://localhost:8080/api/post/list?pageNum=1&pageSize=10,878,0,0
1777734687418,412,关键词搜索,400,,常规接口测试-50并发 1-1,text,false,,332,183,50,55,http://localhost:8080/api/search/keyword?q=篮球,378,0,0
1777734687429,410,关键词搜索,400,,常规接口测试-50并发 1-30,text,false,,332,183,50,55,http://localhost:8080/api/search/keyword?q=篮球,377,0,0
1777734687409,438,高级筛选搜索,200,,常规接口测试-50并发 1-27,text,true,,5782,232,50,55,http://localhost:8080/api/post/list/filter?category=运动健身&pageNum=1&pageSize=10,401,0,1
1777734687407,442,高级筛选搜索,200,,常规接口测试-50并发 1-28,text,true,,5782,232,50,55,http://localhost:8080/api/post/list/filter?category=运动健身&pageNum=1&pageSize=10,403,0,1
1777734686958,910,获取帖子列表,200,,常规接口测试-50并发 1-6,text,true,,5517,179,50,55,http://localhost:8080/api/post/list?pageNum=1&pageSize=10,867,0,0
1777734686965,922,获取帖子列表,200,,常规接口测试-50并发 1-46,text,true,,5517,179,50,55,http://localhost:8080/api/post/list?pageNum=1&pageSize=10,869,0,0
1777734687476,447,高级筛选搜索,200,,常规接口测试-50并发 1-37,text,true,,5782,232,50,55,http://localhost:8080/api/post/list/filter?category=运动健身&pageNum=1&pageSize=10,390,0,1
1777734687507,426,关键词搜索,400,,常规接口测试-50并发 1-42,text,false,,332,183,50,55,http://localhost:8080/api/search/keyword?q=篮球,372,0,0
1777734687480,454,高级筛选搜索,200,,常规接口测试-50并发 1-3,text,true,,5782,232,50,55,http://localhost:8080/api/post/list/filter?category=运动健身&pageNum=1&pageSize=10,402,0,1
1777734687595,348,用户注册,200,,常规接口测试-50并发 1-18,text,true,,724,253,50,55,http://localhost:8080/api/auth/register,309,0,0
1777734687527,424,高级筛选搜索,200,,常规接口测试-50并发 1-21,text,true,,5782,232,50,55,http://localhost:8080/api/post/list/filter?category=运动健身&pageNum=1&pageSize=10,386,0,1
1777734687603,351,用户注册,200,,常规接口测试-50并发 1-13,text,true,,724,253,50,55,http://localhost:8080/api/auth/register,313,0,0
1777734687608,346,用户登录,200,,常规接口测试-50并发 1-24,text,true,,319,218,50,55,http://localhost:8080/api/auth/login,309,0,0
1777734687534,424,关键词搜索,400,,常规接口测试-50并发 1-5,text,false,,332,183,50,55,http://localhost:8080/api/search/keyword?q=篮球,390,0,0
1777734687550,410,高级筛选搜索,200,,常规接口测试-50并发 1-39,text,true,,5782,232,50,55,http://localhost:8080/api/post/list/filter?category=运动健身&pageNum=1&pageSize=10,376,0,0
1777734687532,430,高级筛选搜索,200,,常规接口测试-50并发 1-38,text,true,,5782,232,50,55,http://localhost:8080/api/post/list/filter?category=运动健身&pageNum=1&pageSize=10,395,0,0
1777734687540,426,高级筛选搜索,200,,常规接口测试-50并发 1-4,text,true,,5782,232,50,55,http://localhost:8080/api/post/list/filter?category=运动健身&pageNum=1&pageSize=10,390,0,1
1777734687610,360,用户注册,200,,常规接口测试-50并发 1-36,text,true,,724,253,50,55,http://localhost:8080/api/auth/register,324,0,0
1777734687581,441,关键词搜索,400,,常规接口测试-50并发 1-31,text,false,,332,183,50,55,http://localhost:8080/api/search/keyword?q=篮球,384,0,0
1777734687589,461,高级筛选搜索,200,,常规接口测试-50并发 1-29,text,true,,5782,232,50,55,http://localhost:8080/api/post/list/filter?category=运动健身&pageNum=1&pageSize=10,392,0,1
1777734687679,375,用户登录,200,,常规接口测试-50并发 1-35,text,true,,319,218,50,55,http://localhost:8080/api/auth/login,310,0,0
1777734687775,330,用户登录,200,,常规接口测试-50并发 1-7,text,true,,319,218,50,55,http://localhost:8080/api/auth/login,319,0,0
1777734687689,421,用户登录,200,,常规接口测试-50并发 1-50,text,true,,319,218,50,55,http://localhost:8080/api/auth/login,318,0,0
1777734687697,469,用户登录,200,,常规接口测试-50并发 1-17,text,true,,319,218,50,55,http://localhost:8080/api/auth/login,325,0,0
1777734687629,574,高级筛选搜索,200,,常规接口测试-50并发 1-40,text,true,,5782,232,50,55,http://localhost:8080/api/post/list/filter?category=运动健身&pageNum=1&pageSize=10,423,0,0
1777734687173,1035,获取帖子列表,200,,常规接口测试-50并发 1-33,text,true,,5517,179,50,55,http://localhost:8080/api/post/list?pageNum=1&pageSize=10,887,0,0
1777734687720,494,用户注册,200,,常规接口测试-50并发 1-25,text,true,,724,253,50,55,http://localhost:8080/api/auth/register,348,0,0
1777734687721,499,用户注册,200,,常规接口测试-50并发 1-19,text,true,,724,253,50,55,http://localhost:8080/api/auth/register,392,0,0
1777734687683,545,高级筛选搜索,200,,常规接口测试-50并发 1-2,text,true,,5782,232,50,55,http://localhost:8080/api/post/list/filter?category=运动健身&pageNum=1&pageSize=10,444,0,0
1777734687731,502,用户注册,200,,常规接口测试-50并发 1-14,text,true,,724,253,50,55,http://localhost:8080/api/auth/register,437,0,0
1777734687690,559,关键词搜索,400,,常规接口测试-50并发 1-43,text,false,,332,183,50,55,http://localhost:8080/api/search/keyword?q=篮球,522,0,0
1777734687696,566,高级筛选搜索,200,,常规接口测试-50并发 1-41,text,true,,5782,232,50,55,http://localhost:8080/api/post/list/filter?category=运动健身&pageNum=1&pageSize=10,534,0,0
1777734687787,487,用户注册,200,,常规接口测试-50并发 1-10,text,true,,724,253,50,55,http://localhost:8080/api/auth/register,452,0,0
1777734687714,562,关键词搜索,400,,常规接口测试-50并发 1-45,text,false,,332,183,50,55,http://localhost:8080/api/search/keyword?q=篮球,527,0,0
1777734687790,488,用户注册,200,,常规接口测试-50并发 1-26,text,true,,724,253,50,55,http://localhost:8080/api/auth/register,452,0,0
1777734687723,560,关键词搜索,400,,常规接口测试-50并发 1-15,text,false,,332,183,50,55,http://localhost:8080/api/search/keyword?q=篮球,523,0,0
1777734687805,481,用户注册,200,,常规接口测试-50并发 1-20,text,true,,724,253,50,55,http://localhost:8080/api/auth/register,443,0,0
1777734687744,569,关键词搜索,400,,常规接口测试-50并发 1-44,text,false,,332,183,50,55,http://localhost:8080/api/search/keyword?q=篮球,525,0,0
1777734687753,566,关键词搜索,400,,常规接口测试-50并发 1-22,text,false,,332,183,50,55,http://localhost:8080/api/search/keyword?q=篮球,520,0,0
1777734687847,494,用户注册,200,,常规接口测试-50并发 1-27,text,true,,724,253,50,55,http://localhost:8080/api/auth/register,450,0,0
1777734687849,493,用户注册,200,,常规接口测试-50并发 1-28,text,true,,724,253,50,55,http://localhost:8080/api/auth/register,450,0,0
1777734687805,559,关键词搜索,400,,常规接口测试-50并发 1-32,text,false,,332,183,50,55,http://localhost:8080/api/search/keyword?q=篮球,521,0,0
1777734687830,555,高级筛选搜索,200,,常规接口测试-50并发 1-1,text,true,,5782,232,50,55,http://localhost:8080/api/post/list/filter?category=运动健身&pageNum=1&pageSize=10,514,0,1
1777734687868,521,关键词搜索,400,,常规接口测试-50并发 1-6,text,false,,332,183,50,55,http://localhost:8080/api/search/keyword?q=篮球,479,0,0
1777734687839,553,高级筛选搜索,200,,常规接口测试-50并发 1-30,text,true,,5782,232,50,55,http://localhost:8080/api/post/list/filter?category=运动健身&pageNum=1&pageSize=10,512,0,1
1777734687923,479,用户注册,200,,常规接口测试-50并发 1-37,text,true,,724,253,50,55,http://localhost:8080/api/auth/register,438,0,0
1777734687943,469,用户登录,200,,常规接口测试-50并发 1-18,text,true,,319,218,50,55,http://localhost:8080/api/auth/login,432,0,0
1777734687412,1000,获取帖子列表,200,,常规接口测试-50并发 1-11,text,true,,5517,179,50,55,http://localhost:8080/api/post/list?pageNum=1&pageSize=10,962,0,0
1777734687934,484,用户注册,200,,常规接口测试-50并发 1-3,text,true,,723,252,50,55,http://localhost:8080/api/auth/register,448,0,0
1777734687954,474,用户登录,200,,常规接口测试-50并发 1-13,text,true,,319,218,50,55,http://localhost:8080/api/auth/login,432,0,0
1777734687951,480,用户注册,200,,常规接口测试-50并发 1-21,text,true,,724,253,50,55,http://localhost:8080/api/auth/register,439,0,0
1777734687960,475,用户注册,200,,常规接口测试-50并发 1-39,text,true,,724,253,50,55,http://localhost:8080/api/auth/register,435,0,0
1777734687429,1007,获取帖子列表,200,,常规接口测试-50并发 1-47,text,true,,5517,179,50,55,http://localhost:8080/api/post/list?pageNum=1&pageSize=10,966,0,0
1777734687962,476,用户注册,200,,常规接口测试-50并发 1-38,text,true,,724,253,50,55,http://localhost:8080/api/auth/register,435,0,0
1777734687887,553,关键词搜索,400,,常规接口测试-50并发 1-46,text,false,,332,183,50,55,http://localhost:8080/api/search/keyword?q=篮球,513,0,0
1777734687970,478,用户登录,200,,常规接口测试-50并发 1-36,text,true,,319,218,50,55,http://localhost:8080/api/auth/login,434,0,0
1777734687966,486,用户注册,200,,常规接口测试-50并发 1-4,text,true,,724,253,50,55,http://localhost:8080/api/auth/register,440,0,0
1777734687454,1007,获取帖子列表,200,,常规接口测试-50并发 1-16,text,true,,5517,179,50,55,http://localhost:8080/api/post/list?pageNum=1&pageSize=10,957,0,0
1777734687457,1017,获取帖子列表,200,,常规接口测试-50并发 1-48,text,true,,5517,179,50,55,http://localhost:8080/api/post/list?pageNum=1&pageSize=10,967,0,0
1777734687933,565,高级筛选搜索,200,,常规接口测试-50并发 1-42,text,true,,5782,232,50,55,http://localhost:8080/api/post/list/filter?category=运动健身&pageNum=1&pageSize=10,523,0,1
1777734687958,547,高级筛选搜索,200,,常规接口测试-50并发 1-5,text,true,,5782,232,50,55,http://localhost:8080/api/post/list/filter?category=运动健身&pageNum=1&pageSize=10,508,0,1
1777734688051,455,用户注册,200,,常规接口测试-50并发 1-29,text,true,,723,252,50,55,http://localhost:8080/api/auth/register,416,0,0
1777734688214,361,用户登录,200,,常规接口测试-50并发 1-25,text,true,,319,218,50,55,http://localhost:8080/api/auth/login,293,0,0
1777734688203,377,用户注册,200,,常规接口测试-50并发 1-40,text,true,,724,253,50,55,http://localhost:8080/api/auth/register,309,0,0
1777734688220,362,用户登录,200,,常规接口测试-50并发 1-19,text,true,,319,218,50,55,http://localhost:8080/api/auth/login,297,0,0
1777734688233,360,用户登录,200,,常规接口测试-50并发 1-14,text,true,,319,218,50,55,http://localhost:8080/api/auth/login,306,0,0
1777734688228,365,用户注册,200,,常规接口测试-50并发 1-2,text,true,,722,253,50,55,http://localhost:8080/api/auth/register,313,0,0
1777734688022,583,高级筛选搜索,200,,常规接口测试-50并发 1-31,text,true,,5782,232,50,55,http://localhost:8080/api/post/list/filter?category=运动健身&pageNum=1&pageSize=10,544,0,1
1777734688262,365,用户注册,200,,常规接口测试-50并发 1-41,text,true,,724,253,50,55,http://localhost:8080/api/auth/register,334,0,0
1777734688275,354,用户登录,200,,常规接口测试-50并发 1-10,text,true,,319,218,50,55,http://localhost:8080/api/auth/login,323,0,0
1777734688279,355,用户登录,200,,常规接口测试-50并发 1-26,text,true,,319,218,50,55,http://localhost:8080/api/auth/login,323,0,0
1777734688209,430,关键词搜索,400,,常规接口测试-50并发 1-33,text,false,,332,183,50,55,http://localhost:8080/api/search/keyword?q=篮球,395,0,0
1777734688286,361,用户登录,200,,常规接口测试-50并发 1-20,text,true,,319,218,50,55,http://localhost:8080/api/auth/login,326,0,0
1777734688341,352,用户登录,200,,常规接口测试-50并发 1-27,text,true,,319,218,50,55,http://localhost:8080/api/auth/login,311,0,0
1777734688342,354,用户登录,200,,常规接口测试-50并发 1-28,text,true,,319,218,50,55,http://localhost:8080/api/auth/login,313,0,0
1777734688249,450,高级筛选搜索,200,,常规接口测试-50并发 1-43,text,true,,5782,232,50,55,http://localhost:8080/api/post/list/filter?category=运动健身&pageNum=1&pageSize=10,408,0,1
1777734687670,1033,获取帖子列表,200,,常规接口测试-50并发 1-34,text,true,,5517,179,50,55,http://localhost:8080/api/post/list?pageNum=1&pageSize=10,990,0,0
1777734688277,486,高级筛选搜索,200,,常规接口测试-50并发 1-45,text,true,,5782,232,50,55,http://localhost:8080/api/post/list/filter?category=运动健身&pageNum=1&pageSize=10,398,0,0
1777734688283,491,高级筛选搜索,200,,常规接口测试-50并发 1-15,text,true,,5782,232,50,55,http://localhost:8080/api/post/list/filter?category=运动健身&pageNum=1&pageSize=10,407,0,1
1777734688385,406,用户注册,200,,常规接口测试-50并发 1-1,text,true,,722,251,50,55,http://localhost:8080/api/auth/register,349,0,0
1777734688313,481,高级筛选搜索,200,,常规接口测试-50并发 1-44,text,true,,5782,232,50,55,http://localhost:8080/api/post/list/filter?category=运动健身&pageNum=1&pageSize=10,441,0,1
1777734688392,403,用户注册,200,,常规接口测试-50并发 1-30,text,true,,724,253,50,55,http://localhost:8080/api/auth/register,364,0,0
1777734688402,395,用户登录,200,,常规接口测试-50并发 1-37,text,true,,319,218,50,55,http://localhost:8080/api/auth/login,355,0,0
1777734687705,1094,获取帖子列表,200,,常规接口测试-50并发 1-9,text,true,,5517,179,50,55,http://localhost:8080/api/post/list?pageNum=1&pageSize=10,1054,0,0
1777734687729,1079,获取帖子列表,200,,常规接口测试-50并发 1-49,text,true,,5517,179,50,55,http://localhost:8080/api/post/list?pageNum=1&pageSize=10,1037,0,0
1777734688319,496,高级筛选搜索,200,,常规接口测试-50并发 1-22,text,true,,5782,232,50,55,http://localhost:8080/api/post/list/filter?category=运动健身&pageNum=1&pageSize=10,458,0,1
1777734688419,397,用户登录,200,,常规接口测试-50并发 1-3,text,true,,319,218,50,55,http://localhost:8080/api/auth/login,360,0,0
1777734688431,393,用户登录,200,,常规接口测试-50并发 1-21,text,true,,319,218,50,55,http://localhost:8080/api/auth/login,354,0,0
1777734688435,390,用户登录,200,,常规接口测试-50并发 1-39,text,true,,319,218,50,55,http://localhost:8080/api/auth/login,353,0,0
1777734688439,393,用户登录,200,,常规接口测试-50并发 1-38,text,true,,319,218,50,55,http://localhost:8080/api/auth/login,353,0,0
1777734687750,1095,获取帖子列表,200,,常规接口测试-50并发 1-23,text,true,,5517,179,50,55,http://localhost:8080/api/post/list?pageNum=1&pageSize=10,1053,0,0
1777734688452,398,用户登录,200,,常规接口测试-50并发 1-4,text,true,,319,218,50,55,http://localhost:8080/api/auth/login,354,0,0
1777734687742,1119,获取帖子列表,200,,常规接口测试-50并发 1-8,text,true,,5517,179,50,55,http://localhost:8080/api/post/list?pageNum=1&pageSize=10,1071,0,0
1777734687762,1116,获取帖子列表,200,,常规接口测试-50并发 1-12,text,true,,5517,179,50,55,http://localhost:8080/api/post/list?pageNum=1&pageSize=10,1066,0,0
1777734688364,522,高级筛选搜索,200,,常规接口测试-50并发 1-32,text,true,,5782,232,50,55,http://localhost:8080/api/post/list/filter?category=运动健身&pageNum=1&pageSize=10,471,0,1
1777734688412,486,关键词搜索,400,,常规接口测试-50并发 1-11,text,false,,332,183,50,55,http://localhost:8080/api/search/keyword?q=篮球,435,0,0
1777734688499,401,用户注册,200,,常规接口测试-50并发 1-42,text,true,,720,253,50,55,http://localhost:8080/api/auth/register,351,0,0
1777734688389,515,高级筛选搜索,200,,常规接口测试-50并发 1-6,text,true,,5782,232,50,55,http://localhost:8080/api/post/list/filter?category=运动健身&pageNum=1&pageSize=10,467,0,1
1777734688506,398,用户登录,200,,常规接口测试-50并发 1-29,text,true,,319,218,50,55,http://localhost:8080/api/auth/login,353,0,0
1777734688505,404,用户注册,200,,常规接口测试-50并发 1-5,text,true,,724,253,50,55,http://localhost:8080/api/auth/register,359,0,0
1777734688436,479,关键词搜索,400,,常规接口测试-50并发 1-47,text,false,,332,183,50,55,http://localhost:8080/api/search/keyword?q=篮球,434,0,0
1777734688580,337,用户登录,200,,常规接口测试-50并发 1-40,text,true,,319,218,50,55,http://localhost:8080/api/auth/login,293,0,0
1777734688440,498,高级筛选搜索,200,,常规接口测试-50并发 1-46,text,true,,5782,232,50,55,http://localhost:8080/api/post/list/filter?category=运动健身&pageNum=1&pageSize=10,454,0,0
1777734688462,479,关键词搜索,400,,常规接口测试-50并发 1-16,text,false,,332,183,50,55,http://localhost:8080/api/search/keyword?q=篮球,433,0,0
1777734688474,479,关键词搜索,400,,常规接口测试-50并发 1-48,text,false,,332,183,50,55,http://localhost:8080/api/search/keyword?q=篮球,428,0,0
1777734688593,386,用户登录,200,,常规接口测试-50并发 1-2,text,true,,319,218,50,55,http://localhost:8080/api/auth/login,331,0,0
1777734688605,412,用户注册,200,,常规接口测试-50并发 1-31,text,true,,724,253,50,55,http://localhost:8080/api/auth/register,356,0,0
1777734688627,413,用户登录,200,,常规接口测试-50并发 1-41,text,true,,319,218,50,55,http://localhost:8080/api/auth/login,362,0,0
1777734687954,1290,获取帖子列表,200,,常规接口测试-50并发 1-24,text,true,,5517,179,50,55,http://localhost:8080/api/post/list?pageNum=1&pageSize=10,1186,0,0
1777734688699,549,用户注册,200,,常规接口测试-50并发 1-43,text,true,,722,253,50,55,http://localhost:8080/api/auth/register,444,0,0
1777734688763,545,用户注册,200,,常规接口测试-50并发 1-45,text,true,,724,253,50,55,http://localhost:8080/api/auth/register,449,0,0
1777734688775,553,用户注册,200,,常规接口测试-50并发 1-15,text,true,,724,253,50,55,http://localhost:8080/api/auth/register,453,0,0
1777734688792,540,用户登录,200,,常规接口测试-50并发 1-1,text,true,,319,218,50,55,http://localhost:8080/api/auth/login,443,0,0
1777734688795,553,用户登录,200,,常规接口测试-50并发 1-30,text,true,,319,218,50,55,http://localhost:8080/api/auth/login,472,0,0
1777734688639,713,高级筛选搜索,200,,常规接口测试-50并发 1-33,text,true,,5782,232,50,55,http://localhost:8080/api/post/list/filter?category=运动健身&pageNum=1&pageSize=10,632,0,1
1777734688794,558,用户注册,200,,常规接口测试-50并发 1-44,text,true,,724,253,50,55,http://localhost:8080/api/auth/register,480,0,0
1777734688703,679,关键词搜索,400,,常规接口测试-50并发 1-34,text,false,,332,183,50,55,http://localhost:8080/api/search/keyword?q=篮球,611,0,0
1777734688815,590,用户注册,200,,常规接口测试-50并发 1-22,text,true,,724,253,50,55,http://localhost:8080/api/auth/register,521,0,0
1777734688106,1349,获取帖子列表,200,,常规接口测试-50并发 1-7,text,true,,5517,179,50,55,http://localhost:8080/api/post/list?pageNum=1&pageSize=10,1258,0,0
1777734688055,1426,获取帖子列表,200,,常规接口测试-50并发 1-35,text,true,,5517,179,50,55,http://localhost:8080/api/post/list?pageNum=1&pageSize=10,1334,0,0
1777734688799,703,关键词搜索,400,,常规接口测试-50并发 1-9,text,false,,332,183,50,55,http://localhost:8080/api/search/keyword?q=篮球,618,0,0
1777734688887,617,用户注册,200,,常规接口测试-50并发 1-32,text,true,,724,253,50,55,http://localhost:8080/api/auth/register,534,0,0
1777734688900,623,用户登录,200,,常规接口测试-50并发 1-42,text,true,,319,218,50,55,http://localhost:8080/api/auth/login,549,0,0
1777734688808,715,关键词搜索,400,,常规接口测试-50并发 1-49,text,false,,332,183,50,55,http://localhost:8080/api/search/keyword?q=篮球,634,0,0
1777734688909,619,用户登录,200,,常规接口测试-50并发 1-5,text,true,,319,218,50,55,http://localhost:8080/api/auth/login,549,0,0
1777734688166,1362,获取帖子列表,200,,常规接口测试-50并发 1-17,text,true,,5517,179,50,55,http://localhost:8080/api/post/list?pageNum=1&pageSize=10,1296,0,0
1777734688904,627,用户注册,200,,常规接口测试-50并发 1-6,text,true,,724,253,50,55,http://localhost:8080/api/auth/register,562,0,0
1777734688110,1426,获取帖子列表,200,,常规接口测试-50并发 1-50,text,true,,5517,179,50,55,http://localhost:8080/api/post/list?pageNum=1&pageSize=10,1368,0,0
1777734688845,719,关键词搜索,400,,常规接口测试-50并发 1-23,text,false,,332,183,50,55,http://localhost:8080/api/search/keyword?q=篮球,662,0,0
1777734688939,643,用户注册,200,,常规接口测试-50并发 1-46,text,true,,724,253,50,55,http://localhost:8080/api/auth/register,584,0,0
1777734688861,728,关键词搜索,400,,常规接口测试-50并发 1-8,text,false,,332,183,50,55,http://localhost:8080/api/search/keyword?q=篮球,665,0,0
1777734688879,740,关键词搜索,400,,常规接口测试-50并发 1-12,text,false,,332,183,50,55,http://localhost:8080/api/search/keyword?q=篮球,660,0,0
1777734688899,756,高级筛选搜索,200,,常规接口测试-50并发 1-11,text,true,,5782,232,50,55,http://localhost:8080/api/post/list/filter?category=运动健身&pageNum=1&pageSize=10,673,0,1
1777734689017,673,用户登录,200,,常规接口测试-50并发 1-31,text,true,,319,218,50,55,http://localhost:8080/api/auth/login,588,0,0
1777734688915,822,高级筛选搜索,200,,常规接口测试-50并发 1-47,text,true,,5782,232,50,55,http://localhost:8080/api/post/list/filter?category=运动健身&pageNum=1&pageSize=10,722,0,1
1777734688942,822,高级筛选搜索,200,,常规接口测试-50并发 1-16,text,true,,5782,232,50,55,http://localhost:8080/api/post/list/filter?category=运动健身&pageNum=1&pageSize=10,721,0,1
1777734688953,852,高级筛选搜索,200,,常规接口测试-50并发 1-48,text,true,,5782,232,50,55,http://localhost:8080/api/post/list/filter?category=运动健身&pageNum=1&pageSize=10,766,0,0
1777734688412,1430,获取帖子列表,200,,常规接口测试-50并发 1-18,text,true,,5517,179,50,55,http://localhost:8080/api/post/list?pageNum=1&pageSize=10,1374,0,0
1777734688429,1426,获取帖子列表,200,,常规接口测试-50并发 1-13,text,true,,5517,179,50,55,http://localhost:8080/api/post/list?pageNum=1&pageSize=10,1378,0,0
1777734689249,611,用户登录,200,,常规接口测试-50并发 1-43,text,true,,319,218,50,55,http://localhost:8080/api/auth/login,572,0,0
1777734688448,1416,获取帖子列表,200,,常规接口测试-50并发 1-36,text,true,,5517,179,50,55,http://localhost:8080/api/post/list?pageNum=1&pageSize=10,1376,0,0
1777734689309,581,用户登录,200,,常规接口测试-50并发 1-45,text,true,,319,218,50,55,http://localhost:8080/api/auth/login,541,0,0
1777734689328,570,用户登录,200,,常规接口测试-50并发 1-15,text,true,,319,218,50,55,http://localhost:8080/api/auth/login,527,0,0
1777734689352,564,用户登录,200,,常规接口测试-50并发 1-44,text,true,,319,218,50,55,http://localhost:8080/api/auth/login,520,0,0
1777734689352,574,用户注册,200,,常规接口测试-50并发 1-33,text,true,,724,253,50,55,http://localhost:8080/api/auth/register,529,0,0
1777734688582,1356,获取帖子列表,200,,常规接口测试-50并发 1-19,text,true,,5517,179,50,55,http://localhost:8080/api/post/list?pageNum=1&pageSize=10,1308,0,0
1777734689405,544,用户登录,200,,常规接口测试-50并发 1-22,text,true,,319,218,50,55,http://localhost:8080/api/auth/login,495,0,0
1777734689245,706,关键词搜索,400,,常规接口测试-50并发 1-24,text,false,,332,183,50,55,http://localhost:8080/api/search/keyword?q=篮球,656,0,0
1777734688576,1379,获取帖子列表,200,,常规接口测试-50并发 1-25,text,true,,5517,179,50,55,http://localhost:8080/api/post/list?pageNum=1&pageSize=10,1331,0,0
1777734688593,1370,获取帖子列表,200,,常规接口测试-50并发 1-14,text,true,,5517,179,50,55,http://localhost:8080/api/post/list?pageNum=1&pageSize=10,1324,0,0
1777734688635,1352,获取帖子列表,200,,常规接口测试-50并发 1-26,text,true,,5517,179,50,55,http://localhost:8080/api/post/list?pageNum=1&pageSize=10,1317,0,0
1777734689504,489,用户登录,200,,常规接口测试-50并发 1-32,text,true,,319,218,50,55,http://localhost:8080/api/auth/login,453,0,0
1777734688629,1364,获取帖子列表,200,,常规接口测试-50并发 1-10,text,true,,5517,179,50,55,http://localhost:8080/api/post/list?pageNum=1&pageSize=10,1330,0,0
1777734688647,1350,获取帖子列表,200,,常规接口测试-50并发 1-20,text,true,,5517,179,50,55,http://localhost:8080/api/post/list?pageNum=1&pageSize=10,1317,0,0
1777734689382,624,高级筛选搜索,200,,常规接口测试-50并发 1-34,text,true,,5782,232,50,55,http://localhost:8080/api/post/list/filter?category=运动健身&pageNum=1&pageSize=10,592,0,0
1777734689531,482,用户登录,200,,常规接口测试-50并发 1-6,text,true,,319,218,50,55,http://localhost:8080/api/auth/login,450,0,0
1777734689455,575,关键词搜索,400,,常规接口测试-50并发 1-7,text,false,,332,183,50,55,http://localhost:8080/api/search/keyword?q=篮球,544,0,0
1777734688693,1340,获取帖子列表,200,,常规接口测试-50并发 1-27,text,true,,5517,179,50,55,http://localhost:8080/api/post/list?pageNum=1&pageSize=10,1308,0,0
1777734689582,453,用户登录,200,,常规接口测试-50并发 1-46,text,true,,319,218,50,55,http://localhost:8080/api/auth/login,419,0,0
1777734689481,563,关键词搜索,400,,常规接口测试-50并发 1-35,text,false,,332,183,50,55,http://localhost:8080/api/search/keyword?q=篮球,526,0,0
1777734689536,509,关键词搜索,400,,常规接口测试-50并发 1-50,text,false,,332,183,50,55,http://localhost:8080/api/search/keyword?q=篮球,472,0,0
1777734688696,1357,获取帖子列表,200,,常规接口测试-50并发 1-28,text,true,,5517,179,50,55,http://localhost:8080/api/post/list?pageNum=1&pageSize=10,1316,0,0
1777734689529,544,关键词搜索,400,,常规接口测试-50并发 1-17,text,false,,332,183,50,55,http://localhost:8080/api/search/keyword?q=篮球,503,0,0
1777734689737,339,用户注册,200,,常规接口测试-50并发 1-47,text,true,,723,252,50,55,http://localhost:8080/api/auth/register,301,0,0
1777734688797,1282,获取帖子列表,200,,常规接口测试-50并发 1-37,text,true,,5517,179,50,55,http://localhost:8080/api/post/list?pageNum=1&pageSize=10,1244,0,0
1777734689655,427,用户注册,200,,常规接口测试-50并发 1-11,text,true,,724,253,50,55,http://localhost:8080/api/auth/register,392,0,0
1777734688816,1286,获取帖子列表,200,,常规接口测试-50并发 1-3,text,true,,5517,179,50,55,http://localhost:8080/api/post/list?pageNum=1&pageSize=10,1252,0,0
1777734689502,601,高级筛选搜索,200,,常规接口测试-50并发 1-9,text,true,,5782,232,50,55,http://localhost:8080/api/post/list/filter?category=运动健身&pageNum=1&pageSize=10,567,0,1
1777734688824,1288,获取帖子列表,200,,常规接口测试-50并发 1-21,text,true,,5517,179,50,55,http://localhost:8080/api/post/list?pageNum=1&pageSize=10,1251,0,0
1777734689590,529,高级筛选搜索,200,,常规接口测试-50并发 1-8,text,true,,5782,232,50,55,http://localhost:8080/api/post/list/filter?category=运动健身&pageNum=1&pageSize=10,491,0,0
1777734689523,602,高级筛选搜索,200,,常规接口测试-50并发 1-49,text,true,,5782,232,50,55,http://localhost:8080/api/post/list/filter?category=运动健身&pageNum=1&pageSize=10,562,0,0
1777734689764,364,用户注册,200,,常规接口测试-50并发 1-16,text,true,,724,253,50,55,http://localhost:8080/api/auth/register,324,0,0
1777734688832,1299,获取帖子列表,200,,常规接口测试-50并发 1-38,text,true,,5517,179,50,55,http://localhost:8080/api/post/list?pageNum=1&pageSize=10,1258,0,0
1777734688825,1309,获取帖子列表,200,,常规接口测试-50并发 1-39,text,true,,5517,179,50,55,http://localhost:8080/api/post/list?pageNum=1&pageSize=10,1271,0,0
1777734689805,335,用户注册,200,,常规接口测试-50并发 1-48,text,true,,724,253,50,55,http://localhost:8080/api/auth/register,299,0,0
1777734689564,584,高级筛选搜索,200,,常规接口测试-50并发 1-23,text,true,,5782,232,50,55,http://localhost:8080/api/post/list/filter?category=运动健身&pageNum=1&pageSize=10,552,0,1
1777734688850,1309,获取帖子列表,200,,常规接口测试-50并发 1-4,text,true,,5517,179,50,55,http://localhost:8080/api/post/list?pageNum=1&pageSize=10,1275,0,0
1777734689619,554,高级筛选搜索,200,,常规接口测试-50并发 1-12,text,true,,5782,232,50,55,http://localhost:8080/api/post/list/filter?category=运动健身&pageNum=1&pageSize=10,519,0,1
1777734689926,283,用户登录,200,,常规接口测试-50并发 1-33,text,true,,319,218,50,55,http://localhost:8080/api/auth/login,235,0,0
1777734689842,404,关键词搜索,400,,常规接口测试-50并发 1-18,text,false,,332,183,50,55,http://localhost:8080/api/search/keyword?q=篮球,350,0,0
1777734688904,1354,获取帖子列表,200,,常规接口测试-50并发 1-29,text,true,,5517,179,50,55,http://localhost:8080/api/post/list?pageNum=1&pageSize=10,1303,0,0
1777734689855,412,关键词搜索,400,,常规接口测试-50并发 1-13,text,false,,332,183,50,55,http://localhost:8080/api/search/keyword?q=篮球,358,0,0
1777734689865,408,关键词搜索,400,,常规接口测试-50并发 1-36,text,false,,332,183,50,55,http://localhost:8080/api/search/keyword?q=篮球,353,0,0
1777734688918,1359,获取帖子列表,200,,常规接口测试-50并发 1-40,text,true,,5517,179,50,55,http://localhost:8080/api/post/list?pageNum=1&pageSize=10,1307,0,0
1777734689938,450,关键词搜索,400,,常规接口测试-50并发 1-19,text,false,,332,183,50,55,http://localhost:8080/api/search/keyword?q=篮球,377,0,0
1777734688980,1413,获取帖子列表,200,,常规接口测试-50并发 1-2,text,true,,5517,179,50,55,http://localhost:8080/api/post/list?pageNum=1&pageSize=10,1340,0,0
1777734689955,463,关键词搜索,400,,常规接口测试-50并发 1-25,text,false,,332,183,50,55,http://localhost:8080/api/search/keyword?q=篮球,397,0,0
1777734690009,414,用户注册,200,,常规接口测试-50并发 1-34,text,true,,722,253,50,55,http://localhost:8080/api/auth/register,349,0,0
1777734689963,470,关键词搜索,400,,常规接口测试-50并发 1-14,text,false,,332,183,50,55,http://localhost:8080/api/search/keyword?q=篮球,410,0,0
1777734689040,1422,获取帖子列表,200,,常规接口测试-50并发 1-41,text,true,,5517,179,50,55,http://localhost:8080/api/post/list?pageNum=1&pageSize=10,1359,0,0
1777734689987,492,关键词搜索,400,,常规接口测试-50并发 1-26,text,false,,332,183,50,55,http://localhost:8080/api/search/keyword?q=篮球,430,0,0
1777734689993,496,关键词搜索,400,,常规接口测试-50并发 1-10,text,false,,332,183,50,55,http://localhost:8080/api/search/keyword?q=篮球,431,0,0
1777734689952,540,高级筛选搜索,200,,常规接口测试-50并发 1-24,text,true,,5782,232,50,55,http://localhost:8080/api/post/list/filter?category=运动健身&pageNum=1&pageSize=10,478,0,1
1777734689997,500,关键词搜索,400,,常规接口测试-50并发 1-20,text,false,,332,183,50,55,http://localhost:8080/api/search/keyword?q=篮球,439,0,0
1777734690076,436,用户登录,200,,常规接口测试-50并发 1-47,text,true,,319,218,50,55,http://localhost:8080/api/auth/login,377,0,0
1777734690082,444,用户登录,200,,常规接口测试-50并发 1-11,text,true,,319,218,50,55,http://localhost:8080/api/auth/login,386,0,0
1777734690033,520,关键词搜索,400,,常规接口测试-50并发 1-27,text,false,,332,183,50,55,http://localhost:8080/api/search/keyword?q=篮球,465,0,0
1777734690103,462,用户注册,200,,常规接口测试-50并发 1-9,text,true,,724,253,50,55,http://localhost:8080/api/auth/register,402,0,0
1777734690030,538,高级筛选搜索,200,,常规接口测试-50并发 1-7,text,true,,5782,232,50,55,http://localhost:8080/api/post/list/filter?category=运动健身&pageNum=1&pageSize=10,479,0,1
1777734690046,533,高级筛选搜索,200,,常规接口测试-50并发 1-50,text,true,,5782,232,50,55,http://localhost:8080/api/post/list/filter?category=运动健身&pageNum=1&pageSize=10,477,0,0
1777734690119,462,用户注册,200,,常规接口测试-50并发 1-8,text,true,,724,253,50,55,http://localhost:8080/api/auth/register,406,0,0
1777734690053,528,关键词搜索,400,,常规接口测试-50并发 1-28,text,false,,332,183,50,55,http://localhost:8080/api/search/keyword?q=篮球,474,0,0
1777734690128,459,用户登录,200,,常规接口测试-50并发 1-16,text,true,,319,218,50,55,http://localhost:8080/api/auth/login,404,0,0
1777734690044,545,高级筛选搜索,200,,常规接口测试-50并发 1-35,text,true,,5782,232,50,55,http://localhost:8080/api/post/list/filter?category=运动健身&pageNum=1&pageSize=10,490,0,0
1777734690125,467,用户注册,200,,常规接口测试-50并发 1-49,text,true,,724,253,50,55,http://localhost:8080/api/auth/register,414,0,0
1777734690073,530,高级筛选搜索,200,,常规接口测试-50并发 1-17,text,true,,5782,232,50,55,http://localhost:8080/api/post/list/filter?category=运动健身&pageNum=1&pageSize=10,478,0,1
1777734690140,471,用户登录,200,,常规接口测试-50并发 1-48,text,true,,319,218,50,55,http://localhost:8080/api/auth/login,421,0,0
1777734690173,442,用户注册,200,,常规接口测试-50并发 1-12,text,true,,724,253,50,55,http://localhost:8080/api/auth/register,440,0,0
1777734690079,536,关键词搜索,400,,常规接口测试-50并发 1-37,text,false,,332,183,50,55,http://localhost:8080/api/search/keyword?q=篮球,488,0,0
1777734690149,477,用户注册,200,,常规接口测试-50并发 1-23,text,true,,724,253,50,55,http://localhost:8080/api/auth/register,427,0,0
1777734689332,1303,获取帖子列表,200,,常规接口测试-50并发 1-1,text,true,,5517,179,50,55,http://localhost:8080/api/post/list?pageNum=1&pageSize=10,1253,0,0
1777734690103,556,关键词搜索,400,,常规接口测试-50并发 1-3,text,false,,332,183,50,55,http://localhost:8080/api/search/keyword?q=篮球,500,0,0
1777734690112,555,关键词搜索,400,,常规接口测试-50并发 1-21,text,false,,332,183,50,55,http://localhost:8080/api/search/keyword?q=篮球,499,0,0
1777734689349,1336,获取帖子列表,200,,常规接口测试-50并发 1-30,text,true,,5517,179,50,55,http://localhost:8080/api/post/list?pageNum=1&pageSize=10,1277,0,0
1777734690132,570,关键词搜索,400,,常规接口测试-50并发 1-38,text,false,,332,183,50,55,http://localhost:8080/api/search/keyword?q=篮球,508,0,0
1777734690134,576,关键词搜索,400,,常规接口测试-50并发 1-39,text,false,,332,183,50,55,http://localhost:8080/api/search/keyword?q=篮球,517,0,0
1777734690159,579,关键词搜索,400,,常规接口测试-50并发 1-4,text,false,,332,183,50,55,http://localhost:8080/api/search/keyword?q=篮球,524,0,0
1777734689523,1225,获取帖子列表,200,,常规接口测试-50并发 1-42,text,true,,5517,179,50,55,http://localhost:8080/api/post/list?pageNum=1&pageSize=10,1177,0,0
1777734689529,1224,获取帖子列表,200,,常规接口测试-50并发 1-5,text,true,,5517,179,50,55,http://localhost:8080/api/post/list?pageNum=1&pageSize=10,1179,0,0
1777734689690,1117,获取帖子列表,200,,常规接口测试-50并发 1-31,text,true,,5517,179,50,55,http://localhost:8080/api/post/list?pageNum=1&pageSize=10,1084,0,0
1777734690246,567,高级筛选搜索,200,,常规接口测试-50并发 1-18,text,true,,5782,232,50,55,http://localhost:8080/api/post/list/filter?category=运动健身&pageNum=1&pageSize=10,532,0,1
1777734690259,556,关键词搜索,400,,常规接口测试-50并发 1-29,text,false,,332,183,50,55,http://localhost:8080/api/search/keyword?q=篮球,520,0,0
1777734690267,560,高级筛选搜索,200,,常规接口测试-50并发 1-13,text,true,,5782,232,50,55,http://localhost:8080/api/post/list/filter?category=运动健身&pageNum=1&pageSize=10,524,0,1
1777734690278,553,关键词搜索,400,,常规接口测试-50并发 1-40,text,false,,332,183,50,55,http://localhost:8080/api/search/keyword?q=篮球,519,0,0
1777734690423,408,用户登录,200,,常规接口测试-50并发 1-34,text,true,,319,218,50,55,http://localhost:8080/api/auth/login,375,0,0
1777734690273,562,高级筛选搜索,200,,常规接口测试-50并发 1-36,text,true,,5782,232,50,55,http://localhost:8080/api/post/list/filter?category=运动健身&pageNum=1&pageSize=10,530,0,0
1777734690389,467,高级筛选搜索,200,,常规接口测试-50并发 1-19,text,true,,5782,232,50,55,http://localhost:8080/api/post/list/filter?category=运动健身&pageNum=1&pageSize=10,439,0,0
1777734689860,1008,获取帖子列表,200,,常规接口测试-50并发 1-43,text,true,,5517,179,50,55,http://localhost:8080/api/post/list?pageNum=1&pageSize=10,973,0,0
1777734690492,382,用户注册,200,,常规接口测试-50并发 1-24,text,true,,724,253,50,55,http://localhost:8080/api/auth/register,346,0,0
1777734690393,485,关键词搜索,400,,常规接口测试-50并发 1-2,text,false,,332,183,50,55,http://localhost:8080/api/search/keyword?q=篮球,447,0,0
1777734689891,992,获取帖子列表,200,,常规接口测试-50并发 1-45,text,true,,5517,179,50,55,http://localhost:8080/api/post/list?pageNum=1&pageSize=10,952,0,0
1777734690419,468,高级筛选搜索,200,,常规接口测试-50并发 1-25,text,true,,5782,232,50,55,http://localhost:8080/api/post/list/filter?category=运动健身&pageNum=1&pageSize=10,426,0,0
1777734689898,1000,获取帖子列表,200,,常规接口测试-50并发 1-15,text,true,,5517,179,50,55,http://localhost:8080/api/post/list?pageNum=1&pageSize=10,952,0,0
1777734689916,983,获取帖子列表,200,,常规接口测试-50并发 1-44,text,true,,5517,179,50,55,http://localhost:8080/api/post/list?pageNum=1&pageSize=10,934,0,0
1777734690433,478,高级筛选搜索,200,,常规接口测试-50并发 1-14,text,true,,5782,232,50,55,http://localhost:8080/api/post/list/filter?category=运动健身&pageNum=1&pageSize=10,424,0,1
1777734690566,364,用户登录,200,,常规接口测试-50并发 1-9,text,true,,319,218,50,55,http://localhost:8080/api/auth/login,311,0,0
1777734689949,988,获取帖子列表,200,,常规接口测试-50并发 1-22,text,true,,5517,179,50,55,http://localhost:8080/api/post/list?pageNum=1&pageSize=10,944,0,0
1777734690462,476,关键词搜索,400,,常规接口测试-50并发 1-41,text,false,,332,183,50,55,http://localhost:8080/api/search/keyword?q=篮球,432,0,0
1777734690568,372,用户注册,200,,常规接口测试-50并发 1-7,text,true,,724,253,50,55,http://localhost:8080/api/auth/register,331,0,0
1777734690581,360,用户登录,200,,常规接口测试-50并发 1-8,text,true,,319,218,50,55,http://localhost:8080/api/auth/login,323,0,0
1777734690579,365,用户注册,200,,常规接口测试-50并发 1-50,text,true,,724,253,50,55,http://localhost:8080/api/auth/register,335,0,0
1777734690480,465,高级筛选搜索,200,,常规接口测试-50并发 1-26,text,true,,5782,232,50,55,http://localhost:8080/api/post/list/filter?category=运动健身&pageNum=1&pageSize=10,436,0,0
1777734690593,354,用户登录,200,,常规接口测试-50并发 1-49,text,true,,319,218,50,55,http://localhost:8080/api/auth/login,329,0,0
1777734689993,955,获取帖子列表,200,,常规接口测试-50并发 1-32,text,true,,5517,179,50,55,http://localhost:8080/api/post/list?pageNum=1&pageSize=10,931,0,0
1777734690590,359,用户注册,200,,常规接口测试-50并发 1-35,text,true,,724,253,50,55,http://localhost:8080/api/auth/register,336,0,0
1777734690489,463,高级筛选搜索,200,,常规接口测试-50并发 1-10,text,true,,5782,232,50,55,http://localhost:8080/api/post/list/filter?category=运动健身&pageNum=1&pageSize=10,440,0,0
1777734690615,342,用户登录,200,,常规接口测试-50并发 1-12,text,true,,319,218,50,55,http://localhost:8080/api/auth/login,319,0,0
1777734690603,357,用户注册,200,,常规接口测试-50并发 1-17,text,true,,724,253,50,55,http://localhost:8080/api/auth/register,333,0,0
1777734690626,335,用户登录,200,,常规接口测试-50并发 1-23,text,true,,319,218,50,55,http://localhost:8080/api/auth/login,312,0,0
1777734690013,948,获取帖子列表,200,,常规接口测试-50并发 1-6,text,true,,5517,179,50,55,http://localhost:8080/api/post/list?pageNum=1&pageSize=10,925,0,0
1777734690497,472,高级筛选搜索,200,,常规接口测试-50并发 1-20,text,true,,5782,232,50,55,http://localhost:8080/api/post/list/filter?category=运动健身&pageNum=1&pageSize=10,445,0,1
1777734690035,940,获取帖子列表,200,,常规接口测试-50并发 1-46,text,true,,5517,179,50,55,http://localhost:8080/api/post/list?pageNum=1&pageSize=10,909,0,0
1777734690553,446,高级筛选搜索,200,,常规接口测试-50并发 1-27,text,true,,5782,232,50,55,http://localhost:8080/api/post/list/filter?category=运动健身&pageNum=1&pageSize=10,405,0,1
1777734690616,408,高级筛选搜索,200,,常规接口测试-50并发 1-37,text,true,,5782,232,50,55,http://localhost:8080/api/post/list/filter?category=运动健身&pageNum=1&pageSize=10,365,0,0
1777734690582,447,高级筛选搜索,200,,常规接口测试-50并发 1-28,text,true,,5782,232,50,55,http://localhost:8080/api/post/list/filter?category=运动健身&pageNum=1&pageSize=10,405,0,0
1777734690635,415,关键词搜索,400,,常规接口测试-50并发 1-1,text,false,,332,183,50,55,http://localhost:8080/api/search/keyword?q=篮球,375,0,0
1777734690668,385,高级筛选搜索,200,,常规接口测试-50并发 1-21,text,true,,5782,232,50,55,http://localhost:8080/api/post/list/filter?category=运动健身&pageNum=1&pageSize=10,350,0,0
1777734690660,397,高级筛选搜索,200,,常规接口测试-50并发 1-3,text,true,,5782,232,50,55,http://localhost:8080/api/post/list/filter?category=运动健身&pageNum=1&pageSize=10,365,0,0
1777734690685,386,关键词搜索,400,,常规接口测试-50并发 1-30,text,false,,332,183,49,54,http://localhost:8080/api/search/keyword?q=篮球,350,0,0
1777734690702,383,高级筛选搜索,200,,常规接口测试-50并发 1-38,text,true,,5782,232,49,54,http://localhost:8080/api/post/list/filter?category=运动健身&pageNum=1&pageSize=10,345,0,1
1777734690710,390,高级筛选搜索,200,,常规接口测试-50并发 1-39,text,true,,5782,232,49,54,http://localhost:8080/api/post/list/filter?category=运动健身&pageNum=1&pageSize=10,342,0,0
1777734690738,432,高级筛选搜索,200,,常规接口测试-50并发 1-4,text,true,,5782,232,49,54,http://localhost:8080/api/post/list/filter?category=运动健身&pageNum=1&pageSize=10,343,0,1
1777734690748,431,关键词搜索,400,,常规接口测试-50并发 1-42,text,false,,332,183,48,53,http://localhost:8080/api/search/keyword?q=篮球,342,0,0
1777734690813,372,用户注册,200,,常规接口测试-50并发 1-18,text,true,,724,253,48,53,http://localhost:8080/api/auth/register,283,0,0
1777734690753,434,关键词搜索,400,,常规接口测试-50并发 1-5,text,false,,332,183,48,53,http://localhost:8080/api/search/keyword?q=篮球,346,0,0
1777734690827,394,用户注册,200,,常规接口测试-50并发 1-13,text,true,,724,253,48,53,http://localhost:8080/api/auth/register,279,0,0
1777734690835,409,用户注册,200,,常规接口测试-50并发 1-36,text,true,,724,253,48,53,http://localhost:8080/api/auth/register,322,0,0
1777734690815,448,高级筛选搜索,200,,常规接口测试-50并发 1-29,text,true,,5782,232,48,53,http://localhost:8080/api/post/list/filter?category=运动健身&pageNum=1&pageSize=10,380,0,1
1777734690209,1060,获取帖子列表,200,,常规接口测试-50并发 1-33,text,true,,5517,179,48,53,http://localhost:8080/api/post/list?pageNum=1&pageSize=10,1015,0,0
1777734690856,415,用户注册,200,,常规接口测试-50并发 1-19,text,true,,724,253,48,53,http://localhost:8080/api/auth/register,372,0,0
1777734690808,466,关键词搜索,400,,常规接口测试-50并发 1-31,text,false,,332,183,48,53,http://localhost:8080/api/search/keyword?q=篮球,427,0,0
1777734690874,403,用户登录,200,,常规接口测试-50并发 1-24,text,true,,319,218,48,53,http://localhost:8080/api/auth/login,363,0,0
1777734690832,448,高级筛选搜索,200,,常规接口测试-50并发 1-40,text,true,,5782,232,48,53,http://localhost:8080/api/post/list/filter?category=运动健身&pageNum=1&pageSize=10,411,0,0
1777734690887,402,用户注册,200,,常规接口测试-50并发 1-25,text,true,,724,253,48,53,http://localhost:8080/api/auth/register,368,0,0
1777734690911,399,用户注册,200,,常规接口测试-50并发 1-14,text,true,,724,253,48,53,http://localhost:8080/api/auth/register,362,0,0
1777734690946,365,用户注册,200,,常规接口测试-50并发 1-26,text,true,,724,253,48,53,http://localhost:8080/api/auth/register,328,0,0
1777734690883,433,关键词搜索,400,,常规接口测试-50并发 1-45,text,false,,332,183,48,53,http://localhost:8080/api/search/keyword?q=篮球,395,0,0
1777734690940,383,用户登录,200,,常规接口测试-50并发 1-7,text,true,,319,218,48,53,http://localhost:8080/api/auth/login,351,0,0
1777734690878,448,高级筛选搜索,200,,常规接口测试-50并发 1-2,text,true,,5782,232,48,53,http://localhost:8080/api/post/list/filter?category=运动健身&pageNum=1&pageSize=10,418,0,1
1777734690945,385,用户登录,200,,常规接口测试-50并发 1-50,text,true,,319,218,47,52,http://localhost:8080/api/auth/login,359,0,0
1777734690868,463,关键词搜索,400,,常规接口测试-50并发 1-43,text,false,,332,183,47,52,http://localhost:8080/api/search/keyword?q=篮球,437,0,0
1777734690948,386,关键词搜索,400,,常规接口测试-50并发 1-32,text,false,,332,183,47,52,http://localhost:8080/api/search/keyword?q=篮球,385,0,0
1777734690949,391,用户登录,200,,常规接口测试-50并发 1-35,text,true,,319,218,47,52,http://localhost:8080/api/auth/login,365,0,0
1777734690952,392,用户注册,200,,常规接口测试-50并发 1-10,text,true,,724,253,47,52,http://localhost:8080/api/auth/register,366,0,0
1777734690898,449,关键词搜索,400,,常规接口测试-50并发 1-15,text,false,,332,183,47,52,http://localhost:8080/api/search/keyword?q=篮球,421,0,0
1777734690960,388,用户登录,200,,常规接口测试-50并发 1-17,text,true,,319,218,47,52,http://localhost:8080/api/auth/login,360,0,0
1777734690899,451,关键词搜索,400,,常规接口测试-50并发 1-44,text,false,,332,183,47,52,http://localhost:8080/api/search/keyword?q=篮球,422,0,0
1777734690938,419,高级筛选搜索,200,,常规接口测试-50并发 1-41,text,true,,5782,232,47,52,http://localhost:8080/api/post/list/filter?category=运动健身&pageNum=1&pageSize=10,387,0,0
1777734690970,390,用户注册,200,,常规接口测试-50并发 1-20,text,true,,724,253,47,52,http://localhost:8080/api/auth/register,359,0,0
1777734690937,436,关键词搜索,400,,常规接口测试-50并发 1-22,text,false,,332,183,47,52,http://localhost:8080/api/search/keyword?q=篮球,407,0,0
1777734690999,379,用户注册,200,,常规接口测试-50并发 1-27,text,true,,723,252,47,52,http://localhost:8080/api/auth/register,356,0,0
1777734690512,878,获取帖子列表,200,,常规接口测试-50并发 1-47,text,true,,5517,179,47,52,http://localhost:8080/api/post/list?pageNum=1&pageSize=10,855,0,0
1777734690527,866,获取帖子列表,200,,常规接口测试-50并发 1-11,text,true,,5517,179,47,52,http://localhost:8080/api/post/list?pageNum=1&pageSize=10,842,0,0
1777734691024,372,用户注册,200,,常规接口测试-50并发 1-37,text,true,,724,253,47,52,http://localhost:8080/api/auth/register,348,0,0
1777734690961,436,关键词搜索,400,,常规接口测试-50并发 1-6,text,false,,332,183,47,52,http://localhost:8080/api/search/keyword?q=篮球,413,0,0
1777734691029,374,用户注册,200,,常规接口测试-50并发 1-28,text,true,,724,253,47,52,http://localhost:8080/api/auth/register,348,0,0
1777734690975,434,关键词搜索,400,,常规接口测试-50并发 1-46,text,false,,332,183,47,52,http://localhost:8080/api/search/keyword?q=篮球,405,0,0
1777734691053,370,用户注册,200,,常规接口测试-50并发 1-21,text,true,,722,253,47,52,http://localhost:8080/api/auth/register,336,0,0
1777734690588,841,获取帖子列表,200,,常规接口测试-50并发 1-16,text,true,,5517,179,47,52,http://localhost:8080/api/post/list?pageNum=1&pageSize=10,806,0,0
1777734690612,824,获取帖子列表,200,,常规接口测试-50并发 1-48,text,true,,5517,179,47,52,http://localhost:8080/api/post/list?pageNum=1&pageSize=10,790,0,0
1777734691086,362,用户注册,200,,常规接口测试-50并发 1-38,text,true,,724,253,47,52,http://localhost:8080/api/auth/register,331,0,0
1777734691100,350,用户注册,200,,常规接口测试-50并发 1-39,text,true,,724,253,47,52,http://localhost:8080/api/auth/register,323,0,0
1777734691050,426,高级筛选搜索,200,,常规接口测试-50并发 1-1,text,true,,5782,232,47,52,http://localhost:8080/api/post/list/filter?category=运动健身&pageNum=1&pageSize=10,391,0,1
1777734691072,405,高级筛选搜索,200,,常规接口测试-50并发 1-30,text,true,,5782,232,46,51,http://localhost:8080/api/post/list/filter?category=运动健身&pageNum=1&pageSize=10,370,0,1
1777734691185,299,用户登录,200,,常规接口测试-50并发 1-18,text,true,,319,218,46,51,http://localhost:8080/api/auth/login,261,0,0
1777734691221,277,用户登录,200,,常规接口测试-50并发 1-13,text,true,,319,218,46,51,http://localhost:8080/api/auth/login,237,0,0
1777734691244,260,用户登录,200,,常规接口测试-50并发 1-36,text,true,,319,218,46,51,http://localhost:8080/api/auth/login,221,0,0
1777734691271,255,用户登录,200,,常规接口测试-50并发 1-19,text,true,,319,218,46,51,http://localhost:8080/api/auth/login,220,0,0
1777734691263,267,用户注册,200,,常规接口测试-50并发 1-29,text,true,,724,253,46,51,http://localhost:8080/api/auth/register,230,0,0
1777734691280,267,用户注册,200,,常规接口测试-50并发 1-40,text,true,,723,252,46,51,http://localhost:8080/api/auth/register,231,0,0
1777734691289,264,用户登录,200,,常规接口测试-50并发 1-25,text,true,,319,218,46,51,http://localhost:8080/api/auth/login,228,0,0
1777734691310,291,用户登录,200,,常规接口测试-50并发 1-14,text,true,,319,218,46,51,http://localhost:8080/api/auth/login,221,0,0
1777734691311,319,用户登录,200,,常规接口测试-50并发 1-26,text,true,,319,218,46,51,http://localhost:8080/api/auth/login,229,0,0
1777734691187,454,高级筛选搜索,200,,常规接口测试-50并发 1-5,text,true,,5782,232,46,51,http://localhost:8080/api/post/list/filter?category=运动健身&pageNum=1&pageSize=10,356,0,0
1777734691179,474,高级筛选搜索,200,,常规接口测试-50并发 1-42,text,true,,5782,232,45,50,http://localhost:8080/api/post/list/filter?category=运动健身&pageNum=1&pageSize=10,374,0,1
1777734691270,388,关键词搜索,400,,常规接口测试-50并发 1-33,text,false,,332,183,45,50,http://localhost:8080/api/search/keyword?q=篮球,286,0,0
1777734691346,342,用户登录,200,,常规接口测试-50并发 1-10,text,true,,319,218,45,50,http://localhost:8080/api/auth/login,300,0,0
1777734691274,424,高级筛选搜索,200,,常规接口测试-50并发 1-31,text,true,,5782,232,45,50,http://localhost:8080/api/post/list/filter?category=运动健身&pageNum=1&pageSize=10,388,0,1
1777734691362,341,用户登录,200,,常规接口测试-50并发 1-20,text,true,,319,218,45,50,http://localhost:8080/api/auth/login,307,0,0
1777734690832,879,获取帖子列表,200,,常规接口测试-50并发 1-34,text,true,,5517,179,45,50,http://localhost:8080/api/post/list?pageNum=1&pageSize=10,844,0,0
1777734691358,356,用户注册,200,,常规接口测试-50并发 1-41,text,true,,724,253,45,50,http://localhost:8080/api/auth/register,320,0,0
1777734691379,352,用户登录,200,,常规接口测试-50并发 1-27,text,true,,319,218,45,50,http://localhost:8080/api/auth/login,320,0,0
1777734691397,360,用户登录,200,,常规接口测试-50并发 1-37,text,true,,319,218,45,50,http://localhost:8080/api/auth/login,328,0,0
1777734691405,357,用户登录,200,,常规接口测试-50并发 1-28,text,true,,319,218,45,50,http://localhost:8080/api/auth/login,325,0,0
1777734691317,449,高级筛选搜索,200,,常规接口测试-50并发 1-45,text,true,,5782,232,45,50,http://localhost:8080/api/post/list/filter?category=运动健身&pageNum=1&pageSize=10,417,0,1
1777734691424,345,用户登录,200,,常规接口测试-50并发 1-21,text,true,,319,218,45,50,http://localhost:8080/api/auth/login,313,0,0
1777734691335,437,高级筛选搜索,200,,常规接口测试-50并发 1-32,text,true,,5782,232,45,50,http://localhost:8080/api/post/list/filter?category=运动健身&pageNum=1&pageSize=10,404,0,1
1777734691332,444,高级筛选搜索,200,,常规接口测试-50并发 1-43,text,true,,5782,232,45,50,http://localhost:8080/api/post/list/filter?category=运动健身&pageNum=1&pageSize=10,410,0,1
1777734691351,434,高级筛选搜索,200,,常规接口测试-50并发 1-44,text,true,,5782,232,45,50,http://localhost:8080/api/post/list/filter?category=运动健身&pageNum=1&pageSize=10,402,0,1
1777734691348,438,高级筛选搜索,200,,常规接口测试-50并发 1-15,text,true,,5782,232,45,50,http://localhost:8080/api/post/list/filter?category=运动健身&pageNum=1&pageSize=10,406,0,1
1777734691391,415,关键词搜索,400,,常规接口测试-50并发 1-47,text,false,,332,183,45,50,http://localhost:8080/api/search/keyword?q=篮球,377,0,0
1777734691449,358,用户登录,200,,常规接口测试-50并发 1-38,text,true,,319,218,45,50,http://localhost:8080/api/auth/login,321,0,0
1777734691451,362,用户登录,200,,常规接口测试-50并发 1-39,text,true,,319,218,45,50,http://localhost:8080/api/auth/login,323,0,0
1777734691374,440,高级筛选搜索,200,,常规接口测试-50并发 1-22,text,true,,5782,232,45,50,http://localhost:8080/api/post/list/filter?category=运动健身&pageNum=1&pageSize=10,401,0,1
1777734691394,427,关键词搜索,400,,常规接口测试-50并发 1-11,text,false,,332,183,45,50,http://localhost:8080/api/search/keyword?q=篮球,387,0,0
1777734691437,394,关键词搜索,400,,常规接口测试-50并发 1-48,text,false,,332,183,45,50,http://localhost:8080/api/search/keyword?q=篮球,355,0,0
1777734691399,438,高级筛选搜索,200,,常规接口测试-50并发 1-6,text,true,,5782,232,45,50,http://localhost:8080/api/post/list/filter?category=运动健身&pageNum=1&pageSize=10,406,0,0
1777734691478,365,用户注册,200,,常规接口测试-50并发 1-30,text,true,,722,253,44,49,http://localhost:8080/api/auth/register,334,0,0
1777734691410,452,高级筛选搜索,200,,常规接口测试-50并发 1-46,text,true,,5782,232,44,49,http://localhost:8080/api/post/list/filter?category=运动健身&pageNum=1&pageSize=10,409,0,1
1777734690930,934,获取帖子列表,200,,常规接口测试-50并发 1-9,text,true,,5517,179,44,49,http://localhost:8080/api/post/list?pageNum=1&pageSize=10,890,0,0
1777734691531,339,用户登录,200,,常规接口测试-50并发 1-29,text,true,,319,218,44,49,http://localhost:8080/api/auth/login,292,0,0
1777734691430,442,关键词搜索,400,,常规接口测试-50并发 1-16,text,false,,332,183,44,49,http://localhost:8080/api/search/keyword?q=篮球,393,0,0
1777734690948,981,获取帖子列表,200,,常规接口测试-50并发 1-49,text,true,,5517,179,44,49,http://localhost:8080/api/post/list?pageNum=1&pageSize=10,909,0,0
1777734690941,1052,获取帖子列表,200,,常规接口测试-50并发 1-8,text,true,,5517,179,44,49,http://localhost:8080/api/post/list?pageNum=1&pageSize=10,937,0,0
1777734691549,453,用户登录,200,,常规接口测试-50并发 1-40,text,true,,319,218,44,49,http://localhost:8080/api/auth/login,342,0,0
1777734691655,399,用户注册,200,,常规接口测试-50并发 1-42,text,true,,724,253,44,49,http://localhost:8080/api/auth/register,361,0,0
1777734690957,1136,获取帖子列表,200,,常规接口测试-50并发 1-12,text,true,,5517,179,44,49,http://localhost:8080/api/post/list?pageNum=1&pageSize=10,1096,0,0
1777734691700,402,用户注册,200,,常规接口测试-50并发 1-31,text,true,,724,253,44,49,http://localhost:8080/api/auth/register,362,0,0
1777734690961,1141,获取帖子列表,200,,常规接口测试-50并发 1-23,text,true,,5517,179,44,49,http://localhost:8080/api/post/list?pageNum=1&pageSize=10,1103,0,0
1777734691715,404,用户登录,200,,常规接口测试-50并发 1-41,text,true,,319,218,44,49,http://localhost:8080/api/auth/login,365,0,0
1777734691659,477,高级筛选搜索,200,,常规接口测试-50并发 1-33,text,true,,5782,232,44,49,http://localhost:8080/api/post/list/filter?category=运动健身&pageNum=1&pageSize=10,440,0,1
1777734691712,513,关键词搜索,400,,常规接口测试-50并发 1-34,text,false,,332,183,44,49,http://localhost:8080/api/search/keyword?q=篮球,436,0,0
1777734691766,475,用户注册,200,,常规接口测试-50并发 1-45,text,true,,724,253,44,49,http://localhost:8080/api/auth/register,398,0,0
1777734691772,482,用户注册,200,,常规接口测试-50并发 1-32,text,true,,721,252,44,49,http://localhost:8080/api/auth/register,404,0,0
1777734691776,491,用户注册,200,,常规接口测试-50并发 1-43,text,true,,724,253,44,49,http://localhost:8080/api/auth/register,420,0,0
1777734691785,498,用户注册,200,,常规接口测试-50并发 1-44,text,true,,724,253,44,49,http://localhost:8080/api/auth/register,444,0,0
1777734691787,500,用户注册,200,,常规接口测试-50并发 1-15,text,true,,724,253,44,49,http://localhost:8080/api/auth/register,450,0,0
1777734691814,485,用户注册,200,,常规接口测试-50并发 1-22,text,true,,724,253,44,49,http://localhost:8080/api/auth/register,449,0,0
1777734691843,481,用户登录,200,,常规接口测试-50并发 1-30,text,true,,319,218,44,49,http://localhost:8080/api/auth/login,441,0,0
1777734691862,485,用户注册,200,,常规接口测试-50并发 1-46,text,true,,724,253,44,49,http://localhost:8080/api/auth/register,446,0,0
1777734691865,569,关键词搜索,400,,常规接口测试-50并发 1-9,text,false,,332,183,44,49,http://localhost:8080/api/search/keyword?q=篮球,503,0,0
1777734691806,667,高级筛选搜索,200,,常规接口测试-50并发 1-47,text,true,,5782,232,44,49,http://localhost:8080/api/post/list/filter?category=运动健身&pageNum=1&pageSize=10,603,0,1
1777734692055,425,用户登录,200,,常规接口测试-50并发 1-42,text,true,,319,218,44,49,http://localhost:8080/api/auth/login,364,0,0
1777734691930,558,关键词搜索,400,,常规接口测试-50并发 1-49,text,false,,332,183,44,49,http://localhost:8080/api/search/keyword?q=篮球,506,0,0
1777734691994,495,关键词搜索,400,,常规接口测试-50并发 1-8,text,false,,332,183,44,49,http://localhost:8080/api/search/keyword?q=篮球,449,0,0
1777734691831,662,高级筛选搜索,200,,常规接口测试-50并发 1-48,text,true,,5782,232,44,49,http://localhost:8080/api/post/list/filter?category=运动健身&pageNum=1&pageSize=10,615,0,0
1777734691821,684,高级筛选搜索,200,,常规接口测试-50并发 1-11,text,true,,5782,232,44,49,http://localhost:8080/api/post/list/filter?category=运动健身&pageNum=1&pageSize=10,640,0,1
1777734691277,1233,获取帖子列表,200,,常规接口测试-50并发 1-24,text,true,,5517,179,44,49,http://localhost:8080/api/post/list?pageNum=1&pageSize=10,1192,0,0
1777734692102,417,用户登录,200,,常规接口测试-50并发 1-31,text,true,,319,218,44,49,http://localhost:8080/api/auth/login,375,0,0
1777734691872,667,高级筛选搜索,200,,常规接口测试-50并发 1-16,text,true,,5782,232,44,49,http://localhost:8080/api/post/list/filter?category=运动健身&pageNum=1&pageSize=10,623,0,1
1777734692136,470,用户注册,200,,常规接口测试-50并发 1-33,text,true,,722,253,44,49,http://localhost:8080/api/auth/register,409,0,0
1777734692094,523,关键词搜索,400,,常规接口测试-50并发 1-12,text,false,,332,183,44,49,http://localhost:8080/api/search/keyword?q=篮球,458,0,0
1777734691341,1292,获取帖子列表,200,,常规接口测试-50并发 1-35,text,true,,5517,179,44,49,http://localhost:8080/api/post/list?pageNum=1&pageSize=10,1218,0,0
1777734692103,533,关键词搜索,400,,常规接口测试-50并发 1-23,text,false,,332,183,44,49,http://localhost:8080/api/search/keyword?q=篮球,460,0,0
1777734692267,397,用户登录,200,,常规接口测试-50并发 1-43,text,true,,319,218,44,49,http://localhost:8080/api/auth/login,388,0,0
1777734691324,1345,获取帖子列表,200,,常规接口测试-50并发 1-7,text,true,,5517,179,44,49,http://localhost:8080/api/post/list?pageNum=1&pageSize=10,1253,0,0
1777734692241,448,用户登录,200,,常规接口测试-50并发 1-45,text,true,,319,218,44,49,http://localhost:8080/api/auth/login,352,0,0
1777734692254,446,用户登录,200,,常规接口测试-50并发 1-32,text,true,,319,218,44,49,http://localhost:8080/api/auth/login,349,0,0
1777734691349,1354,获取帖子列表,200,,常规接口测试-50并发 1-17,text,true,,5517,179,44,49,http://localhost:8080/api/post/list?pageNum=1&pageSize=10,1265,0,0
1777734691332,1379,获取帖子列表,200,,常规接口测试-50并发 1-50,text,true,,5517,179,44,49,http://localhost:8080/api/post/list?pageNum=1&pageSize=10,1291,0,0
1777734692284,459,用户登录,200,,常规接口测试-50并发 1-44,text,true,,319,218,44,49,http://localhost:8080/api/auth/login,399,0,0
1777734692287,473,用户登录,200,,常规接口测试-50并发 1-15,text,true,,319,218,44,49,http://localhost:8080/api/auth/login,416,0,0
1777734692300,472,用户登录,200,,常规接口测试-50并发 1-22,text,true,,319,218,44,49,http://localhost:8080/api/auth/login,415,0,0
1777734692348,487,用户登录,200,,常规接口测试-50并发 1-46,text,true,,319,218,44,49,http://localhost:8080/api/auth/login,441,0,0
1777734692225,620,高级筛选搜索,200,,常规接口测试-50并发 1-34,text,true,,5782,232,44,49,http://localhost:8080/api/post/list/filter?category=运动健身&pageNum=1&pageSize=10,569,0,0
1777734691485,1480,获取帖子列表,200,,常规接口测试-50并发 1-18,text,true,,5517,179,44,49,http://localhost:8080/api/post/list?pageNum=1&pageSize=10,1436,0,0
1777734692474,501,用户注册,200,,常规接口测试-50并发 1-47,text,true,,723,252,44,49,http://localhost:8080/api/auth/register,456,0,0
1777734691506,1484,获取帖子列表,200,,常规接口测试-50并发 1-36,text,true,,5517,179,44,49,http://localhost:8080/api/post/list?pageNum=1&pageSize=10,1436,0,0
1777734692493,497,用户注册,200,,常规接口测试-50并发 1-48,text,true,,724,253,44,49,http://localhost:8080/api/auth/register,450,0,0
1777734691499,1494,获取帖子列表,200,,常规接口测试-50并发 1-13,text,true,,5517,179,44,49,http://localhost:8080/api/post/list?pageNum=1&pageSize=10,1447,0,0
1777734692505,513,用户注册,200,,常规接口测试-50并发 1-11,text,true,,724,253,44,49,http://localhost:8080/api/auth/register,456,0,0
1777734691527,1500,获取帖子列表,200,,常规接口测试-50并发 1-19,text,true,,5517,179,44,49,http://localhost:8080/api/post/list?pageNum=1&pageSize=10,1441,0,0
1777734692540,507,用户注册,200,,常规接口测试-50并发 1-16,text,true,,722,253,44,49,http://localhost:8080/api/auth/register,463,0,0
1777734692607,473,用户登录,200,,常规接口测试-50并发 1-33,text,true,,319,218,44,49,http://localhost:8080/api/auth/login,426,0,0
1777734692434,648,高级筛选搜索,200,,常规接口测试-50并发 1-9,text,true,,5782,232,44,49,http://localhost:8080/api/post/list/filter?category=运动健身&pageNum=1&pageSize=10,599,0,1
1777734692512,580,关键词搜索,400,,常规接口测试-50并发 1-24,text,false,,332,183,44,49,http://localhost:8080/api/search/keyword?q=篮球,530,0,0
1777734691555,1544,获取帖子列表,200,,常规接口测试-50并发 1-25,text,true,,5517,179,44,49,http://localhost:8080/api/post/list?pageNum=1&pageSize=10,1498,0,0
1777734692490,613,高级筛选搜索,200,,常规接口测试-50并发 1-8,text,true,,5782,232,44,49,http://localhost:8080/api/post/list/filter?category=运动健身&pageNum=1&pageSize=10,568,0,1
1777734692489,615,高级筛选搜索,200,,常规接口测试-50并发 1-49,text,true,,5782,232,44,49,http://localhost:8080/api/post/list/filter?category=运动健身&pageNum=1&pageSize=10,569,0,0
1777734691603,1504,获取帖子列表,200,,常规接口测试-50并发 1-14,text,true,,5517,179,44,49,http://localhost:8080/api/post/list?pageNum=1&pageSize=10,1461,0,0
1777734691632,1492,获取帖子列表,200,,常规接口测试-50并发 1-26,text,true,,5517,179,44,49,http://localhost:8080/api/post/list?pageNum=1&pageSize=10,1458,0,0
1777734691703,1423,获取帖子列表,200,,常规接口测试-50并发 1-20,text,true,,5517,179,44,49,http://localhost:8080/api/post/list?pageNum=1&pageSize=10,1391,0,0
1777734691689,1439,获取帖子列表,200,,常规接口测试-50并发 1-10,text,true,,5517,179,44,49,http://localhost:8080/api/post/list?pageNum=1&pageSize=10,1408,0,0
1777734692633,533,关键词搜索,400,,常规接口测试-50并发 1-35,text,false,,332,183,44,49,http://localhost:8080/api/search/keyword?q=篮球,491,0,0
1777734692669,506,关键词搜索,400,,常规接口测试-50并发 1-7,text,false,,332,183,44,49,http://localhost:8080/api/search/keyword?q=篮球,461,0,0
1777734692617,573,高级筛选搜索,200,,常规接口测试-50并发 1-12,text,true,,5782,232,44,49,http://localhost:8080/api/post/list/filter?category=运动健身&pageNum=1&pageSize=10,528,0,1
1777734692704,492,关键词搜索,400,,常规接口测试-50并发 1-17,text,false,,332,183,44,49,http://localhost:8080/api/search/keyword?q=篮球,446,0,0
1777734692712,492,关键词搜索,400,,常规接口测试-50并发 1-50,text,false,,332,183,44,49,http://localhost:8080/api/search/keyword?q=篮球,446,0,0
1777734691731,1496,获取帖子列表,200,,常规接口测试-50并发 1-27,text,true,,5517,179,44,49,http://localhost:8080/api/post/list?pageNum=1&pageSize=10,1450,0,0
1777734692636,604,高级筛选搜索,200,,常规接口测试-50并发 1-23,text,true,,5782,232,44,49,http://localhost:8080/api/post/list/filter?category=运动健身&pageNum=1&pageSize=10,562,0,1
1777734691757,1483,获取帖子列表,200,,常规接口测试-50并发 1-37,text,true,,5517,179,44,49,http://localhost:8080/api/post/list?pageNum=1&pageSize=10,1442,0,0
1777734692846,396,用户注册,200,,常规接口测试-50并发 1-34,text,true,,724,253,44,49,http://localhost:8080/api/auth/register,355,0,0
1777734691769,1499,获取帖子列表,200,,常规接口测试-50并发 1-21,text,true,,5517,179,44,49,http://localhost:8080/api/post/list?pageNum=1&pageSize=10,1460,0,0
1777734691762,1526,获取帖子列表,200,,常规接口测试-50并发 1-28,text,true,,5517,179,44,49,http://localhost:8080/api/post/list?pageNum=1&pageSize=10,1482,0,0
1777734691813,1477,获取帖子列表,200,,常规接口测试-50并发 1-39,text,true,,5517,179,44,49,http://localhost:8080/api/post/list?pageNum=1&pageSize=10,1433,0,0
1777734691807,1499,获取帖子列表,200,,常规接口测试-50并发 1-38,text,true,,5517,179,44,49,http://localhost:8080/api/post/list?pageNum=1&pageSize=10,1463,0,0
1777734692975,345,用户登录,200,,常规接口测试-50并发 1-47,text,true,,319,218,44,49,http://localhost:8080/api/auth/login,314,0,0
1777734692990,340,用户登录,200,,常规接口测试-50并发 1-48,text,true,,319,218,44,49,http://localhost:8080/api/auth/login,305,0,0
1777734691870,1473,获取帖子列表,200,,常规接口测试-50并发 1-29,text,true,,5517,179,44,49,http://localhost:8080/api/post/list?pageNum=1&pageSize=10,1432,0,0
1777734693018,335,用户登录,200,,常规接口测试-50并发 1-11,text,true,,319,218,44,49,http://localhost:8080/api/auth/login,290,0,0
1777734693083,318,用户注册,200,,常规接口测试-50并发 1-9,text,true,,724,253,44,49,http://localhost:8080/api/auth/register,263,0,0
1777734693047,361,用户登录,200,,常规接口测试-50并发 1-16,text,true,,319,218,44,49,http://localhost:8080/api/auth/login,303,0,0
1777734692965,450,关键词搜索,400,,常规接口测试-50并发 1-18,text,false,,332,183,44,49,http://localhost:8080/api/search/keyword?q=篮球,390,0,0
1777734692002,1415,获取帖子列表,200,,常规接口测试-50并发 1-40,text,true,,5517,179,44,49,http://localhost:8080/api/post/list?pageNum=1&pageSize=10,1353,0,0
1777734692990,442,关键词搜索,400,,常规接口测试-50并发 1-36,text,false,,332,183,44,49,http://localhost:8080/api/search/keyword?q=篮球,385,0,0
1777734692993,442,关键词搜索,400,,常规接口测试-50并发 1-13,text,false,,332,183,44,49,http://localhost:8080/api/search/keyword?q=篮球,382,0,0
1777734693028,444,关键词搜索,400,,常规接口测试-50并发 1-19,text,false,,332,183,44,49,http://localhost:8080/api/search/keyword?q=篮球,393,0,0
1777734693103,378,用户注册,200,,常规接口测试-50并发 1-8,text,true,,721,252,44,49,http://localhost:8080/api/auth/register,335,0,0
1777734693105,379,用户注册,200,,常规接口测试-50并发 1-49,text,true,,724,253,44,49,http://localhost:8080/api/auth/register,340,0,0
1777734692120,1368,获取帖子列表,200,,常规接口测试-50并发 1-41,text,true,,5517,179,44,49,http://localhost:8080/api/post/list?pageNum=1&pageSize=10,1332,0,0
1777734693099,419,关键词搜索,400,,常规接口测试-50并发 1-25,text,false,,332,183,44,49,http://localhost:8080/api/search/keyword?q=篮球,391,0,0
1777734693107,426,关键词搜索,400,,常规接口测试-50并发 1-14,text,false,,332,183,44,49,http://localhost:8080/api/search/keyword?q=篮球,396,0,0
1777734693124,420,关键词搜索,400,,常规接口测试-50并发 1-26,text,false,,332,183,44,49,http://localhost:8080/api/search/keyword?q=篮球,384,0,0
1777734693126,426,关键词搜索,400,,常规接口测试-50并发 1-20,text,false,,332,183,44,49,http://localhost:8080/api/search/keyword?q=篮球,385,0,0
1777734693191,363,用户注册,200,,常规接口测试-50并发 1-12,text,true,,724,253,44,49,http://localhost:8080/api/auth/register,320,0,0
1777734693092,463,高级筛选搜索,200,,常规接口测试-50并发 1-24,text,true,,5782,232,44,49,http://localhost:8080/api/post/list/filter?category=运动健身&pageNum=1&pageSize=10,421,0,1
1777734693128,435,关键词搜索,400,,常规接口测试-50并发 1-10,text,false,,332,183,44,49,http://localhost:8080/api/search/keyword?q=篮球,390,0,0
1777734693242,347,用户登录,200,,常规接口测试-50并发 1-34,text,true,,319,218,44,49,http://localhost:8080/api/auth/login,306,0,0
1777734693241,366,用户注册,200,,常规接口测试-50并发 1-23,text,true,,723,252,44,49,http://localhost:8080/api/auth/register,318,0,0
1777734693166,458,高级筛选搜索,200,,常规接口测试-50并发 1-35,text,true,,5782,232,44,49,http://localhost:8080/api/post/list/filter?category=运动健身&pageNum=1&pageSize=10,410,0,1
1777734692324,1306,获取帖子列表,200,,常规接口测试-50并发 1-30,text,true,,5517,179,44,49,http://localhost:8080/api/post/list?pageNum=1&pageSize=10,1255,0,0
1777734693175,476,高级筛选搜索,200,,常规接口测试-50并发 1-7,text,true,,5782,232,44,49,http://localhost:8080/api/post/list/filter?category=运动健身&pageNum=1&pageSize=10,432,0,1
1777734693196,462,高级筛选搜索,200,,常规接口测试-50并发 1-17,text,true,,5782,232,43,48,http://localhost:8080/api/post/list/filter?category=运动健身&pageNum=1&pageSize=10,418,0,1
1777734693228,432,关键词搜索,400,,常规接口测试-50并发 1-27,text,false,,332,183,43,48,http://localhost:8080/api/search/keyword?q=篮球,389,0,0
1777734693204,461,高级筛选搜索,200,,常规接口测试-50并发 1-50,text,true,,5782,232,43,48,http://localhost:8080/api/post/list/filter?category=运动健身&pageNum=1&pageSize=10,417,0,1
1777734693241,440,关键词搜索,400,,常规接口测试-50并发 1-37,text,false,,332,183,43,48,http://localhost:8080/api/search/keyword?q=篮球,393,0,0
1777734693268,441,关键词搜索,400,,常规接口测试-50并发 1-21,text,false,,332,183,43,48,http://localhost:8080/api/search/keyword?q=篮球,394,0,0
1777734693289,436,关键词搜索,400,,常规接口测试-50并发 1-28,text,false,,332,183,43,48,http://localhost:8080/api/search/keyword?q=篮球,394,0,0
1777734693290,435,关键词搜索,400,,常规接口测试-50并发 1-39,text,false,,332,183,43,48,http://localhost:8080/api/search/keyword?q=篮球,395,0,0
1777734693306,442,关键词搜索,400,,常规接口测试-50并发 1-38,text,false,,332,183,43,48,http://localhost:8080/api/search/keyword?q=篮球,408,0,0
1777734692480,1269,获取帖子列表,200,,常规接口测试-50并发 1-42,text,true,,5517,179,43,48,http://localhost:8080/api/post/list?pageNum=1&pageSize=10,1235,0,0
1777734693401,358,用户登录,200,,常规接口测试-50并发 1-9,text,true,,319,218,43,48,http://localhost:8080/api/auth/login,321,0,0
1777734692519,1249,获取帖子列表,200,,常规接口测试-50并发 1-31,text,true,,5517,179,43,48,http://localhost:8080/api/post/list?pageNum=1&pageSize=10,1208,0,0
1777734693343,436,关键词搜索,400,,常规接口测试-50并发 1-29,text,false,,332,183,43,48,http://localhost:8080/api/search/keyword?q=篮球,398,0,0
1777734693481,324,用户登录,200,,常规接口测试-50并发 1-8,text,true,,319,218,43,48,http://localhost:8080/api/auth/login,294,0,0
1777734693484,323,用户登录,200,,常规接口测试-50并发 1-49,text,true,,319,218,43,48,http://localhost:8080/api/auth/login,293,0,0
1777734693417,402,关键词搜索,400,,常规接口测试-50并发 1-40,text,false,,332,183,43,48,http://localhost:8080/api/search/keyword?q=篮球,377,0,0
1777734692690,1133,获取帖子列表,200,,常规接口测试-50并发 1-45,text,true,,5517,179,43,48,http://localhost:8080/api/post/list?pageNum=1&pageSize=10,1107,0,0
1777734693415,422,高级筛选搜索,200,,常规接口测试-50并发 1-18,text,true,,5782,232,43,48,http://localhost:8080/api/post/list/filter?category=运动健身&pageNum=1&pageSize=10,395,0,1
1777734692700,1139,获取帖子列表,200,,常规接口测试-50并发 1-32,text,true,,5517,179,43,48,http://localhost:8080/api/post/list?pageNum=1&pageSize=10,1111,0,0
1777734692664,1182,获取帖子列表,200,,常规接口测试-50并发 1-43,text,true,,5517,179,43,48,http://localhost:8080/api/post/list?pageNum=1&pageSize=10,1152,0,0
1777734692761,1090,获取帖子列表,200,,常规接口测试-50并发 1-15,text,true,,5517,179,43,48,http://localhost:8080/api/post/list?pageNum=1&pageSize=10,1061,0,0
1777734692743,1116,获取帖子列表,200,,常规接口测试-50并发 1-44,text,true,,5517,179,43,48,http://localhost:8080/api/post/list?pageNum=1&pageSize=10,1087,0,0
1777734693435,427,高级筛选搜索,200,,常规接口测试-50并发 1-13,text,true,,5782,232,43,48,http://localhost:8080/api/post/list/filter?category=运动健身&pageNum=1&pageSize=10,396,0,1
1777734693489,374,关键词搜索,400,,常规接口测试-50并发 1-41,text,false,,332,183,43,48,http://localhost:8080/api/search/keyword?q=篮球,342,0,0
1777734692772,1092,获取帖子列表,200,,常规接口测试-50并发 1-22,text,true,,5517,179,43,48,http://localhost:8080/api/post/list?pageNum=1&pageSize=10,1060,0,0
1777734693433,431,高级筛选搜索,200,,常规接口测试-50并发 1-36,text,true,,5782,232,43,48,http://localhost:8080/api/post/list/filter?category=运动健身&pageNum=1&pageSize=10,399,0,0
1777734693554,312,用户登录,200,,常规接口测试-50并发 1-12,text,true,,319,218,43,48,http://localhost:8080/api/auth/login,280,0,0
1777734693556,320,用户注册,200,,常规接口测试-50并发 1-24,text,true,,724,253,43,48,http://localhost:8080/api/auth/register,287,0,0
1777734693472,413,高级筛选搜索,200,,常规接口测试-50并发 1-19,text,true,,5782,232,43,48,http://localhost:8080/api/post/list/filter?category=运动健身&pageNum=1&pageSize=10,377,0,0
1777734692835,1056,获取帖子列表,200,,常规接口测试-50并发 1-46,text,true,,5517,179,43,48,http://localhost:8080/api/post/list?pageNum=1&pageSize=10,1018,0,0
1777734693608,301,用户登录,200,,常规接口测试-50并发 1-23,text,true,,319,218,43,48,http://localhost:8080/api/auth/login,262,0,0
1777734693518,423,高级筛选搜索,200,,常规接口测试-50并发 1-25,text,true,,5782,232,43,48,http://localhost:8080/api/post/list/filter?category=运动健身&pageNum=1&pageSize=10,378,0,1
1777734693624,335,用户注册,200,,常规接口测试-50并发 1-35,text,true,,723,252,43,48,http://localhost:8080/api/auth/register,289,0,0
1777734693658,313,用户注册,200,,常规接口测试-50并发 1-17,text,true,,724,253,43,48,http://localhost:8080/api/auth/register,281,0,0
1777734693552,420,高级筛选搜索,200,,常规接口测试-50并发 1-20,text,true,,5782,232,43,48,http://localhost:8080/api/post/list/filter?category=运动健身&pageNum=1&pageSize=10,387,0,1
1777734693533,444,高级筛选搜索,200,,常规接口测试-50并发 1-14,text,true,,5782,232,43,48,http://localhost:8080/api/post/list/filter?category=运动健身&pageNum=1&pageSize=10,410,0,1
1777734693544,433,高级筛选搜索,200,,常规接口测试-50并发 1-26,text,true,,5782,232,43,48,http://localhost:8080/api/post/list/filter?category=运动健身&pageNum=1&pageSize=10,400,0,1
1777734693665,318,用户注册,200,,常规接口测试-50并发 1-50,text,true,,723,253,43,48,http://localhost:8080/api/auth/register,288,0,0
1777734693563,426,高级筛选搜索,200,,常规接口测试-50并发 1-10,text,true,,5782,232,43,48,http://localhost:8080/api/post/list/filter?category=运动健身&pageNum=1&pageSize=10,392,0,1
1777734693630,377,关键词搜索,400,,常规接口测试-50并发 1-30,text,false,,332,183,43,48,http://localhost:8080/api/search/keyword?q=篮球,337,0,0
1777734693080,954,获取帖子列表,200,,常规接口测试-50并发 1-33,text,true,,5517,179,43,48,http://localhost:8080/api/post/list?pageNum=1&pageSize=10,952,0,0
1777734693660,411,高级筛选搜索,200,,常规接口测试-50并发 1-27,text,true,,5782,232,43,48,http://localhost:8080/api/post/list/filter?category=运动健身&pageNum=1&pageSize=10,383,0,1
1777734693681,402,高级筛选搜索,200,,常规接口测试-50并发 1-37,text,true,,5782,232,43,48,http://localhost:8080/api/post/list/filter?category=运动健身&pageNum=1&pageSize=10,373,0,1
1777734693710,385,高级筛选搜索,200,,常规接口测试-50并发 1-21,text,true,,5782,232,43,48,http://localhost:8080/api/post/list/filter?category=运动健身&pageNum=1&pageSize=10,353,0,0
1777734693749,353,关键词搜索,400,,常规接口测试-50并发 1-42,text,false,,332,183,43,48,http://localhost:8080/api/search/keyword?q=篮球,320,0,0
1777734693768,352,关键词搜索,400,,常规接口测试-50并发 1-31,text,false,,332,183,43,48,http://localhost:8080/api/search/keyword?q=篮球,314,0,0
1777734693725,410,高级筛选搜索,200,,常规接口测试-50并发 1-28,text,true,,5782,232,43,48,http://localhost:8080/api/post/list/filter?category=运动健身&pageNum=1&pageSize=10,365,0,1
1777734693725,413,高级筛选搜索,200,,常规接口测试-50并发 1-39,text,true,,5782,232,43,48,http://localhost:8080/api/post/list/filter?category=运动健身&pageNum=1&pageSize=10,367,0,1
1777734693837,331,用户注册,200,,常规接口测试-50并发 1-18,text,true,,724,253,43,48,http://localhost:8080/api/auth/register,275,0,0
1777734693748,423,高级筛选搜索,200,,常规接口测试-50并发 1-38,text,true,,5782,232,43,48,http://localhost:8080/api/post/list/filter?category=运动健身&pageNum=1&pageSize=10,368,0,1
1777734693780,406,高级筛选搜索,200,,常规接口测试-50并发 1-29,text,true,,5782,232,43,48,http://localhost:8080/api/post/list/filter?category=运动健身&pageNum=1&pageSize=10,365,0,1
1777734693839,388,关键词搜索,400,,常规接口测试-50并发 1-32,text,false,,332,183,43,48,http://localhost:8080/api/search/keyword?q=篮球,363,0,0
1777734693863,372,用户注册,200,,常规接口测试-50并发 1-13,text,true,,724,253,43,48,http://localhost:8080/api/auth/register,286,0,0
1777734693876,368,用户登录,200,,常规接口测试-50并发 1-24,text,true,,319,218,43,48,http://localhost:8080/api/auth/login,282,0,0
1777734693823,423,关键词搜索,400,,常规接口测试-50并发 1-45,text,false,,332,183,43,48,http://localhost:8080/api/search/keyword?q=篮球,339,0,0
1777734693864,383,用户注册,200,,常规接口测试-50并发 1-36,text,true,,724,253,43,48,http://localhost:8080/api/auth/register,301,0,0
1777734693859,421,关键词搜索,400,,常规接口测试-50并发 1-44,text,false,,332,183,43,48,http://localhost:8080/api/search/keyword?q=篮球,317,0,0
1777734693886,395,用户注册,200,,常规接口测试-50并发 1-19,text,true,,724,253,43,48,http://localhost:8080/api/auth/register,292,0,0
1777734693847,440,关键词搜索,400,,常规接口测试-50并发 1-43,text,false,,332,183,43,48,http://localhost:8080/api/search/keyword?q=篮球,386,0,0
1777734693852,439,关键词搜索,400,,常规接口测试-50并发 1-15,text,false,,332,183,43,48,http://localhost:8080/api/search/keyword?q=篮球,390,0,0
1777734693819,484,高级筛选搜索,200,,常规接口测试-50并发 1-40,text,true,,5782,232,43,48,http://localhost:8080/api/post/list/filter?category=运动健身&pageNum=1&pageSize=10,462,0,1
1777734693864,441,关键词搜索,400,,常规接口测试-50并发 1-22,text,false,,332,183,43,48,http://localhost:8080/api/search/keyword?q=篮球,418,0,0
1777734693941,381,用户注册,200,,常规接口测试-50并发 1-25,text,true,,724,253,43,48,http://localhost:8080/api/auth/register,349,0,0
1777734693959,366,用户登录,200,,常规接口测试-50并发 1-35,text,true,,319,218,43,48,http://localhost:8080/api/auth/login,333,0,0
1777734693892,437,关键词搜索,400,,常规接口测试-50并发 1-46,text,false,,332,183,43,48,http://localhost:8080/api/search/keyword?q=篮球,404,0,0
1777734693972,358,用户登录,200,,常规接口测试-50并发 1-17,text,true,,319,218,43,48,http://localhost:8080/api/auth/login,328,0,0
1777734693972,364,用户注册,200,,常规接口测试-50并发 1-20,text,true,,722,253,43,48,http://localhost:8080/api/auth/register,336,0,0
1777734693863,476,高级筛选搜索,200,,常规接口测试-50并发 1-41,text,true,,5782,232,43,48,http://localhost:8080/api/post/list/filter?category=运动健身&pageNum=1&pageSize=10,450,0,1
1777734693978,362,用户注册,200,,常规接口测试-50并发 1-14,text,true,,724,253,43,48,http://localhost:8080/api/auth/register,336,0,0
1777734693978,367,用户注册,200,,常规接口测试-50并发 1-26,text,true,,724,253,43,48,http://localhost:8080/api/auth/register,342,0,0
1777734693984,362,用户登录,200,,常规接口测试-50并发 1-50,text,true,,319,218,43,48,http://localhost:8080/api/auth/login,337,0,0
1777734693989,361,用户注册,200,,常规接口测试-50并发 1-10,text,true,,724,253,43,48,http://localhost:8080/api/auth/register,337,0,0
1777734693320,1037,获取帖子列表,200,,常规接口测试-50并发 1-47,text,true,,5517,179,43,48,http://localhost:8080/api/post/list?pageNum=1&pageSize=10,1009,0,0
1777734693331,1057,获取帖子列表,200,,常规接口测试-50并发 1-48,text,true,,5517,179,43,48,http://localhost:8080/api/post/list?pageNum=1&pageSize=10,1028,0,0
1777734693353,1045,获取帖子列表,200,,常规接口测试-50并发 1-11,text,true,,5517,179,43,48,http://localhost:8080/api/post/list?pageNum=1&pageSize=10,1017,0,0
1777734693409,1000,获取帖子列表,200,,常规接口测试-50并发 1-16,text,true,,5517,179,43,48,http://localhost:8080/api/post/list?pageNum=1&pageSize=10,971,0,0
1777734694007,412,高级筛选搜索,200,,常规接口测试-50并发 1-30,text,true,,5782,232,43,48,http://localhost:8080/api/post/list/filter?category=运动健身&pageNum=1&pageSize=10,385,0,1
1777734694071,351,用户注册,200,,常规接口测试-50并发 1-27,text,true,,724,253,43,48,http://localhost:8080/api/auth/register,321,0,0
1777734694034,395,关键词搜索,400,,常规接口测试-50并发 1-33,text,false,,332,183,43,48,http://localhost:8080/api/search/keyword?q=篮球,365,0,0
1777734694083,351,用户注册,200,,常规接口测试-50并发 1-37,text,true,,724,253,43,48,http://localhost:8080/api/auth/register,320,0,0
1777734694095,343,用户注册,200,,常规接口测试-50并发 1-21,text,true,,724,253,43,48,http://localhost:8080/api/auth/register,312,0,0
1777734694139,332,用户注册,200,,常规接口测试-50并发 1-39,text,true,,724,253,43,48,http://localhost:8080/api/auth/register,300,0,0
1777734694135,341,用户注册,200,,常规接口测试-50并发 1-28,text,true,,724,253,43,48,http://localhost:8080/api/auth/register,308,0,0
1777734694168,319,用户登录,200,,常规接口测试-50并发 1-18,text,true,,319,218,43,48,http://localhost:8080/api/auth/login,283,0,0
1777734694171,326,用户注册,200,,常规接口测试-50并发 1-38,text,true,,724,253,43,48,http://localhost:8080/api/auth/register,291,0,0
1777734694236,268,用户登录,200,,常规接口测试-50并发 1-13,text,true,,319,218,43,48,http://localhost:8080/api/auth/login,240,0,0
1777734694186,322,用户注册,200,,常规接口测试-50并发 1-29,text,true,,724,253,43,48,http://localhost:8080/api/auth/register,295,0,0
1777734694247,274,用户登录,200,,常规接口测试-50并发 1-36,text,true,,319,218,43,48,http://localhost:8080/api/auth/login,245,0,0
1777734694281,247,用户登录,200,,常规接口测试-50并发 1-19,text,true,,319,218,43,48,http://localhost:8080/api/auth/login,217,0,0
1777734694103,440,高级筛选搜索,200,,常规接口测试-50并发 1-42,text,true,,5782,232,43,48,http://localhost:8080/api/post/list/filter?category=运动健身&pageNum=1&pageSize=10,405,0,0
1777734693590,963,获取帖子列表,200,,常规接口测试-50并发 1-34,text,true,,5517,179,43,48,http://localhost:8080/api/post/list?pageNum=1&pageSize=10,928,0,0
1777734694120,434,高级筛选搜索,200,,常规接口测试-50并发 1-31,text,true,,5782,232,43,48,http://localhost:8080/api/post/list/filter?category=运动健身&pageNum=1&pageSize=10,399,0,1
1777734694336,233,用户登录,200,,常规接口测试-50并发 1-20,text,true,,319,218,43,48,http://localhost:8080/api/auth/login,192,0,0
1777734694303,271,用户注册,200,,常规接口测试-50并发 1-40,text,true,,724,253,43,48,http://localhost:8080/api/auth/register,231,0,0
1777734694322,256,用户登录,200,,常规接口测试-50并发 1-25,text,true,,319,218,43,48,http://localhost:8080/api/auth/login,220,0,0
1777734694246,342,高级筛选搜索,200,,常规接口测试-50并发 1-45,text,true,,5782,232,43,48,http://localhost:8080/api/post/list/filter?category=运动健身&pageNum=1&pageSize=10,319,0,0
1777734694345,253,用户登录,200,,常规接口测试-50并发 1-26,text,true,,319,218,43,48,http://localhost:8080/api/auth/login,231,0,0
1777734694340,261,用户登录,200,,常规接口测试-50并发 1-14,text,true,,319,218,43,48,http://localhost:8080/api/auth/login,238,0,0
1777734694340,264,用户注册,200,,常规接口测试-50并发 1-41,text,true,,724,253,43,48,http://localhost:8080/api/auth/register,240,0,0
1777734694351,257,用户登录,200,,常规接口测试-50并发 1-10,text,true,,319,218,43,48,http://localhost:8080/api/auth/login,233,0,0
1777734694228,382,高级筛选搜索,200,,常规接口测试-50并发 1-32,text,true,,5782,232,43,48,http://localhost:8080/api/post/list/filter?category=运动健身&pageNum=1&pageSize=10,357,0,0
1777734694280,350,高级筛选搜索,200,,常规接口测试-50并发 1-44,text,true,,5782,232,43,48,http://localhost:8080/api/post/list/filter?category=运动健身&pageNum=1&pageSize=10,326,0,1
1777734694287,349,高级筛选搜索,200,,常规接口测试-50并发 1-43,text,true,,5782,232,43,48,http://localhost:8080/api/post/list/filter?category=运动健身&pageNum=1&pageSize=10,324,0,0
1777734694291,352,高级筛选搜索,200,,常规接口测试-50并发 1-15,text,true,,5782,232,43,48,http://localhost:8080/api/post/list/filter?category=运动健身&pageNum=1&pageSize=10,325,0,1
1777734694434,214,用户登录,200,,常规接口测试-50并发 1-37,text,true,,319,218,43,48,http://localhost:8080/api/auth/login,184,0,0
1777734694306,344,高级筛选搜索,200,,常规接口测试-50并发 1-22,text,true,,5782,232,43,48,http://localhost:8080/api/post/list/filter?category=运动健身&pageNum=1&pageSize=10,315,0,1
1777734694329,328,高级筛选搜索,200,,常规接口测试-50并发 1-46,text,true,,5782,232,43,48,http://localhost:8080/api/post/list/filter?category=运动健身&pageNum=1&pageSize=10,299,0,1
1777734694357,301,关键词搜索,400,,常规接口测试-50并发 1-47,text,false,,332,183,43,48,http://localhost:8080/api/search/keyword?q=篮球,272,0,0
1777734694423,248,用户登录,200,,常规接口测试-50并发 1-27,text,true,,319,218,43,48,http://localhost:8080/api/auth/login,212,0,0
1777734693759,913,获取帖子列表,200,,常规接口测试-50并发 1-9,text,true,,5517,179,43,48,http://localhost:8080/api/post/list?pageNum=1&pageSize=10,877,0,0
1777734694420,254,用户注册,200,,常规接口测试-50并发 1-30,text,true,,722,253,43,48,http://localhost:8080/api/auth/register,217,0,0
1777734694439,256,用户登录,200,,常规接口测试-50并发 1-21,text,true,,319,218,43,48,http://localhost:8080/api/auth/login,212,0,0
1777734694388,321,关键词搜索,400,,常规接口测试-50并发 1-48,text,false,,332,183,43,48,http://localhost:8080/api/search/keyword?q=篮球,273,0,0
1777734694398,336,关键词搜索,400,,常规接口测试-50并发 1-11,text,false,,332,183,43,48,http://localhost:8080/api/search/keyword?q=篮球,278,0,0
1777734693805,934,获取帖子列表,200,,常规接口测试-50并发 1-8,text,true,,5517,179,43,48,http://localhost:8080/api/post/list?pageNum=1&pageSize=10,874,0,0
1777734693807,933,获取帖子列表,200,,常规接口测试-50并发 1-49,text,true,,5517,179,43,48,http://localhost:8080/api/post/list?pageNum=1&pageSize=10,874,0,0
1777734694409,335,关键词搜索,400,,常规接口测试-50并发 1-16,text,false,,332,183,43,48,http://localhost:8080/api/search/keyword?q=篮球,274,0,0
1777734694471,280,用户登录,200,,常规接口测试-50并发 1-39,text,true,,319,218,43,48,http://localhost:8080/api/auth/login,222,0,0
1777734694477,280,用户登录,200,,常规接口测试-50并发 1-28,text,true,,319,218,43,48,http://localhost:8080/api/auth/login,229,0,0
1777734694497,288,用户登录,200,,常规接口测试-50并发 1-38,text,true,,319,218,43,48,http://localhost:8080/api/auth/login,253,0,0
1777734694509,293,用户登录,200,,常规接口测试-50并发 1-29,text,true,,319,218,43,48,http://localhost:8080/api/auth/login,259,0,0
1777734694429,373,高级筛选搜索,200,,常规接口测试-50并发 1-33,text,true,,5782,232,43,48,http://localhost:8080/api/post/list/filter?category=运动健身&pageNum=1&pageSize=10,336,0,1
1777734693866,954,获取帖子列表,200,,常规接口测试-50并发 1-12,text,true,,5517,179,43,48,http://localhost:8080/api/post/list?pageNum=1&pageSize=10,920,0,0
1777734694544,291,用户注册,200,,常规接口测试-50并发 1-42,text,true,,724,253,43,48,http://localhost:8080/api/auth/register,256,0,0
1777734694555,289,用户注册,200,,常规接口测试-50并发 1-31,text,true,,724,253,43,48,http://localhost:8080/api/auth/register,254,0,0
1777734693910,938,获取帖子列表,200,,常规接口测试-50并发 1-23,text,true,,5517,179,43,48,http://localhost:8080/api/post/list?pageNum=1&pageSize=10,903,0,0
1777734694575,276,用户登录,200,,常规接口测试-50并发 1-40,text,true,,319,218,43,48,http://localhost:8080/api/auth/login,242,0,0
1777734694588,324,用户注册,200,,常规接口测试-50并发 1-45,text,true,,724,253,43,48,http://localhost:8080/api/auth/register,278,0,0
1777734694604,314,用户登录,200,,常规接口测试-50并发 1-41,text,true,,319,218,43,48,http://localhost:8080/api/auth/login,274,0,0
1777734694553,368,关键词搜索,400,,常规接口测试-50并发 1-34,text,false,,332,183,43,48,http://localhost:8080/api/search/keyword?q=篮球,329,0,0
1777734694610,343,用户注册,200,,常规接口测试-50并发 1-32,text,true,,724,253,43,48,http://localhost:8080/api/auth/register,305,0,0
1777734694630,360,用户注册,200,,常规接口测试-50并发 1-44,text,true,,722,251,43,48,http://localhost:8080/api/auth/register,315,0,0
1777734694636,357,用户注册,200,,常规接口测试-50并发 1-43,text,true,,722,253,43,48,http://localhost:8080/api/auth/register,313,0,0
1777734694643,354,用户注册,200,,常规接口测试-50并发 1-15,text,true,,724,253,43,48,http://localhost:8080/api/auth/register,314,0,0
1777734694650,359,用户注册,200,,常规接口测试-50并发 1-22,text,true,,724,253,43,48,http://localhost:8080/api/auth/register,323,0,0
1777734694657,355,用户注册,200,,常规接口测试-50并发 1-46,text,true,,723,252,43,48,http://localhost:8080/api/auth/register,321,0,0
1777734694675,345,用户登录,200,,常规接口测试-50并发 1-30,text,true,,319,218,43,48,http://localhost:8080/api/auth/login,311,0,0
1777734694672,456,关键词搜索,400,,常规接口测试-50并发 1-9,text,false,,332,183,43,48,http://localhost:8080/api/search/keyword?q=篮球,414,0,0
1777734694739,448,关键词搜索,400,,常规接口测试-50并发 1-8,text,false,,332,183,43,48,http://localhost:8080/api/search/keyword?q=篮球,393,0,0
1777734694740,454,关键词搜索,400,,常规接口测试-50并发 1-49,text,false,,332,183,43,48,http://localhost:8080/api/search/keyword?q=篮球,396,0,0
1777734694803,430,用户注册,200,,常规接口测试-50并发 1-33,text,true,,724,253,43,48,http://localhost:8080/api/auth/register,369,0,0
1777734694835,425,用户登录,200,,常规接口测试-50并发 1-42,text,true,,319,218,43,48,http://localhost:8080/api/auth/login,358,0,0
1777734694844,429,用户登录,200,,常规接口测试-50并发 1-31,text,true,,319,218,43,48,http://localhost:8080/api/auth/login,371,0,0
1777734694658,618,高级筛选搜索,200,,常规接口测试-50并发 1-47,text,true,,5782,232,43,48,http://localhost:8080/api/post/list/filter?category=运动健身&pageNum=1&pageSize=10,566,0,1
1777734694244,1039,获取帖子列表,200,,常规接口测试-50并发 1-24,text,true,,5517,179,43,48,http://localhost:8080/api/post/list?pageNum=1&pageSize=10,993,0,0
1777734694820,482,关键词搜索,400,,常规接口测试-50并发 1-12,text,false,,332,183,43,48,http://localhost:8080/api/search/keyword?q=篮球,449,0,0
1777734694709,598,高级筛选搜索,200,,常规接口测试-50并发 1-48,text,true,,5782,232,43,48,http://localhost:8080/api/post/list/filter?category=运动健身&pageNum=1&pageSize=10,564,0,1
1777734694745,565,高级筛选搜索,200,,常规接口测试-50并发 1-16,text,true,,5782,232,43,48,http://localhost:8080/api/post/list/filter?category=运动健身&pageNum=1&pageSize=10,535,0,1
1777734694913,415,用户登录,200,,常规接口测试-50并发 1-45,text,true,,319,218,43,48,http://localhost:8080/api/auth/login,375,0,0
1777734694735,613,高级筛选搜索,200,,常规接口测试-50并发 1-11,text,true,,5782,232,43,48,http://localhost:8080/api/post/list/filter?category=运动健身&pageNum=1&pageSize=10,564,0,0
1777734694848,504,关键词搜索,400,,常规接口测试-50并发 1-23,text,false,,332,183,43,48,http://localhost:8080/api/search/keyword?q=篮球,453,0,0
1777734694990,389,用户登录,200,,常规接口测试-50并发 1-44,text,true,,319,218,43,48,http://localhost:8080/api/auth/login,330,0,0
1777734694954,447,用户登录,200,,常规接口测试-50并发 1-32,text,true,,319,218,43,48,http://localhost:8080/api/auth/login,376,0,0
1777734694325,1088,获取帖子列表,200,,常规接口测试-50并发 1-35,text,true,,5517,179,43,48,http://localhost:8080/api/post/list?pageNum=1&pageSize=10,1017,0,0
1777734694330,1090,获取帖子列表,200,,常规接口测试-50并发 1-17,text,true,,5517,179,43,48,http://localhost:8080/api/post/list?pageNum=1&pageSize=10,1028,0,0
1777734694994,450,用户登录,200,,常规接口测试-50并发 1-43,text,true,,319,218,43,48,http://localhost:8080/api/auth/login,392,0,0
1777734694346,1101,获取帖子列表,200,,常规接口测试-50并发 1-50,text,true,,5517,179,43,48,http://localhost:8080/api/post/list?pageNum=1&pageSize=10,1046,0,0
1777734694997,453,用户登录,200,,常规接口测试-50并发 1-15,text,true,,319,218,43,48,http://localhost:8080/api/auth/login,398,0,0
1777734695009,445,用户登录,200,,常规接口测试-50并发 1-22,text,true,,319,218,43,48,http://localhost:8080/api/auth/login,398,0,0
1777734695013,456,用户登录,200,,常规接口测试-50并发 1-46,text,true,,319,218,43,48,http://localhost:8080/api/auth/login,410,0,0
1777734694921,560,高级筛选搜索,200,,常规接口测试-50并发 1-34,text,true,,5782,232,43,48,http://localhost:8080/api/post/list/filter?category=运动健身&pageNum=1&pageSize=10,523,0,1
1777734695233,420,用户登录,200,,常规接口测试-50并发 1-33,text,true,,319,218,43,48,http://localhost:8080/api/auth/login,354,0,0
1777734695277,402,用户注册,200,,常规接口测试-50并发 1-47,text,true,,722,253,43,48,http://localhost:8080/api/auth/register,327,0,0
1777734694487,1227,获取帖子列表,200,,常规接口测试-50并发 1-18,text,true,,5517,179,43,48,http://localhost:8080/api/post/list?pageNum=1&pageSize=10,1143,0,0
1777734695128,623,高级筛选搜索,200,,常规接口测试-50并发 1-9,text,true,,5782,232,43,48,http://localhost:8080/api/post/list/filter?category=运动健身&pageNum=1&pageSize=10,561,0,1
1777734694505,1267,获取帖子列表,200,,常规接口测试-50并发 1-13,text,true,,5517,179,42,47,http://localhost:8080/api/post/list?pageNum=1&pageSize=10,1214,0,0
1777734695307,488,用户注册,200,,常规接口测试-50并发 1-48,text,true,,724,253,42,47,http://localhost:8080/api/auth/register,430,0,0
1777734695311,487,用户注册,200,,常规接口测试-50并发 1-16,text,true,,724,253,42,47,http://localhost:8080/api/auth/register,426,0,0
1777734694521,1296,获取帖子列表,200,,常规接口测试-50并发 1-36,text,true,,5517,179,42,47,http://localhost:8080/api/post/list?pageNum=1&pageSize=10,1231,0,0
1777734695283,540,关键词搜索,400,,常规接口测试-50并发 1-24,text,false,,332,183,42,47,http://localhost:8080/api/search/keyword?q=篮球,473,0,0
1777734695349,480,用户注册,200,,常规接口测试-50并发 1-11,text,true,,724,253,42,47,http://localhost:8080/api/auth/register,414,0,0
1777734695188,653,高级筛选搜索,200,,常规接口测试-50并发 1-8,text,true,,5782,232,42,47,http://localhost:8080/api/post/list/filter?category=运动健身&pageNum=1&pageSize=10,590,0,0
1777734694570,1287,获取帖子列表,200,,常规接口测试-50并发 1-20,text,true,,5517,179,41,46,http://localhost:8080/api/post/list?pageNum=1&pageSize=10,1220,0,0
1777734694528,1348,获取帖子列表,200,,常规接口测试-50并发 1-19,text,true,,5517,179,41,46,http://localhost:8080/api/post/list?pageNum=1&pageSize=10,1284,0,0
1777734695194,688,高级筛选搜索,200,,常规接口测试-50并发 1-49,text,true,,5782,232,41,46,http://localhost:8080/api/post/list/filter?category=运动健身&pageNum=1&pageSize=10,632,0,0
1777734695302,609,高级筛选搜索,200,,常规接口测试-50并发 1-12,text,true,,5782,232,41,46,http://localhost:8080/api/post/list/filter?category=运动健身&pageNum=1&pageSize=10,571,0,0
1777734695352,590,高级筛选搜索,200,,常规接口测试-50并发 1-23,text,true,,5782,232,41,46,http://localhost:8080/api/post/list/filter?category=运动健身&pageNum=1&pageSize=10,538,0,0
1777734694578,1375,获取帖子列表,200,,常规接口测试-50并发 1-25,text,true,,5517,179,41,46,http://localhost:8080/api/post/list?pageNum=1&pageSize=10,1317,0,0
1777734695413,545,关键词搜索,400,,常规接口测试-50并发 1-35,text,false,,332,183,41,46,http://localhost:8080/api/search/keyword?q=篮球,486,0,0
1777734695420,552,关键词搜索,400,,常规接口测试-50并发 1-17,text,false,,332,183,41,46,http://localhost:8080/api/search/keyword?q=篮球,497,0,0
1777734695481,495,用户注册,200,,常规接口测试-50并发 1-34,text,true,,724,253,41,46,http://localhost:8080/api/auth/register,441,0,0
1777734695447,553,关键词搜索,400,,常规接口测试-50并发 1-50,text,false,,332,183,41,46,http://localhost:8080/api/search/keyword?q=篮球,493,0,0
1777734694598,1427,获取帖子列表,200,,常规接口测试-50并发 1-26,text,true,,5517,179,41,46,http://localhost:8080/api/post/list?pageNum=1&pageSize=10,1367,0,0
1777734694601,1461,获取帖子列表,200,,常规接口测试-50并发 1-14,text,true,,5517,179,41,46,http://localhost:8080/api/post/list?pageNum=1&pageSize=10,1403,0,0
1777734694609,1459,获取帖子列表,200,,常规接口测试-50并发 1-10,text,true,,5517,179,41,46,http://localhost:8080/api/post/list?pageNum=1&pageSize=10,1401,0,0
1777734694648,1453,获取帖子列表,200,,常规接口测试-50并发 1-37,text,true,,5517,179,41,46,http://localhost:8080/api/post/list?pageNum=1&pageSize=10,1402,0,0
1777734695679,450,用户登录,200,,常规接口测试-50并发 1-47,text,true,,319,218,41,46,http://localhost:8080/api/auth/login,412,0,0
1777734694696,1450,获取帖子列表,200,,常规接口测试-50并发 1-21,text,true,,5517,179,41,46,http://localhost:8080/api/post/list?pageNum=1&pageSize=10,1410,0,0
1777734694671,1484,获取帖子列表,200,,常规接口测试-50并发 1-27,text,true,,5517,179,41,46,http://localhost:8080/api/post/list?pageNum=1&pageSize=10,1439,0,0
1777734694758,1425,获取帖子列表,200,,常规接口测试-50并发 1-28,text,true,,5517,179,41,46,http://localhost:8080/api/post/list?pageNum=1&pageSize=10,1390,0,0
1777734694752,1436,获取帖子列表,200,,常规接口测试-50并发 1-39,text,true,,5517,179,41,46,http://localhost:8080/api/post/list?pageNum=1&pageSize=10,1405,0,0
1777734694785,1409,获取帖子列表,200,,常规接口测试-50并发 1-38,text,true,,5517,179,41,46,http://localhost:8080/api/post/list?pageNum=1&pageSize=10,1382,0,0
1777734695795,402,用户登录,200,,常规接口测试-50并发 1-48,text,true,,319,218,41,46,http://localhost:8080/api/auth/login,373,0,0
1777734695799,401,用户登录,200,,常规接口测试-50并发 1-16,text,true,,319,218,41,46,http://localhost:8080/api/auth/login,372,0,0
1777734694803,1399,获取帖子列表,200,,常规接口测试-50并发 1-29,text,true,,5517,179,41,46,http://localhost:8080/api/post/list?pageNum=1&pageSize=10,1371,0,0
1777734695714,492,关键词搜索,400,,常规接口测试-50并发 1-18,text,false,,332,183,41,46,http://localhost:8080/api/search/keyword?q=篮球,463,0,0
1777734695830,382,用户登录,200,,常规接口测试-50并发 1-11,text,true,,319,218,41,46,http://localhost:8080/api/auth/login,351,0,0
1777734694851,1384,获取帖子列表,200,,常规接口测试-50并发 1-40,text,true,,5517,179,41,46,http://localhost:8080/api/post/list?pageNum=1&pageSize=10,1351,0,0
1777734694918,1322,获取帖子列表,200,,常规接口测试-50并发 1-41,text,true,,5517,179,41,46,http://localhost:8080/api/post/list?pageNum=1&pageSize=10,1286,0,0
1777734695772,475,关键词搜索,400,,常规接口测试-50并发 1-13,text,false,,332,183,41,46,http://localhost:8080/api/search/keyword?q=篮球,436,0,0
1777734695882,382,用户注册,200,,常规接口测试-50并发 1-49,text,true,,724,253,41,46,http://localhost:8080/api/auth/register,337,0,0
1777734695817,459,关键词搜索,400,,常规接口测试-50并发 1-36,text,false,,332,183,41,46,http://localhost:8080/api/search/keyword?q=篮球,413,0,0
1777734695823,459,高级筛选搜索,200,,常规接口测试-50并发 1-24,text,true,,5782,232,41,46,http://localhost:8080/api/post/list/filter?category=运动健身&pageNum=1&pageSize=10,415,0,1
1777734695912,373,用户注册,200,,常规接口测试-50并发 1-12,text,true,,724,253,41,46,http://localhost:8080/api/auth/register,330,0,0
1777734695942,357,用户注册,200,,常规接口测试-50并发 1-23,text,true,,724,253,41,46,http://localhost:8080/api/auth/register,327,0,0
1777734695857,442,关键词搜索,400,,常规接口测试-50并发 1-20,text,false,,332,183,41,46,http://localhost:8080/api/search/keyword?q=篮球,412,0,0
1777734695876,426,关键词搜索,400,,常规接口测试-50并发 1-19,text,false,,332,183,41,46,http://localhost:8080/api/search/keyword?q=篮球,397,0,0
1777734695977,338,用户登录,200,,常规接口测试-50并发 1-34,text,true,,319,218,41,46,http://localhost:8080/api/auth/login,313,0,0
1777734695020,1297,获取帖子列表,200,,常规接口测试-50并发 1-30,text,true,,5517,179,41,46,http://localhost:8080/api/post/list?pageNum=1&pageSize=10,1274,0,0
1777734695953,392,关键词搜索,400,,常规接口测试-50并发 1-25,text,false,,332,183,41,46,http://localhost:8080/api/search/keyword?q=篮球,367,0,0
1777734695958,411,高级筛选搜索,200,,常规接口测试-50并发 1-35,text,true,,5782,232,41,46,http://localhost:8080/api/post/list/filter?category=运动健身&pageNum=1&pageSize=10,391,0,1
1777734696025,344,关键词搜索,400,,常规接口测试-50并发 1-26,text,false,,332,183,41,46,http://localhost:8080/api/search/keyword?q=篮球,324,0,0
1777734695972,399,高级筛选搜索,200,,常规接口测试-50并发 1-17,text,true,,5782,232,41,46,http://localhost:8080/api/post/list/filter?category=运动健身&pageNum=1&pageSize=10,381,0,1
1777734696000,376,高级筛选搜索,200,,常规接口测试-50并发 1-50,text,true,,5782,232,41,46,http://localhost:8080/api/post/list/filter?category=运动健身&pageNum=1&pageSize=10,358,0,0
1777734695261,1117,获取帖子列表,200,,常规接口测试-50并发 1-42,text,true,,5517,179,41,46,http://localhost:8080/api/post/list?pageNum=1&pageSize=10,1099,0,0
1777734696063,321,关键词搜索,400,,常规接口测试-50并发 1-14,text,false,,332,183,41,46,http://localhost:8080/api/search/keyword?q=篮球,300,0,0
1777734695273,1115,获取帖子列表,200,,常规接口测试-50并发 1-31,text,true,,5517,179,41,46,http://localhost:8080/api/post/list?pageNum=1&pageSize=10,1092,0,0
1777734696068,321,关键词搜索,400,,常规接口测试-50并发 1-10,text,false,,332,183,41,46,http://localhost:8080/api/search/keyword?q=篮球,298,0,0
1777734695328,1070,获取帖子列表,200,,常规接口测试-50并发 1-45,text,true,,5517,179,41,46,http://localhost:8080/api/post/list?pageNum=1&pageSize=10,1046,0,0
1777734695380,1022,获取帖子列表,200,,常规接口测试-50并发 1-44,text,true,,5517,179,41,46,http://localhost:8080/api/post/list?pageNum=1&pageSize=10,998,0,0
1777734696102,302,关键词搜索,400,,常规接口测试-50并发 1-37,text,false,,332,183,41,46,http://localhost:8080/api/search/keyword?q=篮球,278,0,0
1777734695401,1023,获取帖子列表,200,,常规接口测试-50并发 1-32,text,true,,5517,179,41,46,http://localhost:8080/api/post/list?pageNum=1&pageSize=10,994,0,0
1777734696146,294,关键词搜索,400,,常规接口测试-50并发 1-21,text,false,,332,183,41,46,http://localhost:8080/api/search/keyword?q=篮球,259,0,0
1777734696155,294,关键词搜索,400,,常规接口测试-50并发 1-27,text,false,,332,183,41,46,http://localhost:8080/api/search/keyword?q=篮球,255,0,0
1777734695454,1001,获取帖子列表,200,,常规接口测试-50并发 1-22,text,true,,5517,179,41,46,http://localhost:8080/api/post/list?pageNum=1&pageSize=10,964,0,0
1777734696264,193,用户登录,200,,常规接口测试-50并发 1-49,text,true,,319,218,41,46,http://localhost:8080/api/auth/login,192,0,0
1777734695444,1019,获取帖子列表,200,,常规接口测试-50并发 1-43,text,true,,5517,179,41,46,http://localhost:8080/api/post/list?pageNum=1&pageSize=10,989,0,0
1777734695451,1015,获取帖子列表,200,,常规接口测试-50并发 1-15,text,true,,5517,179,41,46,http://localhost:8080/api/post/list?pageNum=1&pageSize=10,987,0,0
1777734696183,285,关键词搜索,400,,常规接口测试-50并发 1-28,text,false,,332,183,41,46,http://localhost:8080/api/search/keyword?q=篮球,259,0,0
1777734695469,1003,获取帖子列表,200,,常规接口测试-50并发 1-46,text,true,,5517,179,41,46,http://localhost:8080/api/post/list?pageNum=1&pageSize=10,978,0,0
1777734696188,286,关键词搜索,400,,常规接口测试-50并发 1-39,text,false,,332,183,41,46,http://localhost:8080/api/search/keyword?q=篮球,263,0,0
1777734696194,281,关键词搜索,400,,常规接口测试-50并发 1-38,text,false,,332,183,41,46,http://localhost:8080/api/search/keyword?q=篮球,261,0,0
1777734696202,279,关键词搜索,400,,常规接口测试-50并发 1-29,text,false,,332,183,41,46,http://localhost:8080/api/search/keyword?q=篮球,258,0,0
1777734696285,208,用户登录,200,,常规接口测试-50并发 1-12,text,true,,319,218,41,46,http://localhost:8080/api/auth/login,184,0,0
1777734696282,218,用户注册,200,,常规接口测试-50并发 1-24,text,true,,724,253,41,46,http://localhost:8080/api/auth/register,190,0,0
1777734696299,211,用户登录,200,,常规接口测试-50并发 1-23,text,true,,319,218,41,46,http://localhost:8080/api/auth/login,178,0,0
1777734696235,280,关键词搜索,400,,常规接口测试-50并发 1-40,text,false,,332,183,41,46,http://localhost:8080/api/search/keyword?q=篮球,245,0,0
1777734696241,278,关键词搜索,400,,常规接口测试-50并发 1-41,text,false,,332,183,41,46,http://localhost:8080/api/search/keyword?q=篮球,242,0,0
1777734696206,316,高级筛选搜索,200,,常规接口测试-50并发 1-18,text,true,,5782,232,41,46,http://localhost:8080/api/post/list/filter?category=运动健身&pageNum=1&pageSize=10,279,0,0
1777734695653,873,获取帖子列表,200,,常规接口测试-50并发 1-33,text,true,,5517,179,41,46,http://localhost:8080/api/post/list?pageNum=1&pageSize=10,873,0,0
1777734696247,301,高级筛选搜索,200,,常规接口测试-50并发 1-13,text,true,,5782,232,41,46,http://localhost:8080/api/post/list/filter?category=运动健身&pageNum=1&pageSize=10,277,0,1
1777734696276,294,高级筛选搜索,200,,常规接口测试-50并发 1-36,text,true,,5782,232,41,46,http://localhost:8080/api/post/list/filter?category=运动健身&pageNum=1&pageSize=10,261,0,1
1777734696316,282,关键词搜索,400,,常规接口测试-50并发 1-30,text,false,,332,183,41,46,http://localhost:8080/api/search/keyword?q=篮球,241,0,0
1777734696370,230,用户注册,200,,常规接口测试-50并发 1-17,text,true,,720,251,41,46,http://localhost:8080/api/auth/register,190,0,0
1777734696302,300,高级筛选搜索,200,,常规接口测试-50并发 1-19,text,true,,5782,232,41,46,http://localhost:8080/api/post/list/filter?category=运动健身&pageNum=1&pageSize=10,260,0,1
1777734696299,303,高级筛选搜索,200,,常规接口测试-50并发 1-20,text,true,,5782,232,41,46,http://localhost:8080/api/post/list/filter?category=运动健身&pageNum=1&pageSize=10,265,0,1
1777734696368,264,用户注册,200,,常规接口测试-50并发 1-35,text,true,,724,253,41,46,http://localhost:8080/api/auth/register,220,0,0
1777734696375,276,用户注册,200,,常规接口测试-50并发 1-50,text,true,,724,253,41,46,http://localhost:8080/api/auth/register,224,0,0
1777734696344,371,高级筛选搜索,200,,常规接口测试-50并发 1-25,text,true,,5782,232,41,46,http://localhost:8080/api/post/list/filter?category=运动健身&pageNum=1&pageSize=10,337,0,1
1777734696397,324,关键词搜索,400,,常规接口测试-50并发 1-45,text,false,,332,183,41,46,http://localhost:8080/api/search/keyword?q=篮球,295,0,0
1777734696377,348,关键词搜索,400,,常规接口测试-50并发 1-42,text,false,,332,183,41,46,http://localhost:8080/api/search/keyword?q=篮球,320,0,0
1777734696368,362,高级筛选搜索,200,,常规接口测试-50并发 1-26,text,true,,5782,232,41,46,http://localhost:8080/api/post/list/filter?category=运动健身&pageNum=1&pageSize=10,333,0,1
1777734696387,355,关键词搜索,400,,常规接口测试-50并发 1-31,text,false,,332,183,41,46,http://localhost:8080/api/search/keyword?q=篮球,323,0,0
1777734696383,362,高级筛选搜索,200,,常规接口测试-50并发 1-14,text,true,,5782,232,41,46,http://localhost:8080/api/post/list/filter?category=运动健身&pageNum=1&pageSize=10,330,0,0
1777734696388,365,高级筛选搜索,200,,常规接口测试-50并发 1-10,text,true,,5782,232,41,46,http://localhost:8080/api/post/list/filter?category=运动健身&pageNum=1&pageSize=10,334,0,1
1777734696401,357,关键词搜索,400,,常规接口测试-50并发 1-44,text,false,,332,183,40,45,http://localhost:8080/api/search/keyword?q=篮球,326,0,0
1777734696403,372,高级筛选搜索,200,,常规接口测试-50并发 1-37,text,true,,5782,232,40,45,http://localhost:8080/api/post/list/filter?category=运动健身&pageNum=1&pageSize=10,345,0,1
1777734696423,354,关键词搜索,400,,常规接口测试-50并发 1-32,text,false,,332,183,40,45,http://localhost:8080/api/search/keyword?q=篮球,328,0,0
1777734696440,358,高级筛选搜索,200,,常规接口测试-50并发 1-21,text,true,,5782,232,40,45,http://localhost:8080/api/post/list/filter?category=运动健身&pageNum=1&pageSize=10,327,0,0
1777734696500,301,用户登录,200,,常规接口测试-50并发 1-24,text,true,,319,218,40,45,http://localhost:8080/api/auth/login,272,0,0
1777734696448,355,高级筛选搜索,200,,常规接口测试-50并发 1-27,text,true,,5782,232,40,45,http://localhost:8080/api/post/list/filter?category=运动健身&pageNum=1&pageSize=10,327,0,0
1777734696454,350,关键词搜索,400,,常规接口测试-50并发 1-22,text,false,,332,183,40,45,http://localhost:8080/api/search/keyword?q=篮球,322,0,0
1777734696462,346,关键词搜索,400,,常规接口测试-50并发 1-43,text,false,,332,183,40,45,http://localhost:8080/api/search/keyword?q=篮球,319,0,0
1777734696466,343,关键词搜索,400,,常规接口测试-50并发 1-15,text,false,,332,183,40,45,http://localhost:8080/api/search/keyword?q=篮球,319,0,0
1777734696471,340,关键词搜索,400,,常规接口测试-50并发 1-46,text,false,,332,183,40,45,http://localhost:8080/api/search/keyword?q=篮球,323,0,0
1777734696521,297,用户注册,200,,常规接口测试-50并发 1-18,text,true,,722,253,40,45,http://localhost:8080/api/auth/register,284,0,0
1777734696473,364,高级筛选搜索,200,,常规接口测试-50并发 1-39,text,true,,5782,232,40,45,http://localhost:8080/api/post/list/filter?category=运动健身&pageNum=1&pageSize=10,338,0,0
1777734696547,298,用户注册,200,,常规接口测试-50并发 1-13,text,true,,723,252,40,45,http://localhost:8080/api/auth/register,267,0,0
1777734696480,371,高级筛选搜索,200,,常规接口测试-50并发 1-29,text,true,,5782,232,40,45,http://localhost:8080/api/post/list/filter?category=运动健身&pageNum=1&pageSize=10,343,0,1
1777734696467,386,高级筛选搜索,200,,常规接口测试-50并发 1-28,text,true,,5782,232,40,45,http://localhost:8080/api/post/list/filter?category=运动健身&pageNum=1&pageSize=10,358,0,1
1777734696569,285,用户注册,200,,常规接口测试-50并发 1-36,text,true,,724,253,40,45,http://localhost:8080/api/auth/register,259,0,0
1777734696474,383,高级筛选搜索,200,,常规接口测试-50并发 1-38,text,true,,5782,232,40,45,http://localhost:8080/api/post/list/filter?category=运动健身&pageNum=1&pageSize=10,359,0,0
1777734696526,331,关键词搜索,400,,常规接口测试-50并发 1-33,text,false,,332,183,40,45,http://localhost:8080/api/search/keyword?q=篮球,307,0,0
1777734696518,342,高级筛选搜索,200,,常规接口测试-50并发 1-41,text,true,,5782,232,40,45,http://localhost:8080/api/post/list/filter?category=运动健身&pageNum=1&pageSize=10,320,0,1
1777734696600,263,用户登录,200,,常规接口测试-50并发 1-17,text,true,,319,218,40,45,http://localhost:8080/api/auth/login,243,0,0
1777734696129,735,获取帖子列表,200,,常规接口测试-50并发 1-47,text,true,,5517,179,40,45,http://localhost:8080/api/post/list?pageNum=1&pageSize=10,716,0,0
1777734696601,266,用户注册,200,,常规接口测试-50并发 1-20,text,true,,724,253,40,45,http://localhost:8080/api/auth/register,248,0,0
1777734696601,269,用户注册,200,,常规接口测试-50并发 1-19,text,true,,724,253,40,45,http://localhost:8080/api/auth/register,250,0,0
1777734696633,243,用户登录,200,,常规接口测试-50并发 1-35,text,true,,319,218,40,45,http://localhost:8080/api/auth/login,223,0,0
1777734696514,367,高级筛选搜索,200,,常规接口测试-50并发 1-40,text,true,,5782,232,40,45,http://localhost:8080/api/post/list/filter?category=运动健身&pageNum=1&pageSize=10,345,0,1
1777734696651,232,用户登录,200,,常规接口测试-50并发 1-50,text,true,,319,218,40,45,http://localhost:8080/api/auth/login,210,0,0
1777734696198,734,获取帖子列表,200,,常规接口测试-50并发 1-48,text,true,,5517,179,40,45,http://localhost:8080/api/post/list?pageNum=1&pageSize=10,700,0,0
1777734696715,219,用户注册,200,,常规接口测试-50并发 1-25,text,true,,723,252,40,45,http://localhost:8080/api/auth/register,188,0,0
1777734696200,736,获取帖子列表,200,,常规接口测试-50并发 1-16,text,true,,5517,179,40,45,http://localhost:8080/api/post/list?pageNum=1&pageSize=10,704,0,0
1777734696598,344,高级筛选搜索,200,,常规接口测试-50并发 1-30,text,true,,5782,232,40,45,http://localhost:8080/api/post/list/filter?category=运动健身&pageNum=1&pageSize=10,314,0,1
1777734696730,224,用户注册,200,,常规接口测试-50并发 1-26,text,true,,724,253,40,45,http://localhost:8080/api/auth/register,199,0,0
1777734696212,744,获取帖子列表,200,,常规接口测试-50并发 1-11,text,true,,5517,179,40,45,http://localhost:8080/api/post/list?pageNum=1&pageSize=10,720,0,0
1777734696745,232,用户注册,200,,常规接口测试-50并发 1-14,text,true,,724,253,40,45,http://localhost:8080/api/auth/register,203,0,0
1777734696775,221,用户注册,200,,常规接口测试-50并发 1-37,text,true,,724,253,40,45,http://localhost:8080/api/auth/register,197,0,0
1777734696722,284,高级筛选搜索,200,,常规接口测试-50并发 1-45,text,true,,5782,232,40,45,http://localhost:8080/api/post/list/filter?category=运动健身&pageNum=1&pageSize=10,258,0,0
1777734696798,227,用户注册,200,,常规接口测试-50并发 1-21,text,true,,724,253,40,45,http://localhost:8080/api/auth/register,191,0,0
1777734696725,307,高级筛选搜索,200,,常规接口测试-50并发 1-42,text,true,,5782,232,40,45,http://localhost:8080/api/post/list/filter?category=运动健身&pageNum=1&pageSize=10,269,0,1
1777734696803,231,用户注册,200,,常规接口测试-50并发 1-27,text,true,,724,253,40,45,http://localhost:8080/api/auth/register,191,0,0
1777734696818,233,用户登录,200,,常规接口测试-50并发 1-18,text,true,,319,218,40,45,http://localhost:8080/api/auth/login,202,0,0
1777734696314,743,获取帖子列表,200,,常规接口测试-50并发 1-34,text,true,,5517,179,40,45,http://localhost:8080/api/post/list?pageNum=1&pageSize=10,716,0,0
1777734696742,320,高级筛选搜索,200,,常规接口测试-50并发 1-31,text,true,,5782,232,40,45,http://localhost:8080/api/post/list/filter?category=运动健身&pageNum=1&pageSize=10,297,0,1
1777734696777,289,高级筛选搜索,200,,常规接口测试-50并发 1-32,text,true,,5782,232,40,45,http://localhost:8080/api/post/list/filter?category=运动健身&pageNum=1&pageSize=10,288,0,0
1777734696845,226,用户登录,200,,常规接口测试-50并发 1-13,text,true,,319,218,40,45,http://localhost:8080/api/auth/login,205,0,0
1777734696758,317,高级筛选搜索,200,,常规接口测试-50并发 1-44,text,true,,5782,232,40,45,http://localhost:8080/api/post/list/filter?category=运动健身&pageNum=1&pageSize=10,297,0,1
1777734696837,239,用户注册,200,,常规接口测试-50并发 1-39,text,true,,724,253,40,45,http://localhost:8080/api/auth/register,219,0,0
1777734696854,230,用户登录,200,,常规接口测试-50并发 1-36,text,true,,319,218,40,45,http://localhost:8080/api/auth/login,207,0,0
1777734696851,234,用户注册,200,,常规接口测试-50并发 1-29,text,true,,724,253,40,45,http://localhost:8080/api/auth/register,211,0,0
1777734696853,235,用户注册,200,,常规接口测试-50并发 1-28,text,true,,724,253,40,45,http://localhost:8080/api/auth/register,212,0,0
1777734696857,238,用户注册,200,,常规接口测试-50并发 1-38,text,true,,724,253,40,45,http://localhost:8080/api/auth/register,211,0,0
1777734696867,234,用户登录,200,,常规接口测试-50并发 1-20,text,true,,319,218,40,45,http://localhost:8080/api/auth/login,206,0,0
1777734696870,234,用户登录,200,,常规接口测试-50并发 1-19,text,true,,319,218,40,45,http://localhost:8080/api/auth/login,209,0,0
1777734696860,245,用户注册,200,,常规接口测试-50并发 1-41,text,true,,722,253,40,45,http://localhost:8080/api/auth/register,222,0,0
1777734696804,311,高级筛选搜索,200,,常规接口测试-50并发 1-22,text,true,,5782,232,40,45,http://localhost:8080/api/post/list/filter?category=运动健身&pageNum=1&pageSize=10,292,0,1
1777734696882,235,用户注册,200,,常规接口测试-50并发 1-40,text,true,,724,253,40,45,http://localhost:8080/api/auth/register,215,0,0
1777734696808,312,高级筛选搜索,200,,常规接口测试-50并发 1-43,text,true,,5782,232,40,45,http://localhost:8080/api/post/list/filter?category=运动健身&pageNum=1&pageSize=10,291,0,0
1777734696809,313,高级筛选搜索,200,,常规接口测试-50并发 1-15,text,true,,5782,232,40,45,http://localhost:8080/api/post/list/filter?category=运动健身&pageNum=1&pageSize=10,293,0,0
1777734696811,314,高级筛选搜索,200,,常规接口测试-50并发 1-46,text,true,,5782,232,40,45,http://localhost:8080/api/post/list/filter?category=运动健身&pageNum=1&pageSize=10,293,0,1
1777734696863,267,关键词搜索,400,,常规接口测试-50并发 1-47,text,false,,332,183,40,45,http://localhost:8080/api/search/keyword?q=篮球,246,0,0
1777734696934,212,用户登录,200,,常规接口测试-50并发 1-25,text,true,,319,218,40,45,http://localhost:8080/api/auth/login,191,0,0
1777734696857,301,高级筛选搜索,200,,常规接口测试-50并发 1-33,text,true,,5782,232,40,45,http://localhost:8080/api/post/list/filter?category=运动健身&pageNum=1&pageSize=10,277,0,1
1777734696942,222,用户注册,200,,常规接口测试-50并发 1-30,text,true,,724,253,40,45,http://localhost:8080/api/auth/register,196,0,0
1777734696955,213,用户登录,200,,常规接口测试-50并发 1-26,text,true,,319,218,40,45,http://localhost:8080/api/auth/login,186,0,0
1777734696978,202,用户登录,200,,常规接口测试-50并发 1-14,text,true,,319,218,40,45,http://localhost:8080/api/auth/login,181,0,0
1777734696931,253,关键词搜索,400,,常规接口测试-50并发 1-48,text,false,,332,183,40,45,http://localhost:8080/api/search/keyword?q=篮球,232,0,0
1777734696935,251,关键词搜索,400,,常规接口测试-50并发 1-16,text,false,,332,183,40,45,http://localhost:8080/api/search/keyword?q=篮球,231,0,0
1777734696996,200,用户登录,200,,常规接口测试-50并发 1-37,text,true,,319,218,40,45,http://localhost:8080/api/auth/login,183,0,0
1777734696956,247,关键词搜索,400,,常规接口测试-50并发 1-11,text,false,,332,183,40,45,http://localhost:8080/api/search/keyword?q=篮球,227,0,0
1777734697007,205,用户注册,200,,常规接口测试-50并发 1-45,text,true,,724,253,40,45,http://localhost:8080/api/auth/register,182,0,0
1777734697025,193,用户登录,200,,常规接口测试-50并发 1-21,text,true,,319,218,40,45,http://localhost:8080/api/auth/login,168,0,0
1777734697034,185,用户登录,200,,常规接口测试-50并发 1-27,text,true,,319,218,40,45,http://localhost:8080/api/auth/login,160,0,0
1777734696456,765,获取帖子列表,200,,常规接口测试-50并发 1-49,text,true,,5517,179,40,45,http://localhost:8080/api/post/list?pageNum=1&pageSize=10,739,0,0
1777734697032,204,用户注册,200,,常规接口测试-50并发 1-42,text,true,,724,253,40,45,http://localhost:8080/api/auth/register,167,0,0
1777734696510,778,获取帖子列表,200,,常规接口测试-50并发 1-23,text,true,,5517,179,40,45,http://localhost:8080/api/post/list?pageNum=1&pageSize=10,705,0,0
1777734697062,242,用户注册,200,,常规接口测试-50并发 1-31,text,true,,724,253,40,45,http://localhost:8080/api/auth/register,180,0,0
1777734697066,244,用户注册,200,,常规接口测试-50并发 1-32,text,true,,724,253,40,45,http://localhost:8080/api/auth/register,184,0,0
1777734697076,242,用户登录,200,,常规接口测试-50并发 1-39,text,true,,319,218,40,45,http://localhost:8080/api/auth/login,216,0,0
1777734697085,267,用户登录,200,,常规接口测试-50并发 1-29,text,true,,319,218,40,45,http://localhost:8080/api/auth/login,215,0,0
1777734696492,863,获取帖子列表,200,,常规接口测试-50并发 1-12,text,true,,5517,179,40,45,http://localhost:8080/api/post/list?pageNum=1&pageSize=10,810,0,0
1777734697089,271,用户登录,200,,常规接口测试-50并发 1-28,text,true,,319,218,40,45,http://localhost:8080/api/auth/login,214,0,0
1777734697076,291,用户注册,200,,常规接口测试-50并发 1-44,text,true,,724,253,40,45,http://localhost:8080/api/auth/register,231,0,0
1777734697095,274,用户登录,200,,常规接口测试-50并发 1-38,text,true,,319,218,40,45,http://localhost:8080/api/auth/login,212,0,0
1777734697057,333,关键词搜索,400,,常规接口测试-50并发 1-34,text,false,,332,183,40,45,http://localhost:8080/api/search/keyword?q=篮球,258,0,0
1777734697106,302,用户登录,200,,常规接口测试-50并发 1-41,text,true,,319,218,40,45,http://localhost:8080/api/auth/login,243,0,0
1777734697118,318,用户登录,200,,常规接口测试-50并发 1-40,text,true,,319,218,40,45,http://localhost:8080/api/auth/login,260,0,0
1777734697115,346,用户注册,200,,常规接口测试-50并发 1-22,text,true,,724,253,40,45,http://localhost:8080/api/auth/register,285,0,0
1777734697120,344,用户注册,200,,常规接口测试-50并发 1-43,text,true,,724,253,40,45,http://localhost:8080/api/auth/register,282,0,0
1777734697122,345,用户注册,200,,常规接口测试-50并发 1-15,text,true,,724,253,40,45,http://localhost:8080/api/auth/register,284,0,0
1777734697125,348,用户注册,200,,常规接口测试-50并发 1-46,text,true,,724,253,40,45,http://localhost:8080/api/auth/register,286,0,0
1777734697164,388,用户登录,200,,常规接口测试-50并发 1-30,text,true,,319,218,40,45,http://localhost:8080/api/auth/login,334,0,0
1777734697158,398,用户注册,200,,常规接口测试-50并发 1-33,text,true,,724,253,40,45,http://localhost:8080/api/auth/register,345,0,0
1777734697130,500,高级筛选搜索,200,,常规接口测试-50并发 1-47,text,true,,5782,232,40,45,http://localhost:8080/api/post/list/filter?category=运动健身&pageNum=1&pageSize=10,430,0,1
1777734697213,470,用户登录,200,,常规接口测试-50并发 1-45,text,true,,319,218,40,45,http://localhost:8080/api/auth/login,421,0,0
1777734697236,478,用户登录,200,,常规接口测试-50并发 1-42,text,true,,319,218,40,45,http://localhost:8080/api/auth/login,420,0,0
1777734697184,540,高级筛选搜索,200,,常规接口测试-50并发 1-48,text,true,,5782,232,40,45,http://localhost:8080/api/post/list/filter?category=运动健身&pageNum=1&pageSize=10,478,0,1
1777734697203,525,高级筛选搜索,200,,常规接口测试-50并发 1-11,text,true,,5782,232,40,45,http://localhost:8080/api/post/list/filter?category=运动健身&pageNum=1&pageSize=10,462,0,0
1777734697186,559,高级筛选搜索,200,,常规接口测试-50并发 1-16,text,true,,5782,232,39,44,http://localhost:8080/api/post/list/filter?category=运动健身&pageNum=1&pageSize=10,502,0,0
1777734697304,452,用户登录,200,,常规接口测试-50并发 1-31,text,true,,319,218,39,44,http://localhost:8080/api/auth/login,415,0,0
1777734697310,463,用户登录,200,,常规接口测试-50并发 1-32,text,true,,319,218,39,44,http://localhost:8080/api/auth/login,416,0,0
1777734696801,978,获取帖子列表,200,,常规接口测试-50并发 1-24,text,true,,5517,179,39,44,http://localhost:8080/api/post/list?pageNum=1&pageSize=10,935,0,0
1777734697222,566,关键词搜索,400,,常规接口测试-50并发 1-49,text,false,,332,183,39,44,http://localhost:8080/api/search/keyword?q=篮球,524,0,0
1777734697367,432,用户登录,200,,常规接口测试-50并发 1-44,text,true,,319,218,39,44,http://localhost:8080/api/auth/login,401,0,0
1777734697288,522,关键词搜索,400,,常规接口测试-50并发 1-23,text,false,,332,183,39,44,http://localhost:8080/api/search/keyword?q=篮球,495,0,0
1777734696863,950,获取帖子列表,200,,常规接口测试-50并发 1-17,text,true,,5517,179,39,44,http://localhost:8080/api/post/list?pageNum=1&pageSize=10,923,0,0
1777734696876,952,获取帖子列表,200,,常规接口测试-50并发 1-35,text,true,,5517,179,39,44,http://localhost:8080/api/post/list?pageNum=1&pageSize=10,924,0,0
1777734696883,950,获取帖子列表,200,,常规接口测试-50并发 1-50,text,true,,5517,179,39,44,http://localhost:8080/api/post/list?pageNum=1&pageSize=10,921,0,0
1777734697461,386,用户登录,200,,常规接口测试-50并发 1-22,text,true,,319,218,39,44,http://localhost:8080/api/auth/login,358,0,0
1777734697356,491,关键词搜索,400,,常规接口测试-50并发 1-12,text,false,,332,183,39,44,http://localhost:8080/api/search/keyword?q=篮球,464,0,0
1777734697473,377,用户登录,200,,常规接口测试-50并发 1-46,text,true,,319,218,39,44,http://localhost:8080/api/auth/login,350,0,0
1777734697464,389,用户登录,200,,常规接口测试-50并发 1-43,text,true,,319,218,39,44,http://localhost:8080/api/auth/login,361,0,0
1777734697467,398,用户登录,200,,常规接口测试-50并发 1-15,text,true,,319,218,39,44,http://localhost:8080/api/auth/login,368,0,0
1777734697556,346,用户登录,200,,常规接口测试-50并发 1-33,text,true,,319,218,39,44,http://localhost:8080/api/auth/login,312,0,0
1777734697391,547,高级筛选搜索,200,,常规接口测试-50并发 1-34,text,true,,5782,232,39,44,http://localhost:8080/api/post/list/filter?category=运动健身&pageNum=1&pageSize=10,515,0,0
1777734697630,337,用户注册,200,,常规接口测试-50并发 1-47,text,true,,723,252,39,44,http://localhost:8080/api/auth/register,291,0,0
1777734697724,358,用户注册,200,,常规接口测试-50并发 1-48,text,true,,722,253,39,44,http://localhost:8080/api/auth/register,330,0,0
1777734697746,349,用户注册,200,,常规接口测试-50并发 1-16,text,true,,724,253,39,44,http://localhost:8080/api/auth/register,322,0,0
1777734697779,360,关键词搜索,400,,常规接口测试-50并发 1-24,text,false,,332,183,39,44,http://localhost:8080/api/search/keyword?q=篮球,339,0,0
1777734697813,359,关键词搜索,400,,常规接口测试-50并发 1-17,text,false,,332,183,39,44,http://localhost:8080/api/search/keyword?q=篮球,335,0,0
1777734697052,1121,获取帖子列表,200,,常规接口测试-50并发 1-18,text,true,,5517,179,39,44,http://localhost:8080/api/post/list?pageNum=1&pageSize=10,1098,0,0
1777734697828,352,关键词搜索,400,,常规接口测试-50并发 1-35,text,false,,332,183,39,44,http://localhost:8080/api/search/keyword?q=篮球,326,0,0
1777734697834,355,关键词搜索,400,,常规接口测试-50并发 1-50,text,false,,332,183,39,44,http://localhost:8080/api/search/keyword?q=篮球,328,0,0
1777734697104,1117,获取帖子列表,200,,常规接口测试-50并发 1-19,text,true,,5517,179,39,44,http://localhost:8080/api/post/list?pageNum=1&pageSize=10,1092,0,0
1777734697071,1158,获取帖子列表,200,,常规接口测试-50并发 1-13,text,true,,5517,179,39,44,http://localhost:8080/api/post/list?pageNum=1&pageSize=10,1134,0,0
1777734697788,450,高级筛选搜索,200,,常规接口测试-50并发 1-49,text,true,,5782,232,39,44,http://localhost:8080/api/post/list/filter?category=运动健身&pageNum=1&pageSize=10,424,0,0
1777734697085,1161,获取帖子列表,200,,常规接口测试-50并发 1-36,text,true,,5517,179,39,44,http://localhost:8080/api/post/list?pageNum=1&pageSize=10,1134,0,0
1777734697968,286,用户登录,200,,常规接口测试-50并发 1-47,text,true,,319,218,39,44,http://localhost:8080/api/auth/login,258,0,0
1777734697101,1163,获取帖子列表,200,,常规接口测试-50并发 1-20,text,true,,5517,179,39,44,http://localhost:8080/api/post/list?pageNum=1&pageSize=10,1132,0,0
1777734697939,329,用户注册,200,,常规接口测试-50并发 1-34,text,true,,724,253,39,44,http://localhost:8080/api/auth/register,298,0,0
1777734697810,493,高级筛选搜索,200,,常规接口测试-50并发 1-23,text,true,,5782,232,39,44,http://localhost:8080/api/post/list/filter?category=运动健身&pageNum=1&pageSize=10,445,0,1
1777734698082,247,用户登录,200,,常规接口测试-50并发 1-48,text,true,,319,218,39,44,http://localhost:8080/api/auth/login,194,0,0
1777734698096,266,用户登录,200,,常规接口测试-50并发 1-16,text,true,,319,218,39,44,http://localhost:8080/api/auth/login,215,0,0
1777734697847,633,高级筛选搜索,200,,常规接口测试-50并发 1-12,text,true,,5782,232,39,44,http://localhost:8080/api/post/list/filter?category=运动健身&pageNum=1&pageSize=10,589,0,0
1777734697146,1341,获取帖子列表,200,,常规接口测试-50并发 1-25,text,true,,5517,179,38,43,http://localhost:8080/api/post/list?pageNum=1&pageSize=10,1300,0,0
1777734697180,1353,获取帖子列表,200,,常规接口测试-50并发 1-14,text,true,,5517,179,38,43,http://localhost:8080/api/post/list?pageNum=1&pageSize=10,1316,0,0
1777734697168,1371,获取帖子列表,200,,常规接口测试-50并发 1-26,text,true,,5517,179,38,43,http://localhost:8080/api/post/list?pageNum=1&pageSize=10,1337,0,0
1777734698173,383,关键词搜索,400,,常规接口测试-50并发 1-18,text,false,,332,183,38,43,http://localhost:8080/api/search/keyword?q=篮球,338,0,0
1777734698139,480,高级筛选搜索,200,,常规接口测试-50并发 1-24,text,true,,5782,232,38,43,http://localhost:8080/api/post/list/filter?category=运动健身&pageNum=1&pageSize=10,426,0,1
1777734698239,410,用户注册,200,,常规接口测试-50并发 1-49,text,true,,722,253,38,43,http://localhost:8080/api/auth/register,357,0,0
1777734698222,443,关键词搜索,400,,常规接口测试-50并发 1-19,text,false,,332,183,38,43,http://localhost:8080/api/search/keyword?q=篮球,389,0,0
1777734698268,403,用户登录,200,,常规接口测试-50并发 1-34,text,true,,319,218,38,43,http://localhost:8080/api/auth/login,349,0,0
1777734698229,451,关键词搜索,400,,常规接口测试-50并发 1-13,text,false,,332,183,38,43,http://localhost:8080/api/search/keyword?q=篮球,397,0,0
1777734698246,453,关键词搜索,400,,常规接口测试-50并发 1-36,text,false,,332,183,38,43,http://localhost:8080/api/search/keyword?q=篮球,410,0,0
1777734698172,537,高级筛选搜索,200,,常规接口测试-50并发 1-17,text,true,,5782,232,38,43,http://localhost:8080/api/post/list/filter?category=运动健身&pageNum=1&pageSize=10,505,0,1
1777734698304,409,用户注册,200,,常规接口测试-50并发 1-23,text,true,,724,253,38,43,http://localhost:8080/api/auth/register,382,0,0
1777734698264,453,关键词搜索,400,,常规接口测试-50并发 1-20,text,false,,332,183,38,43,http://localhost:8080/api/search/keyword?q=篮球,427,0,0
1777734697218,1508,获取帖子列表,200,,常规接口测试-50并发 1-21,text,true,,5517,179,38,43,http://localhost:8080/api/post/list?pageNum=1&pageSize=10,1482,0,0
1777734698180,553,高级筛选搜索,200,,常规接口测试-50并发 1-35,text,true,,5782,232,38,43,http://localhost:8080/api/post/list/filter?category=运动健身&pageNum=1&pageSize=10,522,0,1
1777734697196,1569,获取帖子列表,200,,常规接口测试-50并发 1-37,text,true,,5517,179,38,43,http://localhost:8080/api/post/list?pageNum=1&pageSize=10,1518,0,0
1777734697219,1548,获取帖子列表,200,,常规接口测试-50并发 1-27,text,true,,5517,179,38,43,http://localhost:8080/api/post/list?pageNum=1&pageSize=10,1496,0,0
1777734698189,578,高级筛选搜索,200,,常规接口测试-50并发 1-50,text,true,,5782,232,38,43,http://localhost:8080/api/post/list/filter?category=运动健身&pageNum=1&pageSize=10,528,0,0
1777734698487,371,关键词搜索,400,,常规接口测试-50并发 1-25,text,false,,332,183,38,43,http://localhost:8080/api/search/keyword?q=篮球,343,0,0
1777734697319,1559,获取帖子列表,200,,常规接口测试-50并发 1-39,text,true,,5517,179,38,43,http://localhost:8080/api/post/list?pageNum=1&pageSize=10,1526,0,0
1777734697352,1527,获取帖子列表,200,,常规接口测试-50并发 1-29,text,true,,5517,179,38,43,http://localhost:8080/api/post/list?pageNum=1&pageSize=10,1494,0,0
1777734697360,1527,获取帖子列表,200,,常规接口测试-50并发 1-28,text,true,,5517,179,38,43,http://localhost:8080/api/post/list?pageNum=1&pageSize=10,1493,0,0
1777734697370,1520,获取帖子列表,200,,常规接口测试-50并发 1-38,text,true,,5517,179,38,43,http://localhost:8080/api/post/list?pageNum=1&pageSize=10,1490,0,0
1777734698533,393,关键词搜索,400,,常规接口测试-50并发 1-14,text,false,,332,183,38,43,http://localhost:8080/api/search/keyword?q=篮球,363,0,0
1777734698540,389,关键词搜索,400,,常规接口测试-50并发 1-26,text,false,,332,183,38,43,http://localhost:8080/api/search/keyword?q=篮球,359,0,0
1777734698620,312,用户注册,200,,常规接口测试-50并发 1-24,text,true,,724,253,38,43,http://localhost:8080/api/auth/register,285,0,0
1777734698650,288,用户登录,200,,常规接口测试-50并发 1-49,text,true,,319,218,38,43,http://localhost:8080/api/auth/login,260,0,0
1777734697436,1533,获取帖子列表,200,,常规接口测试-50并发 1-40,text,true,,5517,179,38,43,http://localhost:8080/api/post/list?pageNum=1&pageSize=10,1504,0,0
1777734697408,1562,获取帖子列表,200,,常规接口测试-50并发 1-41,text,true,,5517,179,38,43,http://localhost:8080/api/post/list?pageNum=1&pageSize=10,1532,0,0
1777734698713,267,用户登录,200,,常规接口测试-50并发 1-23,text,true,,319,218,38,43,http://localhost:8080/api/auth/login,239,0,0
1777734698709,276,用户注册,200,,常规接口测试-50并发 1-17,text,true,,724,253,38,43,http://localhost:8080/api/auth/register,250,0,0
1777734698733,301,用户注册,200,,常规接口测试-50并发 1-35,text,true,,724,253,38,43,http://localhost:8080/api/auth/register,261,0,0
1777734697552,1490,获取帖子列表,200,,常规接口测试-50并发 1-30,text,true,,5517,179,38,43,http://localhost:8080/api/post/list?pageNum=1&pageSize=10,1456,0,0
1777734698557,491,高级筛选搜索,200,,常规接口测试-50并发 1-18,text,true,,5782,232,38,43,http://localhost:8080/api/post/list/filter?category=运动健身&pageNum=1&pageSize=10,455,0,0
1777734698726,326,关键词搜索,400,,常规接口测试-50并发 1-21,text,false,,332,183,38,43,http://localhost:8080/api/search/keyword?q=篮球,294,0,0
1777734698767,287,用户注册,200,,常规接口测试-50并发 1-50,text,true,,723,252,38,43,http://localhost:8080/api/auth/register,259,0,0
1777734698765,301,关键词搜索,400,,常规接口测试-50并发 1-37,text,false,,332,183,38,43,http://localhost:8080/api/search/keyword?q=篮球,280,0,0
1777734698767,305,关键词搜索,400,,常规接口测试-50并发 1-27,text,false,,332,183,38,43,http://localhost:8080/api/search/keyword?q=篮球,283,0,0
1777734698717,370,高级筛选搜索,200,,常规接口测试-50并发 1-20,text,true,,5782,232,38,43,http://localhost:8080/api/post/list/filter?category=运动健身&pageNum=1&pageSize=10,354,0,1
1777734698665,424,高级筛选搜索,200,,常规接口测试-50并发 1-19,text,true,,5782,232,38,43,http://localhost:8080/api/post/list/filter?category=运动健身&pageNum=1&pageSize=10,408,0,1
1777734698680,411,高级筛选搜索,200,,常规接口测试-50并发 1-13,text,true,,5782,232,38,43,http://localhost:8080/api/post/list/filter?category=运动健身&pageNum=1&pageSize=10,395,0,1
1777734697683,1410,获取帖子列表,200,,常规接口测试-50并发 1-45,text,true,,5517,179,37,42,http://localhost:8080/api/post/list?pageNum=1&pageSize=10,1393,0,0
1777734698699,408,高级筛选搜索,200,,常规接口测试-50并发 1-36,text,true,,5782,232,37,42,http://localhost:8080/api/post/list/filter?category=运动健身&pageNum=1&pageSize=10,383,0,0
1777734697714,1396,获取帖子列表,200,,常规接口测试-50并发 1-42,text,true,,5517,179,37,42,http://localhost:8080/api/post/list?pageNum=1&pageSize=10,1370,0,0
1777734697756,1371,获取帖子列表,200,,常规接口测试-50并发 1-31,text,true,,5517,179,37,42,http://localhost:8080/api/post/list?pageNum=1&pageSize=10,1343,0,0
1777734698880,249,关键词搜索,400,,常规接口测试-50并发 1-29,text,false,,332,183,37,42,http://localhost:8080/api/search/keyword?q=篮球,221,0,0
1777734697799,1333,获取帖子列表,200,,常规接口测试-50并发 1-44,text,true,,5517,179,37,42,http://localhost:8080/api/post/list?pageNum=1&pageSize=10,1307,0,0
1777734698887,245,关键词搜索,400,,常规接口测试-50并发 1-28,text,false,,332,183,37,42,http://localhost:8080/api/search/keyword?q=篮球,220,0,0
1777734697773,1360,获取帖子列表,200,,常规接口测试-50并发 1-32,text,true,,5517,179,37,42,http://localhost:8080/api/post/list?pageNum=1&pageSize=10,1336,0,0
1777734698878,267,关键词搜索,400,,常规接口测试-50并发 1-39,text,false,,332,183,37,42,http://localhost:8080/api/search/keyword?q=篮球,247,0,0
1777734698932,215,用户登录,200,,常规接口测试-50并发 1-24,text,true,,319,218,37,42,http://localhost:8080/api/auth/login,198,0,0
1777734698891,267,关键词搜索,400,,常规接口测试-50并发 1-38,text,false,,332,183,37,42,http://localhost:8080/api/search/keyword?q=篮球,244,0,0
1777734697847,1312,获取帖子列表,200,,常规接口测试-50并发 1-22,text,true,,5517,179,37,42,http://localhost:8080/api/post/list?pageNum=1&pageSize=10,1288,0,0
1777734697850,1310,获取帖子列表,200,,常规接口测试-50并发 1-46,text,true,,5517,179,37,42,http://localhost:8080/api/post/list?pageNum=1&pageSize=10,1287,0,0
1777734698858,303,高级筛选搜索,200,,常规接口测试-50并发 1-25,text,true,,5782,232,37,42,http://localhost:8080/api/post/list/filter?category=运动健身&pageNum=1&pageSize=10,280,0,1
1777734697865,1299,获取帖子列表,200,,常规接口测试-50并发 1-15,text,true,,5517,179,37,42,http://localhost:8080/api/post/list?pageNum=1&pageSize=10,1278,0,0
1777734697853,1324,获取帖子列表,200,,常规接口测试-50并发 1-43,text,true,,5517,179,37,42,http://localhost:8080/api/post/list?pageNum=1&pageSize=10,1302,0,0
1777734698985,200,用户登录,200,,常规接口测试-50并发 1-17,text,true,,319,218,37,42,http://localhost:8080/api/auth/login,180,0,0
1777734697903,1284,获取帖子列表,200,,常规接口测试-50并发 1-33,text,true,,5517,179,37,42,http://localhost:8080/api/post/list?pageNum=1&pageSize=10,1264,0,0
1777734698929,281,高级筛选搜索,200,,常规接口测试-50并发 1-26,text,true,,5782,232,37,42,http://localhost:8080/api/post/list/filter?category=运动健身&pageNum=1&pageSize=10,257,0,1
1777734698926,287,高级筛选搜索,200,,常规接口测试-50并发 1-14,text,true,,5782,232,37,42,http://localhost:8080/api/post/list/filter?category=运动健身&pageNum=1&pageSize=10,264,0,1
1777734698969,246,关键词搜索,400,,常规接口测试-50并发 1-40,text,false,,332,183,36,41,http://localhost:8080/api/search/keyword?q=篮球,224,0,0
1777734698970,247,关键词搜索,400,,常规接口测试-50并发 1-41,text,false,,332,183,36,41,http://localhost:8080/api/search/keyword?q=篮球,226,0,0
1777734699034,184,用户登录,200,,常规接口测试-50并发 1-35,text,true,,319,218,36,41,http://localhost:8080/api/auth/login,164,0,0
1777734699054,188,用户登录,200,,常规接口测试-50并发 1-50,text,true,,319,218,36,41,http://localhost:8080/api/auth/login,159,0,0
1777734699048,195,用户注册,200,,常规接口测试-50并发 1-18,text,true,,724,253,36,41,http://localhost:8080/api/auth/register,168,0,0
1777734699043,244,关键词搜索,400,,常规接口测试-50并发 1-30,text,false,,332,183,36,41,http://localhost:8080/api/search/keyword?q=篮球,210,0,0
1777734699087,211,用户注册,200,,常规接口测试-50并发 1-20,text,true,,724,253,36,41,http://localhost:8080/api/auth/register,186,0,0
1777734699089,216,用户注册,200,,常规接口测试-50并发 1-19,text,true,,724,253,36,41,http://localhost:8080/api/auth/register,191,0,0
1777734698254,1054,获取帖子列表,200,,常规接口测试-50并发 1-47,text,true,,5517,179,36,41,http://localhost:8080/api/post/list?pageNum=1&pageSize=10,1030,0,0
1777734699093,221,关键词搜索,400,,常规接口测试-50并发 1-45,text,false,,332,183,36,41,http://localhost:8080/api/search/keyword?q=篮球,199,0,0
1777734699107,209,用户注册,200,,常规接口测试-50并发 1-36,text,true,,724,253,36,41,http://localhost:8080/api/auth/register,189,0,0
1777734699052,273,高级筛选搜索,200,,常规接口测试-50并发 1-21,text,true,,5782,232,36,41,http://localhost:8080/api/post/list/filter?category=运动健身&pageNum=1&pageSize=10,259,0,1
1777734699067,264,高级筛选搜索,200,,常规接口测试-50并发 1-37,text,true,,5782,232,36,41,http://localhost:8080/api/post/list/filter?category=运动健身&pageNum=1&pageSize=10,248,0,1
1777734698329,1002,获取帖子列表,200,,常规接口测试-50并发 1-48,text,true,,5517,179,36,41,http://localhost:8080/api/post/list?pageNum=1&pageSize=10,986,0,0
1777734699072,265,高级筛选搜索,200,,常规接口测试-50并发 1-27,text,true,,5782,232,36,41,http://localhost:8080/api/post/list/filter?category=运动健身&pageNum=1&pageSize=10,249,0,1
1777734699161,177,用户注册,200,,常规接口测试-50并发 1-25,text,true,,724,253,36,41,http://localhost:8080/api/auth/register,161,0,0
1777734699111,230,关键词搜索,400,,常规接口测试-50并发 1-42,text,false,,332,183,36,41,http://localhost:8080/api/search/keyword?q=篮球,212,0,0
1777734698362,984,获取帖子列表,200,,常规接口测试-50并发 1-16,text,true,,5517,179,36,41,http://localhost:8080/api/post/list?pageNum=1&pageSize=10,967,0,0
1777734699127,221,关键词搜索,400,,常规接口测试-50并发 1-31,text,false,,332,183,36,41,http://localhost:8080/api/search/keyword?q=篮球,204,0,0
1777734699210,145,用户注册,200,,常规接口测试-50并发 1-26,text,true,,724,253,36,41,http://localhost:8080/api/auth/register,124,0,0
1777734699132,224,关键词搜索,400,,常规接口测试-50并发 1-44,text,false,,332,183,36,41,http://localhost:8080/api/search/keyword?q=篮球,203,0,0
1777734699133,223,关键词搜索,400,,常规接口测试-50并发 1-32,text,false,,332,183,36,41,http://localhost:8080/api/search/keyword?q=篮球,203,0,0
1777734699130,232,高级筛选搜索,200,,常规接口测试-50并发 1-29,text,true,,5782,232,36,41,http://localhost:8080/api/post/list/filter?category=运动健身&pageNum=1&pageSize=10,211,0,0
1777734699132,237,高级筛选搜索,200,,常规接口测试-50并发 1-28,text,true,,5782,232,36,41,http://localhost:8080/api/post/list/filter?category=运动健身&pageNum=1&pageSize=10,213,0,1
1777734699145,237,高级筛选搜索,200,,常规接口测试-50并发 1-39,text,true,,5782,232,36,41,http://localhost:8080/api/post/list/filter?category=运动健身&pageNum=1&pageSize=10,217,0,0
1777734699159,225,关键词搜索,400,,常规接口测试-50并发 1-22,text,false,,332,183,36,41,http://localhost:8080/api/search/keyword?q=篮球,206,0,0
1777734699160,225,关键词搜索,400,,常规接口测试-50并发 1-46,text,false,,332,183,36,41,http://localhost:8080/api/search/keyword?q=篮球,208,0,0
1777734699164,223,关键词搜索,400,,常规接口测试-50并发 1-15,text,false,,332,183,36,41,http://localhost:8080/api/search/keyword?q=篮球,205,0,0
1777734699158,241,高级筛选搜索,200,,常规接口测试-50并发 1-38,text,true,,5782,232,36,41,http://localhost:8080/api/post/list/filter?category=运动健身&pageNum=1&pageSize=10,217,0,0
1777734699243,157,用户登录,200,,常规接口测试-50并发 1-18,text,true,,319,218,36,41,http://localhost:8080/api/auth/login,133,0,0
1777734699178,226,关键词搜索,400,,常规接口测试-50并发 1-43,text,false,,332,183,36,41,http://localhost:8080/api/search/keyword?q=篮球,201,0,0
1777734699187,226,关键词搜索,400,,常规接口测试-50并发 1-33,text,false,,332,183,36,41,http://localhost:8080/api/search/keyword?q=篮球,202,0,0
1777734699298,172,用户登录,200,,常规接口测试-50并发 1-20,text,true,,319,218,36,41,http://localhost:8080/api/auth/login,145,0,0
1777734699306,173,用户登录,200,,常规接口测试-50并发 1-19,text,true,,319,218,36,41,http://localhost:8080/api/auth/login,146,0,0
1777734698671,810,获取帖子列表,200,,常规接口测试-50并发 1-34,text,true,,5517,179,36,41,http://localhost:8080/api/post/list?pageNum=1&pageSize=10,781,0,0
1777734699325,163,用户注册,200,,常规接口测试-50并发 1-21,text,true,,722,253,36,41,http://localhost:8080/api/auth/register,141,0,0
1777734699216,276,高级筛选搜索,200,,常规接口测试-50并发 1-40,text,true,,5782,232,36,41,http://localhost:8080/api/post/list/filter?category=运动健身&pageNum=1&pageSize=10,252,0,1
1777734699316,179,用户登录,200,,常规接口测试-50并发 1-36,text,true,,319,218,36,41,http://localhost:8080/api/auth/login,153,0,0
1777734699217,284,高级筛选搜索,200,,常规接口测试-50并发 1-41,text,true,,5782,232,36,41,http://localhost:8080/api/post/list/filter?category=运动健身&pageNum=1&pageSize=10,262,0,1
1777734699308,211,关键词搜索,400,,常规接口测试-50并发 1-47,text,false,,332,183,36,41,http://localhost:8080/api/search/keyword?q=篮球,188,0,0
1777734699339,186,用户登录,200,,常规接口测试-50并发 1-25,text,true,,319,218,36,41,http://localhost:8080/api/auth/login,160,0,0
1777734699331,196,用户注册,200,,常规接口测试-50并发 1-37,text,true,,724,253,36,41,http://localhost:8080/api/auth/register,170,0,0
1777734699337,204,用户注册,200,,常规接口测试-50并发 1-27,text,true,,724,253,36,41,http://localhost:8080/api/auth/register,169,0,0
1777734699355,198,用户登录,200,,常规接口测试-50并发 1-26,text,true,,319,218,36,41,http://localhost:8080/api/auth/login,166,0,0
1777734699287,266,高级筛选搜索,200,,常规接口测试-50并发 1-30,text,true,,5782,232,36,41,http://localhost:8080/api/post/list/filter?category=运动健身&pageNum=1&pageSize=10,236,0,0
1777734699332,231,关键词搜索,400,,常规接口测试-50并发 1-48,text,false,,332,183,36,41,http://localhost:8080/api/search/keyword?q=篮球,211,0,0
1777734699362,202,用户注册,200,,常规接口测试-50并发 1-29,text,true,,724,253,36,41,http://localhost:8080/api/auth/register,182,0,0
1777734699369,199,用户注册,200,,常规接口测试-50并发 1-28,text,true,,724,253,36,41,http://localhost:8080/api/auth/register,179,0,0
1777734699346,232,关键词搜索,400,,常规接口测试-50并发 1-16,text,false,,332,183,36,41,http://localhost:8080/api/search/keyword?q=篮球,214,0,0
1777734699314,271,高级筛选搜索,200,,常规接口测试-50并发 1-45,text,true,,5782,232,36,41,http://localhost:8080/api/post/list/filter?category=运动健身&pageNum=1&pageSize=10,252,0,0
1777734699383,207,用户注册,200,,常规接口测试-50并发 1-39,text,true,,724,253,36,41,http://localhost:8080/api/auth/register,186,0,0
1777734699356,247,高级筛选搜索,200,,常规接口测试-50并发 1-44,text,true,,5782,232,36,41,http://localhost:8080/api/post/list/filter?category=运动健身&pageNum=1&pageSize=10,224,0,1
1777734699400,207,用户注册,200,,常规接口测试-50并发 1-38,text,true,,724,253,36,41,http://localhost:8080/api/auth/register,181,0,0
1777734698938,686,获取帖子列表,200,,常规接口测试-50并发 1-49,text,true,,5517,179,36,41,http://localhost:8080/api/post/list?pageNum=1&pageSize=10,653,0,0
1777734699341,288,高级筛选搜索,200,,常规接口测试-50并发 1-42,text,true,,5782,232,36,41,http://localhost:8080/api/post/list/filter?category=运动健身&pageNum=1&pageSize=10,254,0,1
1777734699348,295,高级筛选搜索,200,,常规接口测试-50并发 1-31,text,true,,5782,232,36,41,http://localhost:8080/api/post/list/filter?category=运动健身&pageNum=1&pageSize=10,266,0,1
1777734699356,303,高级筛选搜索,200,,常规接口测试-50并发 1-32,text,true,,5782,232,36,41,http://localhost:8080/api/post/list/filter?category=运动健身&pageNum=1&pageSize=10,283,0,1
1777734699385,282,高级筛选搜索,200,,常规接口测试-50并发 1-46,text,true,,5782,232,36,41,http://localhost:8080/api/post/list/filter?category=运动健身&pageNum=1&pageSize=10,260,0,0
1777734698980,691,获取帖子列表,200,,常规接口测试-50并发 1-23,text,true,,5517,179,36,41,http://localhost:8080/api/post/list?pageNum=1&pageSize=10,668,0,0
1777734699384,296,高级筛选搜索,200,,常规接口测试-50并发 1-22,text,true,,5782,232,36,41,http://localhost:8080/api/post/list/filter?category=运动健身&pageNum=1&pageSize=10,272,0,0
1777734699489,201,用户登录,200,,常规接口测试-50并发 1-21,text,true,,319,218,36,41,http://localhost:8080/api/auth/login,179,0,0
1777734699387,305,高级筛选搜索,200,,常规接口测试-50并发 1-15,text,true,,5782,232,36,41,http://localhost:8080/api/post/list/filter?category=运动健身&pageNum=1&pageSize=10,283,0,1
1777734699404,293,高级筛选搜索,200,,常规接口测试-50并发 1-43,text,true,,5782,232,35,40,http://localhost:8080/api/post/list/filter?category=运动健身&pageNum=1&pageSize=10,271,0,1
1777734699492,207,用户注册,200,,常规接口测试-50并发 1-40,text,true,,724,253,35,40,http://localhost:8080/api/auth/register,185,0,0
1777734699413,302,高级筛选搜索,200,,常规接口测试-50并发 1-33,text,true,,5782,232,35,40,http://localhost:8080/api/post/list/filter?category=运动健身&pageNum=1&pageSize=10,271,0,0
1777734699501,216,用户注册,200,,常规接口测试-50并发 1-41,text,true,,724,253,35,40,http://localhost:8080/api/auth/register,184,0,0
1777734699481,254,关键词搜索,400,,常规接口测试-50并发 1-34,text,false,,332,183,35,40,http://localhost:8080/api/search/keyword?q=篮球,217,0,0
1777734699527,222,用户登录,200,,常规接口测试-50并发 1-37,text,true,,319,218,35,40,http://localhost:8080/api/auth/login,181,0,0
1777734699541,211,用户登录,200,,常规接口测试-50并发 1-27,text,true,,319,218,35,40,http://localhost:8080/api/auth/login,172,0,0
1777734699553,235,用户注册,200,,常规接口测试-50并发 1-30,text,true,,724,253,35,40,http://localhost:8080/api/auth/register,204,0,0
1777734699564,230,用户登录,200,,常规接口测试-50并发 1-29,text,true,,319,218,35,40,http://localhost:8080/api/auth/login,202,0,0
1777734699568,240,用户登录,200,,常规接口测试-50并发 1-28,text,true,,319,218,35,40,http://localhost:8080/api/auth/login,208,0,0
1777734699590,252,用户登录,200,,常规接口测试-50并发 1-39,text,true,,319,218,35,40,http://localhost:8080/api/auth/login,214,0,0
1777734699586,263,用户注册,200,,常规接口测试-50并发 1-45,text,true,,724,253,35,40,http://localhost:8080/api/auth/register,225,0,0
1777734699607,249,用户登录,200,,常规接口测试-50并发 1-38,text,true,,319,218,35,40,http://localhost:8080/api/auth/login,211,0,0
1777734699603,258,用户注册,200,,常规接口测试-50并发 1-44,text,true,,724,253,35,40,http://localhost:8080/api/auth/register,221,0,0
1777734699519,349,高级筛选搜索,200,,常规接口测试-50并发 1-47,text,true,,5782,232,35,40,http://localhost:8080/api/post/list/filter?category=运动健身&pageNum=1&pageSize=10,317,0,0
1777734699629,249,用户注册,200,,常规接口测试-50并发 1-42,text,true,,722,251,35,40,http://localhost:8080/api/auth/register,226,0,0
1777734699563,326,高级筛选搜索,200,,常规接口测试-50并发 1-48,text,true,,5782,232,35,40,http://localhost:8080/api/post/list/filter?category=运动健身&pageNum=1&pageSize=10,309,0,0
1777734699643,255,用户注册,200,,常规接口测试-50并发 1-31,text,true,,724,253,35,40,http://localhost:8080/api/auth/register,237,0,0
1777734699624,282,关键词搜索,400,,常规接口测试-50并发 1-49,text,false,,332,183,35,40,http://localhost:8080/api/search/keyword?q=篮球,262,0,0
1777734699660,247,用户注册,200,,常规接口测试-50并发 1-32,text,true,,724,253,35,40,http://localhost:8080/api/auth/register,227,0,0
1777734699579,332,高级筛选搜索,200,,常规接口测试-50并发 1-16,text,true,,5782,232,35,40,http://localhost:8080/api/post/list/filter?category=运动健身&pageNum=1&pageSize=10,312,0,1
1777734699147,767,获取帖子列表,200,,常规接口测试-50并发 1-24,text,true,,5517,179,34,39,http://localhost:8080/api/post/list?pageNum=1&pageSize=10,747,0,0
1777734699667,248,用户注册,200,,常规接口测试-50并发 1-46,text,true,,724,253,34,39,http://localhost:8080/api/auth/register,227,0,0
1777734699680,241,用户注册,200,,常规接口测试-50并发 1-22,text,true,,724,253,34,39,http://localhost:8080/api/auth/register,220,0,0
1777734699717,205,用户登录,200,,常规接口测试-50并发 1-41,text,true,,319,218,34,39,http://localhost:8080/api/auth/login,185,0,0
1777734699671,253,关键词搜索,400,,常规接口测试-50并发 1-23,text,false,,332,183,34,39,http://localhost:8080/api/search/keyword?q=篮球,234,0,0
1777734699699,234,用户登录,200,,常规接口测试-50并发 1-40,text,true,,319,218,34,39,http://localhost:8080/api/auth/login,214,0,0
1777734699697,244,用户注册,200,,常规接口测试-50并发 1-43,text,true,,721,252,34,39,http://localhost:8080/api/auth/register,219,0,0
1777734699185,765,获取帖子列表,200,,常规接口测试-50并发 1-17,text,true,,5517,179,34,39,http://localhost:8080/api/post/list?pageNum=1&pageSize=10,738,0,0
1777734699715,245,用户注册,200,,常规接口测试-50并发 1-33,text,true,,722,253,34,39,http://localhost:8080/api/auth/register,217,0,0
1777734699218,785,获取帖子列表,200,,常规接口测试-50并发 1-35,text,true,,5517,179,34,39,http://localhost:8080/api/post/list?pageNum=1&pageSize=10,748,0,0
1777734699789,226,用户登录,200,,常规接口测试-50并发 1-30,text,true,,319,218,34,39,http://localhost:8080/api/auth/login,194,0,0
1777734699242,799,获取帖子列表,200,,常规接口测试-50并发 1-50,text,true,,5517,179,34,39,http://localhost:8080/api/post/list?pageNum=1&pageSize=10,776,0,0
1777734699850,207,用户登录,200,,常规接口测试-50并发 1-45,text,true,,319,218,34,39,http://localhost:8080/api/auth/login,181,0,0
1777734699868,201,用户注册,200,,常规接口测试-50并发 1-47,text,true,,724,253,34,39,http://localhost:8080/api/auth/register,170,0,0
1777734699861,214,用户登录,200,,常规接口测试-50并发 1-44,text,true,,319,218,34,39,http://localhost:8080/api/auth/login,184,0,0
1777734699878,199,用户登录,200,,常规接口测试-50并发 1-42,text,true,,319,218,34,39,http://localhost:8080/api/auth/login,167,0,0
1777734699736,362,高级筛选搜索,200,,常规接口测试-50并发 1-34,text,true,,5782,232,34,39,http://localhost:8080/api/post/list/filter?category=运动健身&pageNum=1&pageSize=10,338,0,0
1777734699889,220,用户注册,200,,常规接口测试-50并发 1-48,text,true,,724,253,34,39,http://localhost:8080/api/auth/register,197,0,0
1777734699898,225,用户登录,200,,常规接口测试-50并发 1-31,text,true,,319,218,34,39,http://localhost:8080/api/auth/login,204,0,0
1777734699908,220,用户登录,200,,常规接口测试-50并发 1-32,text,true,,319,218,34,39,http://localhost:8080/api/auth/login,200,0,0
1777734699915,216,用户登录,200,,常规接口测试-50并发 1-46,text,true,,319,218,34,39,http://localhost:8080/api/auth/login,195,0,0
1777734699921,215,用户登录,200,,常规接口测试-50并发 1-22,text,true,,319,218,34,39,http://localhost:8080/api/auth/login,198,0,0
1777734699941,214,用户登录,200,,常规接口测试-50并发 1-43,text,true,,319,218,34,39,http://localhost:8080/api/auth/login,191,0,0
1777734699915,255,关键词搜索,400,,常规接口测试-50并发 1-24,text,false,,332,183,34,39,http://localhost:8080/api/search/keyword?q=篮球,229,0,0
1777734699960,218,用户登录,200,,常规接口测试-50并发 1-33,text,true,,319,218,34,39,http://localhost:8080/api/auth/login,193,0,0
1777734699950,263,关键词搜索,400,,常规接口测试-50并发 1-17,text,false,,332,183,34,39,http://localhost:8080/api/search/keyword?q=篮球,229,0,0
1777734699400,868,获取帖子列表,200,,常规接口测试-50并发 1-18,text,true,,5517,179,34,39,http://localhost:8080/api/post/list?pageNum=1&pageSize=10,833,0,0
1777734700003,271,关键词搜索,400,,常规接口测试-50并发 1-35,text,false,,332,183,34,39,http://localhost:8080/api/search/keyword?q=篮球,238,0,0
1777734699906,390,高级筛选搜索,200,,常规接口测试-50并发 1-49,text,true,,5782,232,34,39,http://localhost:8080/api/post/list/filter?category=运动健身&pageNum=1&pageSize=10,359,0,1
1777734700070,235,用户登录,200,,常规接口测试-50并发 1-47,text,true,,319,218,34,39,http://localhost:8080/api/auth/login,201,0,0
1777734700041,327,关键词搜索,400,,常规接口测试-50并发 1-50,text,false,,332,183,34,39,http://localhost:8080/api/search/keyword?q=篮球,249,0,0
1777734699924,448,高级筛选搜索,200,,常规接口测试-50并发 1-23,text,true,,5782,232,34,39,http://localhost:8080/api/post/list/filter?category=运动健身&pageNum=1&pageSize=10,369,0,1
1777734700099,306,用户注册,200,,常规接口测试-50并发 1-34,text,true,,724,253,34,39,http://localhost:8080/api/auth/register,207,0,0
1777734700109,314,用户登录,200,,常规接口测试-50并发 1-48,text,true,,319,218,34,39,http://localhost:8080/api/auth/login,252,0,0
1777734699470,984,获取帖子列表,200,,常规接口测试-50并发 1-20,text,true,,5517,179,34,39,http://localhost:8080/api/post/list?pageNum=1&pageSize=10,944,0,0
1777734699480,983,获取帖子列表,200,,常规接口测试-50并发 1-19,text,true,,5517,179,34,39,http://localhost:8080/api/post/list?pageNum=1&pageSize=10,947,0,0
1777734699495,1067,获取帖子列表,200,,常规接口测试-50并发 1-36,text,true,,5517,179,34,39,http://localhost:8080/api/post/list?pageNum=1&pageSize=10,1037,0,0
1777734699553,1013,获取帖子列表,200,,常规接口测试-50并发 1-26,text,true,,5517,179,34,39,http://localhost:8080/api/post/list?pageNum=1&pageSize=10,982,0,0
1777734699525,1048,获取帖子列表,200,,常规接口测试-50并发 1-25,text,true,,5517,179,34,39,http://localhost:8080/api/post/list?pageNum=1&pageSize=10,1013,0,0
1777734700269,364,关键词搜索,400,,常规接口测试-50并发 1-18,text,false,,332,183,34,39,http://localhost:8080/api/search/keyword?q=篮球,344,0,0
1777734700171,463,高级筛选搜索,200,,常规接口测试-50并发 1-24,text,true,,5782,232,34,39,http://localhost:8080/api/post/list/filter?category=运动健身&pageNum=1&pageSize=10,445,0,0
1777734700296,341,用户注册,200,,常规接口测试-50并发 1-49,text,true,,723,252,34,39,http://localhost:8080/api/auth/register,320,0,0
1777734700405,237,用户登录,200,,常规接口测试-50并发 1-34,text,true,,319,218,34,39,http://localhost:8080/api/auth/login,217,0,0
1777734700372,277,用户注册,200,,常规接口测试-50并发 1-23,text,true,,724,253,34,39,http://localhost:8080/api/auth/register,257,0,0
1777734700213,452,高级筛选搜索,200,,常规接口测试-50并发 1-17,text,true,,5782,232,34,39,http://localhost:8080/api/post/list/filter?category=运动健身&pageNum=1&pageSize=10,434,0,1
1777734700463,220,关键词搜索,400,,常规接口测试-50并发 1-19,text,false,,332,183,33,38,http://localhost:8080/api/search/keyword?q=篮球,202,0,0
1777734700454,240,关键词搜索,400,,常规接口测试-50并发 1-20,text,false,,332,183,33,38,http://localhost:8080/api/search/keyword?q=篮球,222,0,0
1777734700562,178,关键词搜索,400,,常规接口测试-50并发 1-36,text,false,,332,183,33,38,http://localhost:8080/api/search/keyword?q=篮球,164,0,0
1777734700566,181,关键词搜索,400,,常规接口测试-50并发 1-26,text,false,,332,183,33,38,http://localhost:8080/api/search/keyword?q=篮球,165,0,0
1777734700573,178,关键词搜索,400,,常规接口测试-50并发 1-25,text,false,,332,183,33,38,http://localhost:8080/api/search/keyword?q=篮球,161,0,0
1777734700274,480,高级筛选搜索,200,,常规接口测试-50并发 1-35,text,true,,5782,232,33,38,http://localhost:8080/api/post/list/filter?category=运动健身&pageNum=1&pageSize=10,462,0,1
1777734700637,142,用户登录,200,,常规接口测试-50并发 1-49,text,true,,319,218,33,38,http://localhost:8080/api/auth/login,128,0,0
1777734700368,426,高级筛选搜索,200,,常规接口测试-50并发 1-50,text,true,,5782,232,33,38,http://localhost:8080/api/post/list/filter?category=运动健身&pageNum=1&pageSize=10,411,0,1
1777734700649,152,用户登录,200,,常规接口测试-50并发 1-23,text,true,,319,218,33,38,http://localhost:8080/api/auth/login,134,0,0
1777734699690,1115,获取帖子列表,200,,常规接口测试-50并发 1-21,text,true,,5517,179,33,38,http://localhost:8080/api/post/list?pageNum=1&pageSize=10,1096,0,0
1777734700635,174,用户注册,200,,常规接口测试-50并发 1-24,text,true,,724,253,33,38,http://localhost:8080/api/auth/register,155,0,0
1777734700754,139,用户注册,200,,常规接口测试-50并发 1-35,text,true,,724,253,33,38,http://localhost:8080/api/auth/register,126,0,0
1777734699753,1145,获取帖子列表,200,,常规接口测试-50并发 1-27,text,true,,5517,179,33,38,http://localhost:8080/api/post/list?pageNum=1&pageSize=10,1132,0,0
1777734699750,1152,获取帖子列表,200,,常规接口测试-50并发 1-37,text,true,,5517,179,33,38,http://localhost:8080/api/post/list?pageNum=1&pageSize=10,1139,0,0
1777734700809,164,用户登录,200,,常规接口测试-50并发 1-24,text,true,,319,218,33,38,http://localhost:8080/api/auth/login,112,0,0
1777734700806,183,关键词搜索,400,,常规接口测试-50并发 1-21,text,false,,332,183,33,38,http://localhost:8080/api/search/keyword?q=篮球,142,0,0
1777734700794,201,用户注册,200,,常规接口测试-50并发 1-50,text,true,,724,253,33,38,http://localhost:8080/api/auth/register,166,0,0
1777734699842,1195,获取帖子列表,200,,常规接口测试-50并发 1-39,text,true,,5517,179,33,38,http://localhost:8080/api/post/list?pageNum=1&pageSize=10,1175,0,0
1777734700633,435,高级筛选搜索,200,,常规接口测试-50并发 1-18,text,true,,5782,232,33,38,http://localhost:8080/api/post/list/filter?category=运动健身&pageNum=1&pageSize=10,408,0,1
1777734700893,219,用户登录,200,,常规接口测试-50并发 1-35,text,true,,319,218,32,37,http://localhost:8080/api/auth/login,186,0,0
1777734699808,1307,获取帖子列表,200,,常规接口测试-50并发 1-28,text,true,,5517,179,32,37,http://localhost:8080/api/post/list?pageNum=1&pageSize=10,1275,0,0
1777734699794,1334,获取帖子列表,200,,常规接口测试-50并发 1-29,text,true,,5517,179,32,37,http://localhost:8080/api/post/list?pageNum=1&pageSize=10,1298,0,0
1777734700694,474,高级筛选搜索,200,,常规接口测试-50并发 1-20,text,true,,5782,232,32,37,http://localhost:8080/api/post/list/filter?category=运动健身&pageNum=1&pageSize=10,443,0,1
1777734699856,1318,获取帖子列表,200,,常规接口测试-50并发 1-38,text,true,,5517,179,31,36,http://localhost:8080/api/post/list?pageNum=1&pageSize=10,1286,0,0
1777734700683,516,高级筛选搜索,200,,常规接口测试-50并发 1-19,text,true,,5782,232,31,36,http://localhost:8080/api/post/list/filter?category=运动健身&pageNum=1&pageSize=10,480,0,1
1777734700740,477,高级筛选搜索,200,,常规接口测试-50并发 1-36,text,true,,5782,232,30,35,http://localhost:8080/api/post/list/filter?category=运动健身&pageNum=1&pageSize=10,444,0,0
1777734700752,468,高级筛选搜索,200,,常规接口测试-50并发 1-25,text,true,,5782,232,30,35,http://localhost:8080/api/post/list/filter?category=运动健身&pageNum=1&pageSize=10,434,0,0
1777734700747,475,高级筛选搜索,200,,常规接口测试-50并发 1-26,text,true,,5782,232,30,35,http://localhost:8080/api/post/list/filter?category=运动健身&pageNum=1&pageSize=10,442,0,1
1777734700898,329,关键词搜索,400,,常规接口测试-50并发 1-27,text,false,,332,183,30,35,http://localhost:8080/api/search/keyword?q=篮球,296,0,0
1777734700902,333,关键词搜索,400,,常规接口测试-50并发 1-37,text,false,,332,183,30,35,http://localhost:8080/api/search/keyword?q=篮球,302,0,0
1777734700996,243,用户登录,200,,常规接口测试-50并发 1-50,text,true,,319,218,30,35,http://localhost:8080/api/auth/login,212,0,0
1777734699922,1348,获取帖子列表,200,,常规接口测试-50并发 1-41,text,true,,5517,179,30,35,http://localhost:8080/api/post/list?pageNum=1&pageSize=10,1329,0,0
1777734699933,1358,获取帖子列表,200,,常规接口测试-50并发 1-40,text,true,,5517,179,30,35,http://localhost:8080/api/post/list?pageNum=1&pageSize=10,1333,0,0
1777734701038,296,关键词搜索,400,,常规接口测试-50并发 1-39,text,false,,332,183,30,35,http://localhost:8080/api/search/keyword?q=篮球,271,0,0
1777734700989,348,高级筛选搜索,200,,常规接口测试-50并发 1-21,text,true,,5782,232,30,35,http://localhost:8080/api/post/list/filter?category=运动健身&pageNum=1&pageSize=10,324,0,1
1777734700015,1333,获取帖子列表,200,,常规接口测试-50并发 1-30,text,true,,5517,179,29,34,http://localhost:8080/api/post/list?pageNum=1&pageSize=10,1313,0,0
1777734700057,1292,获取帖子列表,200,,常规接口测试-50并发 1-45,text,true,,5517,179,29,34,http://localhost:8080/api/post/list?pageNum=1&pageSize=10,1273,0,0
1777734700075,1305,获取帖子列表,200,,常规接口测试-50并发 1-44,text,true,,5517,179,29,34,http://localhost:8080/api/post/list?pageNum=1&pageSize=10,1278,0,0
1777734701115,276,关键词搜索,400,,常规接口测试-50并发 1-28,text,false,,332,183,29,34,http://localhost:8080/api/search/keyword?q=篮球,247,0,0
1777734701128,270,关键词搜索,400,,常规接口测试-50并发 1-29,text,false,,332,183,29,34,http://localhost:8080/api/search/keyword?q=篮球,241,0,0
1777734700077,1328,获取帖子列表,200,,常规接口测试-50并发 1-42,text,true,,5517,179,29,34,http://localhost:8080/api/post/list?pageNum=1&pageSize=10,1299,0,0
1777734700123,1308,获取帖子列表,200,,常规接口测试-50并发 1-31,text,true,,5517,179,29,34,http://localhost:8080/api/post/list?pageNum=1&pageSize=10,1283,0,0
1777734700131,1302,获取帖子列表,200,,常规接口测试-50并发 1-46,text,true,,5517,179,29,34,http://localhost:8080/api/post/list?pageNum=1&pageSize=10,1279,0,0
1777734701218,216,用户注册,200,,常规接口测试-50并发 1-36,text,true,,724,253,29,34,http://localhost:8080/api/auth/register,194,0,0
1777734701220,214,用户注册,200,,常规接口测试-50并发 1-25,text,true,,724,253,29,34,http://localhost:8080/api/auth/register,193,0,0
1777734701223,213,用户注册,200,,常规接口测试-50并发 1-26,text,true,,724,253,29,34,http://localhost:8080/api/auth/register,193,0,0
1777734701174,262,关键词搜索,400,,常规接口测试-50并发 1-38,text,false,,332,183,29,34,http://localhost:8080/api/search/keyword?q=篮球,240,0,0
1777734700137,1300,获取帖子列表,200,,常规接口测试-50并发 1-22,text,true,,5517,179,29,34,http://localhost:8080/api/post/list?pageNum=1&pageSize=10,1280,0,0
1777734700129,1316,获取帖子列表,200,,常规接口测试-50并发 1-32,text,true,,5517,179,29,34,http://localhost:8080/api/post/list?pageNum=1&pageSize=10,1298,0,0
1777734700156,1305,获取帖子列表,200,,常规接口测试-50并发 1-43,text,true,,5517,179,29,34,http://localhost:8080/api/post/list?pageNum=1&pageSize=10,1284,0,0
1777734701227,274,高级筛选搜索,200,,常规接口测试-50并发 1-27,text,true,,5782,232,29,34,http://localhost:8080/api/post/list/filter?category=运动健身&pageNum=1&pageSize=10,250,0,1
1777734701235,271,高级筛选搜索,200,,常规接口测试-50并发 1-37,text,true,,5782,232,29,34,http://localhost:8080/api/post/list/filter?category=运动健身&pageNum=1&pageSize=10,248,0,1
1777734701270,236,关键词搜索,400,,常规接口测试-50并发 1-41,text,false,,332,183,29,34,http://localhost:8080/api/search/keyword?q=篮球,214,0,0
1777734700178,1329,获取帖子列表,200,,常规接口测试-50并发 1-33,text,true,,5517,179,29,34,http://localhost:8080/api/post/list?pageNum=1&pageSize=10,1310,0,0
1777734701291,229,关键词搜索,400,,常规接口测试-50并发 1-40,text,false,,332,183,29,34,http://localhost:8080/api/search/keyword?q=篮球,214,0,0
1777734700305,1231,获取帖子列表,200,,常规接口测试-50并发 1-47,text,true,,5517,179,29,34,http://localhost:8080/api/post/list?pageNum=1&pageSize=10,1213,0,0
1777734700423,1115,获取帖子列表,200,,常规接口测试-50并发 1-48,text,true,,5517,179,29,34,http://localhost:8080/api/post/list?pageNum=1&pageSize=10,1095,0,0
1777734701348,212,关键词搜索,400,,常规接口测试-50并发 1-30,text,false,,332,183,29,34,http://localhost:8080/api/search/keyword?q=篮球,195,0,0
1777734701350,213,关键词搜索,400,,常规接口测试-50并发 1-45,text,false,,332,183,29,34,http://localhost:8080/api/search/keyword?q=篮球,197,0,0
1777734701334,231,高级筛选搜索,200,,常规接口测试-50并发 1-39,text,true,,5782,232,29,34,http://localhost:8080/api/post/list/filter?category=运动健身&pageNum=1&pageSize=10,217,0,1
1777734701380,199,关键词搜索,400,,常规接口测试-50并发 1-44,text,false,,332,183,29,34,http://localhost:8080/api/search/keyword?q=篮球,186,0,0
1777734700643,938,获取帖子列表,200,,常规接口测试-50并发 1-34,text,true,,5517,179,29,34,http://localhost:8080/api/post/list?pageNum=1&pageSize=10,923,0,0
1777734701436,146,用户登录,200,,常规接口测试-50并发 1-26,text,true,,319,218,29,34,http://localhost:8080/api/auth/login,132,0,0
1777734701434,149,用户登录,200,,常规接口测试-50并发 1-25,text,true,,319,218,29,34,http://localhost:8080/api/auth/login,135,0,0
1777734701434,151,用户登录,200,,常规接口测试-50并发 1-36,text,true,,319,218,29,34,http://localhost:8080/api/auth/login,137,0,0
1777734701405,181,关键词搜索,400,,常规接口测试-50并发 1-42,text,false,,332,183,29,34,http://localhost:8080/api/search/keyword?q=篮球,171,0,0
1777734701433,156,关键词搜索,400,,常规接口测试-50并发 1-46,text,false,,332,183,29,34,http://localhost:8080/api/search/keyword?q=篮球,147,0,0
1777734701392,199,高级筛选搜索,200,,常规接口测试-50并发 1-28,text,true,,5782,232,29,34,http://localhost:8080/api/post/list/filter?category=运动健身&pageNum=1&pageSize=10,193,0,1
1777734701431,165,关键词搜索,400,,常规接口测试-50并发 1-31,text,false,,332,183,29,34,http://localhost:8080/api/search/keyword?q=篮球,157,0,0
1777734701398,198,高级筛选搜索,200,,常规接口测试-50并发 1-29,text,true,,5782,232,29,34,http://localhost:8080/api/post/list/filter?category=运动健身&pageNum=1&pageSize=10,190,0,1
1777734701437,161,关键词搜索,400,,常规接口测试-50并发 1-22,text,false,,332,183,29,34,http://localhost:8080/api/search/keyword?q=篮球,153,0,0
1777734701446,158,关键词搜索,400,,常规接口测试-50并发 1-32,text,false,,332,183,29,34,http://localhost:8080/api/search/keyword?q=篮球,146,0,0
1777734700802,818,获取帖子列表,200,,常规接口测试-50并发 1-23,text,true,,5517,179,29,34,http://localhost:8080/api/post/list?pageNum=1&pageSize=10,799,0,0
1777734701461,160,关键词搜索,400,,常规接口测试-50并发 1-43,text,false,,332,183,29,34,http://localhost:8080/api/search/keyword?q=篮球,141,0,0
1777734701502,123,用户注册,200,,常规接口测试-50并发 1-27,text,true,,724,253,29,34,http://localhost:8080/api/auth/register,105,0,0
1777734701436,189,高级筛选搜索,200,,常规接口测试-50并发 1-38,text,true,,5782,232,29,34,http://localhost:8080/api/post/list/filter?category=运动健身&pageNum=1&pageSize=10,172,0,1
1777734700779,847,获取帖子列表,200,,常规接口测试-50并发 1-49,text,true,,5517,179,29,34,http://localhost:8080/api/post/list?pageNum=1&pageSize=10,830,0,0
1777734701506,121,用户注册,200,,常规接口测试-50并发 1-37,text,true,,722,253,29,34,http://localhost:8080/api/auth/register,107,0,0
1777734700973,682,获取帖子列表,200,,常规接口测试-50并发 1-24,text,true,,5517,179,29,34,http://localhost:8080/api/post/list?pageNum=1&pageSize=10,662,0,0
1777734701507,151,关键词搜索,400,,常规接口测试-50并发 1-33,text,false,,332,183,29,34,http://localhost:8080/api/search/keyword?q=篮球,129,0,0
1777734701536,159,关键词搜索,400,,常规接口测试-50并发 1-47,text,false,,332,183,29,34,http://localhost:8080/api/search/keyword?q=篮球,133,0,0
1777734701506,192,高级筛选搜索,200,,常规接口测试-50并发 1-41,text,true,,5782,232,29,34,http://localhost:8080/api/post/list/filter?category=运动健身&pageNum=1&pageSize=10,167,0,1
1777734701565,135,用户注册,200,,常规接口测试-50并发 1-39,text,true,,724,253,29,34,http://localhost:8080/api/auth/register,110,0,0
1777734701538,165,关键词搜索,400,,常规接口测试-50并发 1-48,text,false,,332,183,29,34,http://localhost:8080/api/search/keyword?q=篮球,139,0,0
1777734701520,200,高级筛选搜索,200,,常规接口测试-50并发 1-40,text,true,,5782,232,29,34,http://localhost:8080/api/post/list/filter?category=运动健身&pageNum=1&pageSize=10,181,0,0
1777734701591,136,用户注册,200,,常规接口测试-50并发 1-28,text,true,,724,253,29,34,http://localhost:8080/api/auth/register,136,0,0
1777734701112,623,获取帖子列表,200,,常规接口测试-50并发 1-35,text,true,,5517,179,29,34,http://localhost:8080/api/post/list?pageNum=1&pageSize=10,613,0,0
1777734701563,174,高级筛选搜索,200,,常规接口测试-50并发 1-45,text,true,,5782,232,29,34,http://localhost:8080/api/post/list/filter?category=运动健身&pageNum=1&pageSize=10,163,0,1
1777734701560,178,高级筛选搜索,200,,常规接口测试-50并发 1-30,text,true,,5782,232,29,34,http://localhost:8080/api/post/list/filter?category=运动健身&pageNum=1&pageSize=10,167,0,1
1777734701581,158,关键词搜索,400,,常规接口测试-50并发 1-34,text,false,,332,183,29,34,http://localhost:8080/api/search/keyword?q=篮球,148,0,0
1777734701597,145,用户注册,200,,常规接口测试-50并发 1-29,text,true,,724,253,29,34,http://localhost:8080/api/auth/register,135,0,0
1777734701627,125,用户登录,200,,常规接口测试-50并发 1-37,text,true,,319,218,29,34,http://localhost:8080/api/auth/login,113,0,0
1777734701579,181,高级筛选搜索,200,,常规接口测试-50并发 1-44,text,true,,5782,232,29,34,http://localhost:8080/api/post/list/filter?category=运动健身&pageNum=1&pageSize=10,166,0,0
1777734701587,179,高级筛选搜索,200,,常规接口测试-50并发 1-42,text,true,,5782,232,29,34,http://localhost:8080/api/post/list/filter?category=运动健身&pageNum=1&pageSize=10,165,0,0
1777734701625,142,用户登录,200,,常规接口测试-50并发 1-27,text,true,,319,218,29,34,http://localhost:8080/api/auth/login,131,0,0
1777734701626,148,用户注册,200,,常规接口测试-50并发 1-38,text,true,,724,253,29,34,http://localhost:8080/api/auth/register,136,0,0
1777734701589,186,高级筛选搜索,200,,常规接口测试-50并发 1-46,text,true,,5782,232,29,34,http://localhost:8080/api/post/list/filter?category=运动健身&pageNum=1&pageSize=10,173,0,1
1777734701620,163,关键词搜索,400,,常规接口测试-50并发 1-23,text,false,,332,183,29,34,http://localhost:8080/api/search/keyword?q=篮球,151,0,0
1777734701626,159,关键词搜索,400,,常规接口测试-50并发 1-49,text,false,,332,183,29,34,http://localhost:8080/api/search/keyword?q=篮球,149,0,0
1777734701655,140,关键词搜索,400,,常规接口测试-50并发 1-24,text,false,,332,183,29,34,http://localhost:8080/api/search/keyword?q=篮球,129,0,0
1777734701239,561,获取帖子列表,200,,常规接口测试-50并发 1-50,text,true,,5517,179,29,34,http://localhost:8080/api/post/list?pageNum=1&pageSize=10,547,0,0
1777734701598,204,高级筛选搜索,200,,常规接口测试-50并发 1-22,text,true,,5782,232,29,34,http://localhost:8080/api/post/list/filter?category=运动健身&pageNum=1&pageSize=10,191,0,1
1777734701621,184,高级筛选搜索,200,,常规接口测试-50并发 1-43,text,true,,5782,232,28,33,http://localhost:8080/api/post/list/filter?category=运动健身&pageNum=1&pageSize=10,171,0,0
1777734701596,210,高级筛选搜索,200,,常规接口测试-50并发 1-31,text,true,,5782,232,28,33,http://localhost:8080/api/post/list/filter?category=运动健身&pageNum=1&pageSize=10,198,0,1
1777734701700,116,用户登录,200,,常规接口测试-50并发 1-39,text,true,,319,218,28,33,http://localhost:8080/api/auth/login,101,0,0
1777734701605,213,高级筛选搜索,200,,常规接口测试-50并发 1-32,text,true,,5782,232,28,33,http://localhost:8080/api/post/list/filter?category=运动健身&pageNum=1&pageSize=10,197,0,0
1777734701698,123,用户注册,200,,常规接口测试-50并发 1-41,text,true,,724,253,28,33,http://localhost:8080/api/auth/register,106,0,0
1777734701720,110,用户注册,200,,常规接口测试-50并发 1-40,text,true,,724,253,28,33,http://localhost:8080/api/auth/register,91,0,0
1777734701728,107,用户登录,200,,常规接口测试-50并发 1-28,text,true,,319,218,28,33,http://localhost:8080/api/auth/login,95,0,0
1777734701743,107,用户登录,200,,常规接口测试-50并发 1-29,text,true,,319,218,28,33,http://localhost:8080/api/auth/login,96,0,0
1777734701737,113,用户注册,200,,常规接口测试-50并发 1-45,text,true,,724,253,28,33,http://localhost:8080/api/auth/register,102,0,0
1777734701738,115,用户注册,200,,常规接口测试-50并发 1-30,text,true,,724,253,28,33,http://localhost:8080/api/auth/register,104,0,0
1777734701658,198,高级筛选搜索,200,,常规接口测试-50并发 1-33,text,true,,5782,232,28,33,http://localhost:8080/api/post/list/filter?category=运动健身&pageNum=1&pageSize=10,186,0,1
1777734701735,126,关键词搜索,400,,常规接口测试-50并发 1-35,text,false,,332,183,28,33,http://localhost:8080/api/search/keyword?q=篮球,114,0,0
1777734701760,102,用户注册,200,,常规接口测试-50并发 1-44,text,true,,724,253,28,33,http://localhost:8080/api/auth/register,89,0,0
1777734701695,176,高级筛选搜索,200,,常规接口测试-50并发 1-47,text,true,,5782,232,28,33,http://localhost:8080/api/post/list/filter?category=运动健身&pageNum=1&pageSize=10,161,0,1
1777734701703,172,高级筛选搜索,200,,常规接口测试-50并发 1-48,text,true,,5782,232,28,33,http://localhost:8080/api/post/list/filter?category=运动健身&pageNum=1&pageSize=10,155,0,2
1777734701775,100,用户注册,200,,常规接口测试-50并发 1-46,text,true,,722,253,28,33,http://localhost:8080/api/auth/register,84,0,0
1777734701766,115,用户注册,200,,常规接口测试-50并发 1-42,text,true,,724,253,28,33,http://localhost:8080/api/auth/register,100,0,0
1777734701774,108,用户登录,200,,常规接口测试-50并发 1-38,text,true,,319,218,28,33,http://localhost:8080/api/auth/login,95,0,0
1777734701740,194,高级筛选搜索,200,,常规接口测试-50并发 1-34,text,true,,5782,232,28,33,http://localhost:8080/api/post/list/filter?category=运动健身&pageNum=1&pageSize=10,171,0,0
1777734701831,122,用户登录,200,,常规接口测试-50并发 1-40,text,true,,319,218,28,33,http://localhost:8080/api/auth/login,121,0,0
1777734701805,151,用户注册,200,,常规接口测试-50并发 1-43,text,true,,724,253,28,33,http://localhost:8080/api/auth/register,131,0,0
1777734701806,152,用户注册,200,,常规接口测试-50并发 1-31,text,true,,724,253,28,33,http://localhost:8080/api/auth/register,131,0,0
1777734701822,141,用户登录,200,,常规接口测试-50并发 1-41,text,true,,319,218,28,33,http://localhost:8080/api/auth/login,120,0,0
1777734701800,168,关键词搜索,400,,常规接口测试-50并发 1-50,text,false,,332,183,28,33,http://localhost:8080/api/search/keyword?q=篮球,146,0,0
1777734701818,161,用户注册,200,,常规接口测试-50并发 1-32,text,true,,724,253,28,33,http://localhost:8080/api/auth/register,132,0,0
1777734701786,238,高级筛选搜索,200,,常规接口测试-50并发 1-49,text,true,,5782,232,28,33,http://localhost:8080/api/post/list/filter?category=运动健身&pageNum=1&pageSize=10,214,0,0
1777734701784,244,高级筛选搜索,200,,常规接口测试-50并发 1-23,text,true,,5782,232,28,33,http://localhost:8080/api/post/list/filter?category=运动健身&pageNum=1&pageSize=10,220,0,0
1777734701850,182,用户登录,200,,常规接口测试-50并发 1-45,text,true,,319,218,27,32,http://localhost:8080/api/auth/login,156,0,0
1777734701854,180,用户登录,200,,常规接口测试-50并发 1-30,text,true,,319,218,27,32,http://localhost:8080/api/auth/login,155,0,0
1777734701795,240,高级筛选搜索,200,,常规接口测试-50并发 1-24,text,true,,5782,232,27,32,http://localhost:8080/api/post/list/filter?category=运动健身&pageNum=1&pageSize=10,216,0,1
1777734701856,185,用户注册,200,,常规接口测试-50并发 1-33,text,true,,724,253,26,31,http://localhost:8080/api/auth/register,166,0,0
1777734701862,184,用户登录,200,,常规接口测试-50并发 1-44,text,true,,319,218,26,31,http://localhost:8080/api/auth/login,165,0,0
1777734701871,188,用户注册,200,,常规接口测试-50并发 1-47,text,true,,724,253,26,31,http://localhost:8080/api/auth/register,169,0,0
1777734701876,184,用户登录,200,,常规接口测试-50并发 1-46,text,true,,319,218,26,31,http://localhost:8080/api/auth/login,166,0,0
1777734701875,190,用户注册,200,,常规接口测试-50并发 1-48,text,true,,724,253,26,31,http://localhost:8080/api/auth/register,173,0,0
1777734701881,186,用户登录,200,,常规接口测试-50并发 1-42,text,true,,319,218,26,31,http://localhost:8080/api/auth/login,167,0,0
1777734701934,196,用户注册,200,,常规接口测试-50并发 1-34,text,true,,724,253,26,31,http://localhost:8080/api/auth/register,173,0,0
1777734701957,177,用户登录,200,,常规接口测试-50并发 1-43,text,true,,319,218,26,31,http://localhost:8080/api/auth/login,154,0,0
1777734701958,180,用户登录,200,,常规接口测试-50并发 1-31,text,true,,319,218,26,31,http://localhost:8080/api/auth/login,158,0,0
1777734701861,285,高级筛选搜索,200,,常规接口测试-50并发 1-35,text,true,,5782,232,26,31,http://localhost:8080/api/post/list/filter?category=运动健身&pageNum=1&pageSize=10,261,0,1
1777734701979,183,用户登录,200,,常规接口测试-50并发 1-32,text,true,,319,218,26,31,http://localhost:8080/api/auth/login,157,0,0
1777734702024,172,用户注册,200,,常规接口测试-50并发 1-49,text,true,,724,253,26,31,http://localhost:8080/api/auth/register,148,0,0
1777734702042,174,用户登录,200,,常规接口测试-50并发 1-33,text,true,,319,218,26,31,http://localhost:8080/api/auth/login,150,0,0
1777734702059,165,用户登录,200,,常规接口测试-50并发 1-47,text,true,,319,218,26,31,http://localhost:8080/api/auth/login,148,0,0
1777734701582,646,获取帖子列表,200,,常规接口测试-50并发 1-26,text,true,,5517,179,26,31,http://localhost:8080/api/post/list?pageNum=1&pageSize=10,631,0,0
1777734702066,167,用户登录,200,,常规接口测试-50并发 1-48,text,true,,319,218,26,31,http://localhost:8080/api/auth/login,155,0,0
1777734701585,653,获取帖子列表,200,,常规接口测试-50并发 1-36,text,true,,5517,179,26,31,http://localhost:8080/api/post/list?pageNum=1&pageSize=10,638,0,0
1777734701968,291,高级筛选搜索,200,,常规接口测试-50并发 1-50,text,true,,5782,232,26,31,http://localhost:8080/api/post/list/filter?category=运动健身&pageNum=1&pageSize=10,267,0,1
1777734701584,682,获取帖子列表,200,,常规接口测试-50并发 1-25,text,true,,5517,179,26,31,http://localhost:8080/api/post/list?pageNum=1&pageSize=10,661,0,0
1777734702130,186,用户登录,200,,常规接口测试-50并发 1-34,text,true,,319,218,26,31,http://localhost:8080/api/auth/login,169,0,0
1777734702146,187,用户注册,200,,常规接口测试-50并发 1-35,text,true,,724,253,26,31,http://localhost:8080/api/auth/register,171,0,0
1777734702196,174,用户登录,200,,常规接口测试-50并发 1-49,text,true,,319,218,26,31,http://localhost:8080/api/auth/login,152,0,0
1777734702229,215,关键词搜索,400,,常规接口测试-50并发 1-26,text,false,,332,183,26,31,http://localhost:8080/api/search/keyword?q=篮球,193,0,0
1777734702259,188,用户注册,200,,常规接口测试-50并发 1-50,text,true,,724,253,26,31,http://localhost:8080/api/auth/register,172,0,0
1777734702238,209,关键词搜索,400,,常规接口测试-50并发 1-36,text,false,,332,183,26,31,http://localhost:8080/api/search/keyword?q=篮球,190,0,0
1777734702267,195,关键词搜索,400,,常规接口测试-50并发 1-25,text,false,,332,183,26,31,http://localhost:8080/api/search/keyword?q=篮球,187,0,0
1777734702334,146,用户登录,200,,常规接口测试-50并发 1-35,text,true,,319,218,26,31,http://localhost:8080/api/auth/login,136,0,0
1777734701753,757,获取帖子列表,200,,常规接口测试-50并发 1-37,text,true,,5517,179,26,31,http://localhost:8080/api/post/list?pageNum=1&pageSize=10,748,0,0
1777734701767,757,获取帖子列表,200,,常规接口测试-50并发 1-27,text,true,,5517,179,26,31,http://localhost:8080/api/post/list?pageNum=1&pageSize=10,752,0,0
1777734702448,77,用户登录,200,,常规接口测试-50并发 1-50,text,true,,319,218,26,31,http://localhost:8080/api/auth/login,73,0,0
1777734702511,52,关键词搜索,400,,常规接口测试-50并发 1-37,text,false,,332,183,26,31,http://localhost:8080/api/search/keyword?q=篮球,48,0,0
1777734702524,49,关键词搜索,400,,常规接口测试-50并发 1-27,text,false,,332,183,26,31,http://localhost:8080/api/search/keyword?q=篮球,45,0,0
1777734701816,792,获取帖子列表,200,,常规接口测试-50并发 1-39,text,true,,5517,179,26,31,http://localhost:8080/api/post/list?pageNum=1&pageSize=10,792,0,0
1777734702608,23,关键词搜索,400,,常规接口测试-50并发 1-39,text,false,,332,183,26,31,http://localhost:8080/api/search/keyword?q=篮球,19,0,0
1777734701835,804,获取帖子列表,200,,常规接口测试-50并发 1-28,text,true,,5517,179,26,31,http://localhost:8080/api/post/list?pageNum=1&pageSize=10,799,0,0
1777734702640,18,关键词搜索,400,,常规接口测试-50并发 1-28,text,false,,332,183,26,31,http://localhost:8080/api/search/keyword?q=篮球,18,0,0
1777734702444,245,高级筛选搜索,200,,常规接口测试-50并发 1-26,text,true,,5782,232,26,31,http://localhost:8080/api/post/list/filter?category=运动健身&pageNum=1&pageSize=10,244,0,1
1777734702462,251,高级筛选搜索,200,,常规接口测试-50并发 1-25,text,true,,5782,232,25,30,http://localhost:8080/api/post/list/filter?category=运动健身&pageNum=1&pageSize=10,247,0,1
1777734702448,268,高级筛选搜索,200,,常规接口测试-50并发 1-36,text,true,,5782,232,24,29,http://localhost:8080/api/post/list/filter?category=运动健身&pageNum=1&pageSize=10,263,0,0
1777734701850,889,获取帖子列表,200,,常规接口测试-50并发 1-29,text,true,,5517,179,24,29,http://localhost:8080/api/post/list?pageNum=1&pageSize=10,885,0,0
1777734702716,47,用户注册,200,,常规接口测试-50并发 1-36,text,true,,724,253,24,29,http://localhost:8080/api/auth/register,43,0,0
1777734702739,25,关键词搜索,400,,常规接口测试-50并发 1-29,text,false,,332,183,24,29,http://localhost:8080/api/search/keyword?q=篮球,22,0,0
1777734702573,210,高级筛选搜索,200,,常规接口测试-50并发 1-27,text,true,,5782,232,24,29,http://localhost:8080/api/post/list/filter?category=运动健身&pageNum=1&pageSize=10,206,0,1
1777734702763,27,用户登录,200,,常规接口测试-50并发 1-36,text,true,,319,218,23,28,http://localhost:8080/api/auth/login,26,0,0
1777734702563,248,高级筛选搜索,200,,常规接口测试-50并发 1-37,text,true,,5782,232,23,28,http://localhost:8080/api/post/list/filter?category=运动健身&pageNum=1&pageSize=10,246,0,1
1777734702631,212,高级筛选搜索,200,,常规接口测试-50并发 1-39,text,true,,5782,232,23,28,http://localhost:8080/api/post/list/filter?category=运动健身&pageNum=1&pageSize=10,211,0,1
1777734702811,44,用户注册,200,,常规接口测试-50并发 1-37,text,true,,724,253,23,28,http://localhost:8080/api/auth/register,41,0,0
1777734702659,210,高级筛选搜索,200,,常规接口测试-50并发 1-28,text,true,,5782,232,23,28,http://localhost:8080/api/post/list/filter?category=运动健身&pageNum=1&pageSize=10,210,0,0
1777734701882,996,获取帖子列表,200,,常规接口测试-50并发 1-38,text,true,,5517,179,22,27,http://localhost:8080/api/post/list?pageNum=1&pageSize=10,993,0,0
1777734702855,26,用户登录,200,,常规接口测试-50并发 1-37,text,true,,319,218,22,27,http://localhost:8080/api/auth/login,22,0,0
1777734702843,51,用户注册,200,,常规接口测试-50并发 1-39,text,true,,724,253,22,27,http://localhost:8080/api/auth/register,48,0,0
1777734702879,34,关键词搜索,400,,常规接口测试-50并发 1-38,text,false,,332,183,22,27,http://localhost:8080/api/search/keyword?q=篮球,33,0,0
1777734702894,34,用户登录,200,,常规接口测试-50并发 1-39,text,true,,319,218,22,27,http://localhost:8080/api/auth/login,32,0,0
1777734701953,1006,获取帖子列表,200,,常规接口测试-50并发 1-40,text,true,,5517,179,22,27,http://localhost:8080/api/post/list?pageNum=1&pageSize=10,1003,0,0
1777734701963,1003,获取帖子列表,200,,常规接口测试-50并发 1-41,text,true,,5517,179,22,27,http://localhost:8080/api/post/list?pageNum=1&pageSize=10,1000,0,0
1777734702764,225,高级筛选搜索,200,,常规接口测试-50并发 1-29,text,true,,5782,232,22,27,http://localhost:8080/api/post/list/filter?category=运动健身&pageNum=1&pageSize=10,220,0,0
1777734702959,33,关键词搜索,400,,常规接口测试-50并发 1-40,text,false,,332,183,21,26,http://localhost:8080/api/search/keyword?q=篮球,28,0,0
1777734702966,36,关键词搜索,400,,常规接口测试-50并发 1-41,text,false,,332,183,21,26,http://localhost:8080/api/search/keyword?q=篮球,32,0,0
1777734702034,986,获取帖子列表,200,,常规接口测试-50并发 1-30,text,true,,5517,179,21,26,http://localhost:8080/api/post/list?pageNum=1&pageSize=10,984,0,0
1777734702032,1006,获取帖子列表,200,,常规接口测试-50并发 1-45,text,true,,5517,179,21,26,http://localhost:8080/api/post/list?pageNum=1&pageSize=10,1004,0,0
1777734703021,35,关键词搜索,400,,常规接口测试-50并发 1-30,text,false,,332,183,21,26,http://localhost:8080/api/search/keyword?q=篮球,30,0,0
1777734702060,1044,获取帖子列表,200,,常规接口测试-50并发 1-46,text,true,,5517,179,21,26,http://localhost:8080/api/post/list?pageNum=1&pageSize=10,1038,0,0
1777734702046,1060,获取帖子列表,200,,常规接口测试-50并发 1-44,text,true,,5517,179,21,26,http://localhost:8080/api/post/list?pageNum=1&pageSize=10,1052,0,0
1777734703038,87,关键词搜索,400,,常规接口测试-50并发 1-45,text,false,,332,183,21,26,http://localhost:8080/api/search/keyword?q=篮球,73,0,0
1777734702067,1080,获取帖子列表,200,,常规接口测试-50并发 1-42,text,true,,5517,179,21,26,http://localhost:8080/api/post/list?pageNum=1&pageSize=10,1067,0,0
1777734702913,244,高级筛选搜索,200,,常规接口测试-50并发 1-38,text,true,,5782,232,21,26,http://localhost:8080/api/post/list/filter?category=运动健身&pageNum=1&pageSize=10,237,0,0
1777734703107,84,关键词搜索,400,,常规接口测试-50并发 1-44,text,false,,332,183,21,26,http://localhost:8080/api/search/keyword?q=篮球,77,0,0
1777734703104,90,关键词搜索,400,,常规接口测试-50并发 1-46,text,false,,332,183,21,26,http://localhost:8080/api/search/keyword?q=篮球,82,0,0
1777734702993,203,高级筛选搜索,200,,常规接口测试-50并发 1-40,text,true,,5782,232,21,26,http://localhost:8080/api/post/list/filter?category=运动健身&pageNum=1&pageSize=10,195,0,0
1777734703002,202,高级筛选搜索,200,,常规接口测试-50并发 1-41,text,true,,5782,232,21,26,http://localhost:8080/api/post/list/filter?category=运动健身&pageNum=1&pageSize=10,194,0,2
1777734702134,1072,获取帖子列表,200,,常规接口测试-50并发 1-43,text,true,,5517,179,21,26,http://localhost:8080/api/post/list?pageNum=1&pageSize=10,1064,0,0
1777734703147,81,关键词搜索,400,,常规接口测试-50并发 1-42,text,false,,332,183,21,26,http://localhost:8080/api/search/keyword?q=篮球,66,0,0
1777734702138,1094,获取帖子列表,200,,常规接口测试-50并发 1-31,text,true,,5517,179,21,26,http://localhost:8080/api/post/list?pageNum=1&pageSize=10,1078,0,0
1777734702162,1073,获取帖子列表,200,,常规接口测试-50并发 1-32,text,true,,5517,179,21,26,http://localhost:8080/api/post/list?pageNum=1&pageSize=10,1058,0,0
1777734703157,92,用户注册,200,,常规接口测试-50并发 1-38,text,true,,724,253,21,26,http://localhost:8080/api/auth/register,85,0,0
1777734703056,208,高级筛选搜索,200,,常规接口测试-50并发 1-30,text,true,,5782,232,21,26,http://localhost:8080/api/post/list/filter?category=运动健身&pageNum=1&pageSize=10,200,0,1
1777734703196,89,用户注册,200,,常规接口测试-50并发 1-40,text,true,,721,252,20,25,http://localhost:8080/api/auth/register,73,0,0
1777734702224,1073,获取帖子列表,200,,常规接口测试-50并发 1-47,text,true,,5517,179,20,25,http://localhost:8080/api/post/list?pageNum=1&pageSize=10,1057,0,0
1777734702233,1065,获取帖子列表,200,,常规接口测试-50并发 1-48,text,true,,5517,179,20,25,http://localhost:8080/api/post/list?pageNum=1&pageSize=10,1049,0,0
1777734702217,1084,获取帖子列表,200,,常规接口测试-50并发 1-33,text,true,,5517,179,20,25,http://localhost:8080/api/post/list?pageNum=1&pageSize=10,1067,0,0
1777734703204,117,用户注册,200,,常规接口测试-50并发 1-41,text,true,,724,253,20,25,http://localhost:8080/api/auth/register,102,0,0
1777734703125,198,高级筛选搜索,200,,常规接口测试-50并发 1-45,text,true,,5782,232,20,25,http://localhost:8080/api/post/list/filter?category=运动健身&pageNum=1&pageSize=10,184,0,1
1777734703206,119,关键词搜索,400,,常规接口测试-50并发 1-43,text,false,,332,183,20,25,http://localhost:8080/api/search/keyword?q=篮球,104,0,0
1777734703249,93,用户登录,200,,常规接口测试-50并发 1-38,text,true,,319,218,20,25,http://localhost:8080/api/auth/login,88,0,0
1777734703232,112,关键词搜索,400,,常规接口测试-50并发 1-31,text,false,,332,183,20,25,http://localhost:8080/api/search/keyword?q=篮球,107,0,0
1777734703235,110,关键词搜索,400,,常规接口测试-50并发 1-32,text,false,,332,183,20,25,http://localhost:8080/api/search/keyword?q=篮球,105,0,0
1777734703191,159,高级筛选搜索,200,,常规接口测试-50并发 1-44,text,true,,5782,232,20,25,http://localhost:8080/api/post/list/filter?category=运动健身&pageNum=1&pageSize=10,152,0,1
1777734703194,158,高级筛选搜索,200,,常规接口测试-50并发 1-46,text,true,,5782,232,20,25,http://localhost:8080/api/post/list/filter?category=运动健身&pageNum=1&pageSize=10,152,0,0
1777734702317,1049,获取帖子列表,200,,常规接口测试-50并发 1-34,text,true,,5517,179,20,25,http://localhost:8080/api/post/list?pageNum=1&pageSize=10,1040,0,0
1777734703229,137,高级筛选搜索,200,,常规接口测试-50并发 1-42,text,true,,5782,232,20,25,http://localhost:8080/api/post/list/filter?category=运动健身&pageNum=1&pageSize=10,130,0,0
1777734702370,997,获取帖子列表,200,,常规接口测试-50并发 1-49,text,true,,5517,179,20,25,http://localhost:8080/api/post/list?pageNum=1&pageSize=10,990,0,0
1777734703285,83,用户登录,200,,常规接口测试-50并发 1-40,text,true,,319,218,20,25,http://localhost:8080/api/auth/login,77,0,0
1777734703298,84,关键词搜索,400,,常规接口测试-50并发 1-48,text,false,,332,183,20,25,http://localhost:8080/api/search/keyword?q=篮球,72,0,0
1777734703297,151,关键词搜索,400,,常规接口测试-50并发 1-47,text,false,,332,183,20,25,http://localhost:8080/api/search/keyword?q=篮球,82,0,0
1777734703321,130,用户登录,200,,常规接口测试-50并发 1-41,text,true,,319,218,20,25,http://localhost:8080/api/auth/login,60,0,0
1777734703301,152,关键词搜索,400,,常规接口测试-50并发 1-33,text,false,,332,183,20,25,http://localhost:8080/api/search/keyword?q=篮球,82,0,0
1777734702480,983,获取帖子列表,200,,常规接口测试-50并发 1-35,text,true,,5517,179,20,25,http://localhost:8080/api/post/list?pageNum=1&pageSize=10,970,0,0
1777734703323,141,用户注册,200,,常规接口测试-50并发 1-45,text,true,,723,252,20,25,http://localhost:8080/api/auth/register,132,0,0
1777734702525,940,获取帖子列表,200,,常规接口测试-50并发 1-50,text,true,,5517,179,20,25,http://localhost:8080/api/post/list?pageNum=1&pageSize=10,931,0,0
1777734703350,131,用户注册,200,,常规接口测试-50并发 1-44,text,true,,724,253,20,25,http://localhost:8080/api/auth/register,124,0,0
1777734703352,136,用户注册,200,,常规接口测试-50并发 1-46,text,true,,724,253,20,25,http://localhost:8080/api/auth/register,128,0,0
1777734703325,166,高级筛选搜索,200,,常规接口测试-50并发 1-43,text,true,,5782,232,20,25,http://localhost:8080/api/post/list/filter?category=运动健身&pageNum=1&pageSize=10,157,0,1
1777734703366,142,用户注册,200,,常规接口测试-50并发 1-42,text,true,,724,253,20,25,http://localhost:8080/api/auth/register,134,0,0
1777734703366,150,关键词搜索,400,,常规接口测试-50并发 1-34,text,false,,332,183,20,25,http://localhost:8080/api/search/keyword?q=篮球,137,0,0
1777734703367,150,关键词搜索,400,,常规接口测试-50并发 1-49,text,false,,332,183,20,25,http://localhost:8080/api/search/keyword?q=篮球,137,0,0
1777734703465,65,用户登录,200,,常规接口测试-50并发 1-45,text,true,,319,218,20,25,http://localhost:8080/api/auth/login,59,0,0
1777734703463,72,关键词搜索,400,,常规接口测试-50并发 1-35,text,false,,332,183,20,25,http://localhost:8080/api/search/keyword?q=篮球,66,0,0
1777734702790,748,获取帖子列表,200,,常规接口测试-50并发 1-36,text,true,,5517,179,20,25,http://localhost:8080/api/post/list?pageNum=1&pageSize=10,741,0,0
1777734703345,194,高级筛选搜索,200,,常规接口测试-50并发 1-31,text,true,,5782,232,20,25,http://localhost:8080/api/post/list/filter?category=运动健身&pageNum=1&pageSize=10,187,0,0
1777734703346,193,高级筛选搜索,200,,常规接口测试-50并发 1-32,text,true,,5782,232,20,25,http://localhost:8080/api/post/list/filter?category=运动健身&pageNum=1&pageSize=10,187,0,0
1777734703465,80,关键词搜索,400,,常规接口测试-50并发 1-50,text,false,,332,183,18,23,http://localhost:8080/api/search/keyword?q=篮球,73,0,0
1777734703481,67,用户登录,200,,常规接口测试-50并发 1-44,text,true,,319,218,18,23,http://localhost:8080/api/auth/login,60,0,0
1777734703488,67,用户登录,200,,常规接口测试-50并发 1-46,text,true,,319,218,18,23,http://localhost:8080/api/auth/login,62,0,0
1777734703491,74,用户注册,200,,常规接口测试-50并发 1-43,text,true,,724,253,18,23,http://localhost:8080/api/auth/register,67,0,0
1777734703508,70,用户登录,200,,常规接口测试-50并发 1-42,text,true,,319,218,18,23,http://localhost:8080/api/auth/login,58,0,0
1777734703382,200,高级筛选搜索,200,,常规接口测试-50并发 1-48,text,true,,5782,232,18,23,http://localhost:8080/api/post/list/filter?category=运动健身&pageNum=1&pageSize=10,191,0,0
1777734702928,675,获取帖子列表,200,,常规接口测试-50并发 1-39,text,true,,5517,179,18,23,http://localhost:8080/api/post/list?pageNum=1&pageSize=10,661,0,0
1777734702882,724,获取帖子列表,200,,常规接口测试-50并发 1-37,text,true,,5517,179,18,23,http://localhost:8080/api/post/list?pageNum=1&pageSize=10,709,0,0
1777734703453,166,高级筛选搜索,200,,常规接口测试-50并发 1-33,text,true,,5782,232,18,23,http://localhost:8080/api/post/list/filter?category=运动健身&pageNum=1&pageSize=10,152,0,1
1777734703449,175,高级筛选搜索,200,,常规接口测试-50并发 1-47,text,true,,5782,232,17,22,http://localhost:8080/api/post/list/filter?category=运动健身&pageNum=1&pageSize=10,161,0,0
1777734703538,101,关键词搜索,400,,常规接口测试-50并发 1-36,text,false,,332,183,17,22,http://localhost:8080/api/search/keyword?q=篮球,87,0,0
1777734703565,97,用户登录,200,,常规接口测试-50并发 1-43,text,true,,319,218,17,22,http://localhost:8080/api/auth/login,88,0,0
1777734703516,159,高级筛选搜索,200,,常规接口测试-50并发 1-34,text,true,,5782,232,17,22,http://localhost:8080/api/post/list/filter?category=运动健身&pageNum=1&pageSize=10,147,0,0
1777734703517,160,高级筛选搜索,200,,常规接口测试-50并发 1-49,text,true,,5782,232,16,21,http://localhost:8080/api/post/list/filter?category=运动健身&pageNum=1&pageSize=10,155,0,0
1777734703535,144,高级筛选搜索,200,,常规接口测试-50并发 1-35,text,true,,5782,232,16,21,http://localhost:8080/api/post/list/filter?category=运动健身&pageNum=1&pageSize=10,141,0,1
1777734703582,97,用户注册,200,,常规接口测试-50并发 1-48,text,true,,724,253,16,21,http://localhost:8080/api/auth/register,96,0,0
1777734703604,87,关键词搜索,400,,常规接口测试-50并发 1-39,text,false,,332,183,15,20,http://localhost:8080/api/search/keyword?q=篮球,82,0,0
1777734703607,86,关键词搜索,400,,常规接口测试-50并发 1-37,text,false,,332,183,15,20,http://localhost:8080/api/search/keyword?q=篮球,82,0,0
1777734703545,158,高级筛选搜索,200,,常规接口测试-50并发 1-50,text,true,,5782,232,15,20,http://localhost:8080/api/post/list/filter?category=运动健身&pageNum=1&pageSize=10,154,0,1
1777734703624,88,用户注册,200,,常规接口测试-50并发 1-47,text,true,,724,253,15,20,http://localhost:8080/api/auth/register,85,0,0
1777734703680,42,用户登录,200,,常规接口测试-50并发 1-48,text,true,,319,218,15,20,http://localhost:8080/api/auth/login,38,0,0
1777734703677,46,用户注册,200,,常规接口测试-50并发 1-49,text,true,,724,253,15,20,http://localhost:8080/api/auth/register,43,0,0
1777734703712,28,用户登录,200,,常规接口测试-50并发 1-47,text,true,,319,218,15,20,http://localhost:8080/api/auth/login,26,0,0
1777734703703,38,用户注册,200,,常规接口测试-50并发 1-50,text,true,,724,253,15,20,http://localhost:8080/api/auth/register,37,0,0
1777734703723,39,用户登录,200,,常规接口测试-50并发 1-49,text,true,,319,218,15,20,http://localhost:8080/api/auth/login,31,0,0
1777734703742,40,用户登录,200,,常规接口测试-50并发 1-50,text,true,,319,218,15,20,http://localhost:8080/api/auth/login,40,0,0
1777734703639,162,高级筛选搜索,200,,常规接口测试-50并发 1-36,text,true,,5782,232,15,20,http://localhost:8080/api/post/list/filter?category=运动健身&pageNum=1&pageSize=10,162,0,1
1777734703693,128,高级筛选搜索,200,,常规接口测试-50并发 1-37,text,true,,5782,232,14,19,http://localhost:8080/api/post/list/filter?category=运动健身&pageNum=1&pageSize=10,127,0,0
1777734703691,131,高级筛选搜索,200,,常规接口测试-50并发 1-39,text,true,,5782,232,13,18,http://localhost:8080/api/post/list/filter?category=运动健身&pageNum=1&pageSize=10,131,0,2
1777734703342,603,获取帖子列表,200,,常规接口测试-50并发 1-38,text,true,,5517,179,12,17,http://localhost:8080/api/post/list?pageNum=1&pageSize=10,603,0,0
1777734703945,17,关键词搜索,400,,常规接口测试-50并发 1-38,text,false,,332,183,12,17,http://localhost:8080/api/search/keyword?q=篮球,16,0,0
1777734703451,564,获取帖子列表,200,,常规接口测试-50并发 1-41,text,true,,5517,179,12,17,http://localhost:8080/api/post/list?pageNum=1&pageSize=10,564,0,0
1777734704016,8,关键词搜索,400,,常规接口测试-50并发 1-41,text,false,,332,183,12,17,http://localhost:8080/api/search/keyword?q=篮球,7,0,0
1777734703368,677,获取帖子列表,200,,常规接口测试-50并发 1-40,text,true,,5517,179,12,17,http://localhost:8080/api/post/list?pageNum=1&pageSize=10,676,0,0
1777734704045,16,关键词搜索,400,,常规接口测试-50并发 1-40,text,false,,332,183,12,17,http://localhost:8080/api/search/keyword?q=篮球,13,0,0
1777734703962,120,高级筛选搜索,200,,常规接口测试-50并发 1-38,text,true,,5782,232,12,17,http://localhost:8080/api/post/list/filter?category=运动健身&pageNum=1&pageSize=10,118,0,0
1777734703531,579,获取帖子列表,200,,常规接口测试-50并发 1-45,text,true,,5517,179,11,16,http://localhost:8080/api/post/list?pageNum=1&pageSize=10,578,0,0
1777734704111,18,关键词搜索,400,,常规接口测试-50并发 1-45,text,false,,332,183,11,16,http://localhost:8080/api/search/keyword?q=篮球,14,0,0
1777734703548,638,获取帖子列表,200,,常规接口测试-50并发 1-44,text,true,,5517,179,11,16,http://localhost:8080/api/post/list?pageNum=1&pageSize=10,637,0,0
1777734704186,8,关键词搜索,400,,常规接口测试-50并发 1-44,text,false,,332,183,11,16,http://localhost:8080/api/search/keyword?q=篮球,7,0,0
1777734704024,181,高级筛选搜索,200,,常规接口测试-50并发 1-41,text,true,,5782,232,11,16,http://localhost:8080/api/post/list/filter?category=运动健身&pageNum=1&pageSize=10,181,0,1
1777734704061,154,高级筛选搜索,200,,常规接口测试-50并发 1-40,text,true,,5782,232,10,15,http://localhost:8080/api/post/list/filter?category=运动健身&pageNum=1&pageSize=10,154,0,1
1777734703555,674,获取帖子列表,200,,常规接口测试-50并发 1-46,text,true,,5517,179,9,14,http://localhost:8080/api/post/list?pageNum=1&pageSize=10,673,0,0
1777734704230,12,关键词搜索,400,,常规接口测试-50并发 1-46,text,false,,332,183,9,14,http://localhost:8080/api/search/keyword?q=篮球,10,0,0
1777734703578,667,获取帖子列表,200,,常规接口测试-50并发 1-42,text,true,,5517,179,9,14,http://localhost:8080/api/post/list?pageNum=1&pageSize=10,666,0,0
1777734704246,7,关键词搜索,400,,常规接口测试-50并发 1-42,text,false,,332,183,9,14,http://localhost:8080/api/search/keyword?q=篮球,7,0,0
1777734704129,158,高级筛选搜索,200,,常规接口测试-50并发 1-45,text,true,,5782,232,9,14,http://localhost:8080/api/post/list/filter?category=运动健身&pageNum=1&pageSize=10,158,0,1
1777734704194,109,高级筛选搜索,200,,常规接口测试-50并发 1-44,text,true,,5782,232,8,13,http://localhost:8080/api/post/list/filter?category=运动健身&pageNum=1&pageSize=10,109,0,1
1777734703662,661,获取帖子列表,200,,常规接口测试-50并发 1-43,text,true,,5517,179,7,12,http://localhost:8080/api/post/list?pageNum=1&pageSize=10,660,0,0
1777734704323,7,关键词搜索,400,,常规接口测试-50并发 1-43,text,false,,332,183,7,12,http://localhost:8080/api/search/keyword?q=篮球,6,0,0
1777734704242,101,高级筛选搜索,200,,常规接口测试-50并发 1-46,text,true,,5782,232,7,12,http://localhost:8080/api/post/list/filter?category=运动健身&pageNum=1&pageSize=10,101,0,1
1777734704254,92,高级筛选搜索,200,,常规接口测试-50并发 1-42,text,true,,5782,232,6,11,http://localhost:8080/api/post/list/filter?category=运动健身&pageNum=1&pageSize=10,92,0,0
1777734703722,627,获取帖子列表,200,,常规接口测试-50并发 1-48,text,true,,5517,179,5,10,http://localhost:8080/api/post/list?pageNum=1&pageSize=10,626,0,0
1777734704349,5,关键词搜索,400,,常规接口测试-50并发 1-48,text,false,,332,183,5,10,http://localhost:8080/api/search/keyword?q=篮球,5,0,0
1777734703740,623,获取帖子列表,200,,常规接口测试-50并发 1-47,text,true,,5517,179,5,10,http://localhost:8080/api/post/list?pageNum=1&pageSize=10,622,0,0
1777734703763,601,获取帖子列表,200,,常规接口测试-50并发 1-49,text,true,,5517,179,5,10,http://localhost:8080/api/post/list?pageNum=1&pageSize=10,600,0,0
1777734703783,582,获取帖子列表,200,,常规接口测试-50并发 1-50,text,true,,5517,179,5,10,http://localhost:8080/api/post/list?pageNum=1&pageSize=10,582,0,0
1777734704364,5,关键词搜索,400,,常规接口测试-50并发 1-49,text,false,,332,183,5,10,http://localhost:8080/api/search/keyword?q=篮球,4,0,0
1777734704363,6,关键词搜索,400,,常规接口测试-50并发 1-47,text,false,,332,183,5,10,http://localhost:8080/api/search/keyword?q=篮球,5,0,0
1777734704365,6,关键词搜索,400,,常规接口测试-50并发 1-50,text,false,,332,183,5,10,http://localhost:8080/api/search/keyword?q=篮球,5,0,0
1777734704331,45,高级筛选搜索,200,,常规接口测试-50并发 1-43,text,true,,5782,232,5,10,http://localhost:8080/api/post/list/filter?category=运动健身&pageNum=1&pageSize=10,45,0,1
1777734704354,40,高级筛选搜索,200,,常规接口测试-50并发 1-48,text,true,,5782,232,4,9,http://localhost:8080/api/post/list/filter?category=运动健身&pageNum=1&pageSize=10,40,0,1
1777734704371,34,高级筛选搜索,200,,常规接口测试-50并发 1-50,text,true,,5782,232,3,8,http://localhost:8080/api/post/list/filter?category=运动健身&pageNum=1&pageSize=10,34,0,1
1777734704369,36,高级筛选搜索,200,,常规接口测试-50并发 1-49,text,true,,5782,232,2,7,http://localhost:8080/api/post/list/filter?category=运动健身&pageNum=1&pageSize=10,36,0,1
1777734704369,37,高级筛选搜索,200,,常规接口测试-50并发 1-47,text,true,,5782,232,2,7,http://localhost:8080/api/post/list/filter?category=运动健身&pageNum=1&pageSize=10,36,0,1
1777735313266,51,用户注册,200,,常规接口测试-50并发 1-1,text,true,,723,252,1,2,http://localhost:8080/api/auth/register,44,0,29
1777735313320,6,用户登录,200,,常规接口测试-50并发 1-1,text,true,,319,218,1,2,http://localhost:8080/api/auth/login,6,0,0
1777735313360,8,用户注册,200,,常规接口测试-50并发 1-2,text,true,,720,253,2,3,http://localhost:8080/api/auth/register,8,0,1
1777735313369,4,用户登录,200,,常规接口测试-50并发 1-2,text,true,,319,218,2,3,http://localhost:8080/api/auth/login,4,0,0
1777735313326,134,获取帖子列表,200,,常规接口测试-50并发 1-1,text,true,,5517,179,2,3,http://localhost:8080/api/post/list?pageNum=1&pageSize=10,134,0,0
1777735313461,10,关键词搜索,400,,常规接口测试-50并发 1-1,text,false,,332,183,2,3,http://localhost:8080/api/search/keyword?q=篮球,9,0,0
1777735313472,26,高级筛选搜索,200,,常规接口测试-50并发 1-1,text,true,,5782,232,2,3,http://localhost:8080/api/post/list/filter?category=运动健身&pageNum=1&pageSize=10,26,0,1
1777735313499,8,用户注册,200,,常规接口测试-50并发 1-1,text,true,,723,252,2,3,http://localhost:8080/api/auth/register,8,0,0
1777735313508,4,用户登录,200,,常规接口测试-50并发 1-1,text,true,,319,218,2,3,http://localhost:8080/api/auth/login,3,0,0
1777735313374,139,获取帖子列表,200,,常规接口测试-50并发 1-2,text,true,,5517,179,2,3,http://localhost:8080/api/post/list?pageNum=1&pageSize=10,139,0,0
1777735313514,2,关键词搜索,400,,常规接口测试-50并发 1-2,text,false,,332,183,2,3,http://localhost:8080/api/search/keyword?q=篮球,2,0,0
1777735313517,28,高级筛选搜索,200,,常规接口测试-50并发 1-2,text,true,,5782,232,2,3,http://localhost:8080/api/post/list/filter?category=运动健身&pageNum=1&pageSize=10,27,0,1
1777735313545,7,用户注册,200,,常规接口测试-50并发 1-2,text,true,,724,253,2,3,http://localhost:8080/api/auth/register,7,0,0
1777735313553,3,用户登录,200,,常规接口测试-50并发 1-2,text,true,,319,218,2,3,http://localhost:8080/api/auth/login,3,0,0
1777735313561,9,用户注册,200,,常规接口测试-50并发 1-3,text,true,,724,253,3,4,http://localhost:8080/api/auth/register,9,0,1
1777735313570,5,用户登录,200,,常规接口测试-50并发 1-3,text,true,,319,218,3,4,http://localhost:8080/api/auth/login,5,0,0
1777735313512,141,获取帖子列表,200,,常规接口测试-50并发 1-1,text,true,,5517,179,3,4,http://localhost:8080/api/post/list?pageNum=1&pageSize=10,141,0,0
1777735313654,2,关键词搜索,400,,常规接口测试-50并发 1-1,text,false,,332,183,3,4,http://localhost:8080/api/search/keyword?q=篮球,2,0,0
1777735313656,30,高级筛选搜索,200,,常规接口测试-50并发 1-1,text,true,,5782,232,3,4,http://localhost:8080/api/post/list/filter?category=运动健身&pageNum=1&pageSize=10,30,0,1
1777735313687,7,用户注册,200,,常规接口测试-50并发 1-1,text,true,,724,253,3,4,http://localhost:8080/api/auth/register,7,0,0
1777735313695,4,用户登录,200,,常规接口测试-50并发 1-1,text,true,,319,218,3,4,http://localhost:8080/api/auth/login,4,0,0
1777735313557,148,获取帖子列表,200,,常规接口测试-50并发 1-2,text,true,,5517,179,3,4,http://localhost:8080/api/post/list?pageNum=1&pageSize=10,147,0,0
1777735313705,4,关键词搜索,400,,常规接口测试-50并发 1-2,text,false,,332,183,3,4,http://localhost:8080/api/search/keyword?q=篮球,3,0,0
1777735313576,142,获取帖子列表,200,,常规接口测试-50并发 1-3,text,true,,5517,179,3,4,http://localhost:8080/api/post/list?pageNum=1&pageSize=10,141,0,0
1777735313718,3,关键词搜索,400,,常规接口测试-50并发 1-3,text,false,,332,183,3,4,http://localhost:8080/api/search/keyword?q=篮球,3,0,0
1777735313709,33,高级筛选搜索,200,,常规接口测试-50并发 1-2,text,true,,5782,232,3,4,http://localhost:8080/api/post/list/filter?category=运动健身&pageNum=1&pageSize=10,33,0,2
1777735313743,7,用户注册,200,,常规接口测试-50并发 1-2,text,true,,724,253,3,4,http://localhost:8080/api/auth/register,7,0,0
1777735313722,31,高级筛选搜索,200,,常规接口测试-50并发 1-3,text,true,,5782,232,3,4,http://localhost:8080/api/post/list/filter?category=运动健身&pageNum=1&pageSize=10,31,0,1
1777735313751,4,用户登录,200,,常规接口测试-50并发 1-2,text,true,,319,218,3,4,http://localhost:8080/api/auth/login,4,0,0
1777735313753,10,用户注册,200,,常规接口测试-50并发 1-3,text,true,,721,252,4,5,http://localhost:8080/api/auth/register,9,0,0
1777735313763,6,用户登录,200,,常规接口测试-50并发 1-3,text,true,,319,218,4,5,http://localhost:8080/api/auth/login,6,0,0
1777735313760,11,用户注册,200,,常规接口测试-50并发 1-4,text,true,,724,253,4,5,http://localhost:8080/api/auth/register,11,0,1
1777735313772,4,用户登录,200,,常规接口测试-50并发 1-4,text,true,,319,218,4,5,http://localhost:8080/api/auth/login,4,0,0
1777735313700,192,获取帖子列表,200,,常规接口测试-50并发 1-1,text,true,,5517,179,4,5,http://localhost:8080/api/post/list?pageNum=1&pageSize=10,192,0,0
1777735313893,4,关键词搜索,400,,常规接口测试-50并发 1-1,text,false,,332,183,4,5,http://localhost:8080/api/search/keyword?q=篮球,4,0,0
1777735313898,38,高级筛选搜索,200,,常规接口测试-50并发 1-1,text,true,,5782,232,4,5,http://localhost:8080/api/post/list/filter?category=运动健身&pageNum=1&pageSize=10,38,0,1
1777735313937,9,用户注册,200,,常规接口测试-50并发 1-1,text,true,,724,253,4,5,http://localhost:8080/api/auth/register,9,0,0
1777735313947,5,用户登录,200,,常规接口测试-50并发 1-1,text,true,,319,218,4,5,http://localhost:8080/api/auth/login,5,0,0
1777735313755,206,获取帖子列表,200,,常规接口测试-50并发 1-2,text,true,,5517,179,5,6,http://localhost:8080/api/post/list?pageNum=1&pageSize=10,206,0,0
1777735313962,4,关键词搜索,400,,常规接口测试-50并发 1-2,text,false,,332,183,5,6,http://localhost:8080/api/search/keyword?q=篮球,4,0,0
1777735313958,12,用户注册,200,,常规接口测试-50并发 1-5,text,true,,723,252,5,6,http://localhost:8080/api/auth/register,12,0,1
1777735313971,6,用户登录,200,,常规接口测试-50并发 1-5,text,true,,319,218,5,6,http://localhost:8080/api/auth/login,5,0,0
1777735313770,207,获取帖子列表,200,,常规接口测试-50并发 1-3,text,true,,5517,179,5,6,http://localhost:8080/api/post/list?pageNum=1&pageSize=10,206,0,0
1777735313977,6,关键词搜索,400,,常规接口测试-50并发 1-3,text,false,,332,183,5,6,http://localhost:8080/api/search/keyword?q=篮球,6,0,0
1777735313777,212,获取帖子列表,200,,常规接口测试-50并发 1-4,text,true,,5517,179,5,6,http://localhost:8080/api/post/list?pageNum=1&pageSize=10,211,0,0
1777735313989,5,关键词搜索,400,,常规接口测试-50并发 1-4,text,false,,332,183,5,6,http://localhost:8080/api/search/keyword?q=篮球,4,0,0
1777735313967,39,高级筛选搜索,200,,常规接口测试-50并发 1-2,text,true,,5782,232,5,6,http://localhost:8080/api/post/list/filter?category=运动健身&pageNum=1&pageSize=10,39,0,1
1777735314007,12,用户注册,200,,常规接口测试-50并发 1-2,text,true,,724,253,5,6,http://localhost:8080/api/auth/register,12,0,0
1777735314019,6,用户登录,200,,常规接口测试-50并发 1-2,text,true,,319,218,5,6,http://localhost:8080/api/auth/login,6,0,0
1777735313983,43,高级筛选搜索,200,,常规接口测试-50并发 1-3,text,true,,5782,232,5,6,http://localhost:8080/api/post/list/filter?category=运动健身&pageNum=1&pageSize=10,43,0,1
1777735313994,39,高级筛选搜索,200,,常规接口测试-50并发 1-4,text,true,,5782,232,5,6,http://localhost:8080/api/post/list/filter?category=运动健身&pageNum=1&pageSize=10,39,0,1
1777735314027,11,用户注册,200,,常规接口测试-50并发 1-3,text,true,,722,253,5,6,http://localhost:8080/api/auth/register,11,0,0
1777735314038,6,用户登录,200,,常规接口测试-50并发 1-3,text,true,,319,218,5,6,http://localhost:8080/api/auth/login,6,0,0
1777735314034,15,用户注册,200,,常规接口测试-50并发 1-4,text,true,,724,253,5,6,http://localhost:8080/api/auth/register,15,0,0
1777735314049,6,用户登录,200,,常规接口测试-50并发 1-4,text,true,,319,218,5,6,http://localhost:8080/api/auth/login,6,0,0
1777735314159,12,用户注册,200,,常规接口测试-50并发 1-6,text,true,,724,253,6,7,http://localhost:8080/api/auth/register,12,0,1
1777735313952,223,获取帖子列表,200,,常规接口测试-50并发 1-1,text,true,,5517,179,6,7,http://localhost:8080/api/post/list?pageNum=1&pageSize=10,223,0,0
1777735314172,9,用户登录,200,,常规接口测试-50并发 1-6,text,true,,319,218,6,7,http://localhost:8080/api/auth/login,8,0,0
1777735314175,7,关键词搜索,400,,常规接口测试-50并发 1-1,text,false,,332,183,6,7,http://localhost:8080/api/search/keyword?q=篮球,6,0,0
1777735313977,242,获取帖子列表,200,,常规接口测试-50并发 1-5,text,true,,5517,179,6,8,http://localhost:8080/api/post/list?pageNum=1&pageSize=10,242,0,0
1777735314220,6,关键词搜索,400,,常规接口测试-50并发 1-5,text,false,,332,183,6,8,http://localhost:8080/api/search/keyword?q=篮球,5,0,0
1777735314182,50,高级筛选搜索,200,,常规接口测试-50并发 1-1,text,true,,5782,232,6,8,http://localhost:8080/api/post/list/filter?category=运动健身&pageNum=1&pageSize=10,49,0,0
1777735314232,13,用户注册,200,,常规接口测试-50并发 1-1,text,true,,724,253,6,8,http://localhost:8080/api/auth/register,13,0,0
1777735314246,7,用户登录,200,,常规接口测试-50并发 1-1,text,true,,319,218,6,8,http://localhost:8080/api/auth/login,7,0,0
1777735314025,235,获取帖子列表,200,,常规接口测试-50并发 1-2,text,true,,5517,179,6,8,http://localhost:8080/api/post/list?pageNum=1&pageSize=10,234,0,0
1777735314260,4,关键词搜索,400,,常规接口测试-50并发 1-2,text,false,,332,183,6,8,http://localhost:8080/api/search/keyword?q=篮球,4,0,0
1777735314226,49,高级筛选搜索,200,,常规接口测试-50并发 1-5,text,true,,5782,232,6,8,http://localhost:8080/api/post/list/filter?category=运动健身&pageNum=1&pageSize=10,49,0,1
1777735314276,13,用户注册,200,,常规接口测试-50并发 1-5,text,true,,723,252,6,8,http://localhost:8080/api/auth/register,13,0,0
1777735314289,9,用户登录,200,,常规接口测试-50并发 1-5,text,true,,319,218,6,8,http://localhost:8080/api/auth/login,8,0,0
1777735314045,254,获取帖子列表,200,,常规接口测试-50并发 1-3,text,true,,5517,179,6,8,http://localhost:8080/api/post/list?pageNum=1&pageSize=10,254,0,0
1777735314055,252,获取帖子列表,200,,常规接口测试-50并发 1-4,text,true,,5517,179,6,8,http://localhost:8080/api/post/list?pageNum=1&pageSize=10,250,0,0
1777735314300,9,关键词搜索,400,,常规接口测试-50并发 1-3,text,false,,332,183,6,8,http://localhost:8080/api/search/keyword?q=篮球,8,0,0
1777735314265,45,高级筛选搜索,200,,常规接口测试-50并发 1-2,text,true,,5782,232,6,8,http://localhost:8080/api/post/list/filter?category=运动健身&pageNum=1&pageSize=10,44,0,1
1777735314307,9,关键词搜索,400,,常规接口测试-50并发 1-4,text,false,,332,183,6,8,http://localhost:8080/api/search/keyword?q=篮球,8,0,0
1777735314310,16,用户注册,200,,常规接口测试-50并发 1-2,text,true,,724,253,6,8,http://localhost:8080/api/auth/register,16,0,0
1777735314326,8,用户登录,200,,常规接口测试-50并发 1-2,text,true,,319,218,6,8,http://localhost:8080/api/auth/login,8,0,0
1777735314309,58,高级筛选搜索,200,,常规接口测试-50并发 1-3,text,true,,5782,232,7,9,http://localhost:8080/api/post/list/filter?category=运动健身&pageNum=1&pageSize=10,58,0,1
1777735314317,53,高级筛选搜索,200,,常规接口测试-50并发 1-4,text,true,,5782,232,7,9,http://localhost:8080/api/post/list/filter?category=运动健身&pageNum=1&pageSize=10,52,0,1
1777735314356,19,用户注册,200,,常规接口测试-50并发 1-7,text,true,,724,253,7,9,http://localhost:8080/api/auth/register,18,0,1
1777735314375,7,用户登录,200,,常规接口测试-50并发 1-7,text,true,,319,218,7,9,http://localhost:8080/api/auth/login,7,0,0
1777735314368,16,用户注册,200,,常规接口测试-50并发 1-3,text,true,,721,252,7,9,http://localhost:8080/api/auth/register,15,0,0
1777735314371,17,用户注册,200,,常规接口测试-50并发 1-4,text,true,,724,253,7,9,http://localhost:8080/api/auth/register,17,0,0
1777735314384,10,用户登录,200,,常规接口测试-50并发 1-3,text,true,,319,218,7,9,http://localhost:8080/api/auth/login,10,0,0
1777735314389,8,用户登录,200,,常规接口测试-50并发 1-4,text,true,,319,218,7,9,http://localhost:8080/api/auth/login,7,0,0
1777735314182,262,获取帖子列表,200,,常规接口测试-50并发 1-6,text,true,,5517,179,7,9,http://localhost:8080/api/post/list?pageNum=1&pageSize=10,261,0,0
1777735314445,9,关键词搜索,400,,常规接口测试-50并发 1-6,text,false,,332,183,7,9,http://localhost:8080/api/search/keyword?q=篮球,8,0,0
1777735314455,73,高级筛选搜索,200,,常规接口测试-50并发 1-6,text,true,,5782,232,7,9,http://localhost:8080/api/post/list/filter?category=运动健身&pageNum=1&pageSize=10,72,0,1
1777735314528,16,用户注册,200,,常规接口测试-50并发 1-6,text,true,,722,253,7,9,http://localhost:8080/api/auth/register,16,0,0
1777735314545,5,用户登录,200,,常规接口测试-50并发 1-6,text,true,,319,218,7,9,http://localhost:8080/api/auth/login,5,0,0
1777735314254,305,获取帖子列表,200,,常规接口测试-50并发 1-1,text,true,,5517,179,8,10,http://localhost:8080/api/post/list?pageNum=1&pageSize=10,303,0,0
1777735314559,7,关键词搜索,400,,常规接口测试-50并发 1-1,text,false,,332,183,8,10,http://localhost:8080/api/search/keyword?q=篮球,7,0,0
1777735314555,21,用户注册,200,,常规接口测试-50并发 1-8,text,true,,723,252,8,10,http://localhost:8080/api/auth/register,20,0,1
1777735314576,8,用户登录,200,,常规接口测试-50并发 1-8,text,true,,319,218,8,10,http://localhost:8080/api/auth/login,8,0,0
1777735314299,331,获取帖子列表,200,,常规接口测试-50并发 1-5,text,true,,5517,179,8,10,http://localhost:8080/api/post/list?pageNum=1&pageSize=10,330,0,0
1777735314630,10,关键词搜索,400,,常规接口测试-50并发 1-5,text,false,,332,183,8,10,http://localhost:8080/api/search/keyword?q=篮球,9,0,0
1777735314567,73,高级筛选搜索,200,,常规接口测试-50并发 1-1,text,true,,5782,232,8,10,http://localhost:8080/api/post/list/filter?category=运动健身&pageNum=1&pageSize=10,72,0,1
1777735314641,13,用户注册,200,,常规接口测试-50并发 1-1,text,true,,723,252,8,10,http://localhost:8080/api/auth/register,13,0,0
1777735314654,9,用户登录,200,,常规接口测试-50并发 1-1,text,true,,319,218,8,10,http://localhost:8080/api/auth/login,9,0,0
1777735314335,331,获取帖子列表,200,,常规接口测试-50并发 1-2,text,true,,5517,179,8,10,http://localhost:8080/api/post/list?pageNum=1&pageSize=10,330,0,0
1777735314666,8,关键词搜索,400,,常规接口测试-50并发 1-2,text,false,,332,183,8,10,http://localhost:8080/api/search/keyword?q=篮球,8,0,0
1777735314641,70,高级筛选搜索,200,,常规接口测试-50并发 1-5,text,true,,5782,232,8,10,http://localhost:8080/api/post/list/filter?category=运动健身&pageNum=1&pageSize=10,70,0,1
1777735314711,15,用户注册,200,,常规接口测试-50并发 1-5,text,true,,724,253,8,10,http://localhost:8080/api/auth/register,14,0,0
1777735314726,8,用户登录,200,,常规接口测试-50并发 1-5,text,true,,319,218,8,10,http://localhost:8080/api/auth/login,7,0,0
1777735314674,63,高级筛选搜索,200,,常规接口测试-50并发 1-2,text,true,,5782,232,8,10,http://localhost:8080/api/post/list/filter?category=运动健身&pageNum=1&pageSize=10,62,0,1
1777735314395,350,获取帖子列表,200,,常规接口测试-50并发 1-3,text,true,,5517,179,8,10,http://localhost:8080/api/post/list?pageNum=1&pageSize=10,349,0,0
1777735314382,366,获取帖子列表,200,,常规接口测试-50并发 1-7,text,true,,5517,179,8,10,http://localhost:8080/api/post/list?pageNum=1&pageSize=10,363,0,0
1777735314397,356,获取帖子列表,200,,常规接口测试-50并发 1-4,text,true,,5517,179,8,10,http://localhost:8080/api/post/list?pageNum=1&pageSize=10,355,0,0
1777735314746,18,关键词搜索,400,,常规接口测试-50并发 1-3,text,false,,332,183,9,11,http://localhost:8080/api/search/keyword?q=篮球,15,0,0
1777735314748,16,关键词搜索,400,,常规接口测试-50并发 1-7,text,false,,332,183,9,11,http://localhost:8080/api/search/keyword?q=篮球,15,0,0
1777735314738,27,用户注册,200,,常规接口测试-50并发 1-2,text,true,,724,253,9,11,http://localhost:8080/api/auth/register,25,0,0
1777735314753,20,关键词搜索,400,,常规接口测试-50并发 1-4,text,false,,332,183,9,11,http://localhost:8080/api/search/keyword?q=篮球,18,0,0
1777735314755,23,用户注册,200,,常规接口测试-50并发 1-9,text,true,,724,253,9,11,http://localhost:8080/api/auth/register,22,0,0
1777735314765,18,用户登录,200,,常规接口测试-50并发 1-2,text,true,,319,218,9,11,http://localhost:8080/api/auth/login,16,0,0
1777735314778,14,用户登录,200,,常规接口测试-50并发 1-9,text,true,,319,218,9,11,http://localhost:8080/api/auth/login,13,0,0
1777735314765,79,高级筛选搜索,200,,常规接口测试-50并发 1-3,text,true,,5782,232,9,11,http://localhost:8080/api/post/list/filter?category=运动健身&pageNum=1&pageSize=10,78,0,1
1777735314773,71,高级筛选搜索,200,,常规接口测试-50并发 1-4,text,true,,5782,232,9,11,http://localhost:8080/api/post/list/filter?category=运动健身&pageNum=1&pageSize=10,71,0,1
1777735314765,80,高级筛选搜索,200,,常规接口测试-50并发 1-7,text,true,,5782,232,9,11,http://localhost:8080/api/post/list/filter?category=运动健身&pageNum=1&pageSize=10,80,0,1
1777735314844,28,用户注册,200,,常规接口测试-50并发 1-3,text,true,,724,253,9,11,http://localhost:8080/api/auth/register,25,0,0
1777735314846,27,用户注册,200,,常规接口测试-50并发 1-7,text,true,,724,253,9,11,http://localhost:8080/api/auth/register,24,0,0
1777735314844,29,用户注册,200,,常规接口测试-50并发 1-4,text,true,,724,253,9,11,http://localhost:8080/api/auth/register,27,0,0
1777735314873,12,用户登录,200,,常规接口测试-50并发 1-3,text,true,,319,218,9,11,http://localhost:8080/api/auth/login,12,0,0
1777735314873,16,用户登录,200,,常规接口测试-50并发 1-7,text,true,,319,218,9,11,http://localhost:8080/api/auth/login,15,0,0
1777735314873,19,用户登录,200,,常规接口测试-50并发 1-4,text,true,,319,218,9,11,http://localhost:8080/api/auth/login,17,0,0
1777735314551,376,获取帖子列表,200,,常规接口测试-50并发 1-6,text,true,,5517,179,9,11,http://localhost:8080/api/post/list?pageNum=1&pageSize=10,376,0,0
1777735314928,8,关键词搜索,400,,常规接口测试-50并发 1-6,text,false,,332,183,9,11,http://localhost:8080/api/search/keyword?q=篮球,7,0,0
1777735314584,372,获取帖子列表,200,,常规接口测试-50并发 1-8,text,true,,5517,179,10,12,http://localhost:8080/api/post/list?pageNum=1&pageSize=10,371,0,0
1777735314957,10,关键词搜索,400,,常规接口测试-50并发 1-8,text,false,,332,183,10,12,http://localhost:8080/api/search/keyword?q=篮球,9,0,0
1777735314956,20,用户注册,200,,常规接口测试-50并发 1-10,text,true,,724,253,10,12,http://localhost:8080/api/auth/register,20,0,1
1777735314976,13,用户登录,200,,常规接口测试-50并发 1-10,text,true,,319,218,10,12,http://localhost:8080/api/auth/login,12,0,0
1777735314936,87,高级筛选搜索,200,,常规接口测试-50并发 1-6,text,true,,5782,232,10,12,http://localhost:8080/api/post/list/filter?category=运动健身&pageNum=1&pageSize=10,86,0,1
1777735315024,19,用户注册,200,,常规接口测试-50并发 1-6,text,true,,724,253,10,12,http://localhost:8080/api/auth/register,19,0,0
1777735315043,54,用户登录,200,,常规接口测试-50并发 1-6,text,true,,319,218,10,12,http://localhost:8080/api/auth/login,53,0,0
1777735314663,448,获取帖子列表,200,,常规接口测试-50并发 1-1,text,true,,5517,179,10,12,http://localhost:8080/api/post/list?pageNum=1&pageSize=10,447,0,0
1777735314967,152,高级筛选搜索,200,,常规接口测试-50并发 1-8,text,true,,5782,232,10,12,http://localhost:8080/api/post/list/filter?category=运动健身&pageNum=1&pageSize=10,151,0,1
1777735315111,16,关键词搜索,400,,常规接口测试-50并发 1-1,text,false,,332,183,10,12,http://localhost:8080/api/search/keyword?q=篮球,13,0,0
1777735315120,26,用户注册,200,,常规接口测试-50并发 1-8,text,true,,724,253,10,12,http://localhost:8080/api/auth/register,24,0,0
1777735315146,36,用户登录,200,,常规接口测试-50并发 1-8,text,true,,319,218,11,13,http://localhost:8080/api/auth/login,32,0,0
1777735315163,45,用户注册,200,,常规接口测试-50并发 1-11,text,true,,723,252,11,14,http://localhost:8080/api/auth/register,43,0,1
1777735314734,476,获取帖子列表,200,,常规接口测试-50并发 1-5,text,true,,5517,179,11,14,http://localhost:8080/api/post/list?pageNum=1&pageSize=10,475,0,0
1777735315211,11,关键词搜索,400,,常规接口测试-50并发 1-5,text,false,,332,183,11,14,http://localhost:8080/api/search/keyword?q=篮球,11,0,0
1777735315208,23,用户登录,200,,常规接口测试-50并发 1-11,text,true,,319,218,11,14,http://localhost:8080/api/auth/login,20,0,0
1777735315127,137,高级筛选搜索,200,,常规接口测试-50并发 1-1,text,true,,5782,232,11,14,http://localhost:8080/api/post/list/filter?category=运动健身&pageNum=1&pageSize=10,136,0,1
1777735315264,22,用户注册,200,,常规接口测试-50并发 1-1,text,true,,724,253,11,14,http://localhost:8080/api/auth/register,21,0,0
1777735315286,12,用户登录,200,,常规接口测试-50并发 1-1,text,true,,319,218,11,14,http://localhost:8080/api/auth/login,11,0,0
1777735315223,108,高级筛选搜索,200,,常规接口测试-50并发 1-5,text,true,,5782,232,11,14,http://localhost:8080/api/post/list/filter?category=运动健身&pageNum=1&pageSize=10,108,0,1
1777735314792,544,获取帖子列表,200,,常规接口测试-50并发 1-9,text,true,,5517,179,11,14,http://localhost:8080/api/post/list?pageNum=1&pageSize=10,543,0,0
1777735315336,14,关键词搜索,400,,常规接口测试-50并发 1-9,text,false,,332,183,11,14,http://localhost:8080/api/search/keyword?q=篮球,12,0,0
1777735314784,572,获取帖子列表,200,,常规接口测试-50并发 1-2,text,true,,5517,179,12,15,http://localhost:8080/api/post/list?pageNum=1&pageSize=10,570,0,0
1777735315332,38,用户注册,200,,常规接口测试-50并发 1-5,text,true,,724,253,12,15,http://localhost:8080/api/auth/register,34,0,0
1777735315357,29,关键词搜索,400,,常规接口测试-50并发 1-2,text,false,,332,183,12,15,http://localhost:8080/api/search/keyword?q=篮球,28,0,0
1777735315355,34,用户注册,200,,常规接口测试-50并发 1-12,text,true,,724,253,12,15,http://localhost:8080/api/auth/register,33,0,1
1777735315371,28,用户登录,200,,常规接口测试-50并发 1-5,text,true,,319,218,12,15,http://localhost:8080/api/auth/login,26,0,0
1777735315389,19,用户登录,200,,常规接口测试-50并发 1-12,text,true,,319,218,12,15,http://localhost:8080/api/auth/login,19,0,0
1777735314885,542,获取帖子列表,200,,常规接口测试-50并发 1-3,text,true,,5517,179,12,15,http://localhost:8080/api/post/list?pageNum=1&pageSize=10,541,0,0
1777735315428,8,关键词搜索,400,,常规接口测试-50并发 1-3,text,false,,332,183,12,15,http://localhost:8080/api/search/keyword?q=篮球,7,0,0
1777735315351,103,高级筛选搜索,200,,常规接口测试-50并发 1-9,text,true,,5782,232,12,15,http://localhost:8080/api/post/list/filter?category=运动健身&pageNum=1&pageSize=10,102,0,1
1777735314889,568,获取帖子列表,200,,常规接口测试-50并发 1-7,text,true,,5517,179,12,15,http://localhost:8080/api/post/list?pageNum=1&pageSize=10,567,0,0
1777735315457,18,关键词搜索,400,,常规接口测试-50并发 1-7,text,false,,332,183,12,15,http://localhost:8080/api/search/keyword?q=篮球,17,0,0
1777735314893,582,获取帖子列表,200,,常规接口测试-50并发 1-4,text,true,,5517,179,12,15,http://localhost:8080/api/post/list?pageNum=1&pageSize=10,581,0,0
1777735315387,100,高级筛选搜索,200,,常规接口测试-50并发 1-2,text,true,,5782,232,12,15,http://localhost:8080/api/post/list/filter?category=运动健身&pageNum=1&pageSize=10,99,0,1
1777735315455,33,用户注册,200,,常规接口测试-50并发 1-9,text,true,,724,253,12,15,http://localhost:8080/api/auth/register,32,0,0
1777735315475,18,关键词搜索,400,,常规接口测试-50并发 1-4,text,false,,332,183,12,15,http://localhost:8080/api/search/keyword?q=篮球,16,0,0
1777735315489,16,用户登录,200,,常规接口测试-50并发 1-9,text,true,,319,218,12,15,http://localhost:8080/api/auth/login,15,0,0
1777735315488,25,用户注册,200,,常规接口测试-50并发 1-2,text,true,,723,252,12,15,http://localhost:8080/api/auth/register,23,0,0
1777735315513,12,用户登录,200,,常规接口测试-50并发 1-2,text,true,,319,218,12,15,http://localhost:8080/api/auth/login,12,0,0
1777735315436,111,高级筛选搜索,200,,常规接口测试-50并发 1-3,text,true,,5782,232,12,15,http://localhost:8080/api/post/list/filter?category=运动健身&pageNum=1&pageSize=10,110,0,1
1777735314990,559,获取帖子列表,200,,常规接口测试-50并发 1-10,text,true,,5517,179,12,15,http://localhost:8080/api/post/list?pageNum=1&pageSize=10,557,0,0
1777735315550,12,关键词搜索,400,,常规接口测试-50并发 1-10,text,false,,332,183,13,16,http://localhost:8080/api/search/keyword?q=篮球,9,0,0
1777735315548,35,用户注册,200,,常规接口测试-50并发 1-3,text,true,,724,253,13,16,http://localhost:8080/api/auth/register,32,0,0
1777735315475,110,高级筛选搜索,200,,常规接口测试-50并发 1-7,text,true,,5782,232,13,16,http://localhost:8080/api/post/list/filter?category=运动健身&pageNum=1&pageSize=10,107,0,1
1777735315556,42,用户注册,200,,常规接口测试-50并发 1-13,text,true,,724,253,13,16,http://localhost:8080/api/auth/register,40,0,1
1777735315493,110,高级筛选搜索,200,,常规接口测试-50并发 1-4,text,true,,5782,232,13,16,http://localhost:8080/api/post/list/filter?category=运动健身&pageNum=1&pageSize=10,109,0,1
1777735315583,33,用户登录,200,,常规接口测试-50并发 1-3,text,true,,319,218,13,16,http://localhost:8080/api/auth/login,30,0,0
1777735315585,40,用户注册,200,,常规接口测试-50并发 1-7,text,true,,724,253,13,16,http://localhost:8080/api/auth/register,37,0,0
1777735315598,29,用户登录,200,,常规接口测试-50并发 1-13,text,true,,319,218,13,16,http://localhost:8080/api/auth/login,28,0,0
1777735315603,33,用户注册,200,,常规接口测试-50并发 1-4,text,true,,722,253,13,16,http://localhost:8080/api/auth/register,33,0,0
1777735315625,20,用户登录,200,,常规接口测试-50并发 1-7,text,true,,319,218,13,16,http://localhost:8080/api/auth/login,20,0,0
1777735315637,17,用户登录,200,,常规接口测试-50并发 1-4,text,true,,319,218,13,16,http://localhost:8080/api/auth/login,16,0,0
1777735315098,568,获取帖子列表,200,,常规接口测试-50并发 1-6,text,true,,5517,179,13,16,http://localhost:8080/api/post/list?pageNum=1&pageSize=10,567,0,0
1777735315562,106,高级筛选搜索,200,,常规接口测试-50并发 1-10,text,true,,5782,232,13,16,http://localhost:8080/api/post/list/filter?category=运动健身&pageNum=1&pageSize=10,106,0,1
1777735315667,12,关键词搜索,400,,常规接口测试-50并发 1-6,text,false,,332,183,13,16,http://localhost:8080/api/search/keyword?q=篮球,11,0,0
1777735315669,27,用户注册,200,,常规接口测试-50并发 1-10,text,true,,724,253,13,16,http://localhost:8080/api/auth/register,26,0,0
1777735315697,11,用户登录,200,,常规接口测试-50并发 1-10,text,true,,319,218,13,16,http://localhost:8080/api/auth/login,11,0,0
1777735315182,540,获取帖子列表,200,,常规接口测试-50并发 1-8,text,true,,5517,179,13,16,http://localhost:8080/api/post/list?pageNum=1&pageSize=10,539,0,0
1777735315723,13,关键词搜索,400,,常规接口测试-50并发 1-8,text,false,,332,183,13,16,http://localhost:8080/api/search/keyword?q=篮球,12,0,0
1777735315232,522,获取帖子列表,200,,常规接口测试-50并发 1-11,text,true,,5517,179,13,16,http://localhost:8080/api/post/list?pageNum=1&pageSize=10,521,0,0
1777735315755,15,关键词搜索,400,,常规接口测试-50并发 1-11,text,false,,332,183,14,17,http://localhost:8080/api/search/keyword?q=篮球,13,0,0
1777735315757,30,用户注册,200,,常规接口测试-50并发 1-14,text,true,,724,253,14,17,http://localhost:8080/api/auth/register,29,0,1
1777735315680,116,高级筛选搜索,200,,常规接口测试-50并发 1-6,text,true,,5782,232,14,17,http://localhost:8080/api/post/list/filter?category=运动健身&pageNum=1&pageSize=10,115,0,1
1777735315788,16,用户登录,200,,常规接口测试-50并发 1-14,text,true,,319,218,14,17,http://localhost:8080/api/auth/login,16,0,0
1777735315298,512,获取帖子列表,200,,常规接口测试-50并发 1-1,text,true,,5517,179,14,17,http://localhost:8080/api/post/list?pageNum=1&pageSize=10,510,0,0
1777735315811,18,关键词搜索,400,,常规接口测试-50并发 1-1,text,false,,332,183,14,17,http://localhost:8080/api/search/keyword?q=篮球,14,0,0
1777735315796,38,用户注册,200,,常规接口测试-50并发 1-6,text,true,,723,253,14,17,http://localhost:8080/api/auth/register,35,0,0
1777735315834,20,用户登录,200,,常规接口测试-50并发 1-6,text,true,,319,218,14,17,http://localhost:8080/api/auth/login,19,0,0
1777735315736,120,高级筛选搜索,200,,常规接口测试-50并发 1-8,text,true,,5782,232,14,17,http://localhost:8080/api/post/list/filter?category=运动健身&pageNum=1&pageSize=10,119,0,1
1777735315856,26,用户注册,200,,常规接口测试-50并发 1-8,text,true,,722,253,14,17,http://localhost:8080/api/auth/register,26,0,0
1777735315770,157,高级筛选搜索,200,,常规接口测试-50并发 1-11,text,true,,5782,232,14,17,http://localhost:8080/api/post/list/filter?category=运动健身&pageNum=1&pageSize=10,124,0,1
1777735315882,63,用户登录,200,,常规接口测试-50并发 1-8,text,true,,319,218,14,17,http://localhost:8080/api/auth/login,63,0,0
1777735315927,30,用户注册,200,,常规接口测试-50并发 1-11,text,true,,723,252,15,18,http://localhost:8080/api/auth/register,30,0,0
1777735315957,27,用户登录,200,,常规接口测试-50并发 1-11,text,true,,319,218,15,18,http://localhost:8080/api/auth/login,26,0,0
1777735315957,46,用户注册,200,,常规接口测试-50并发 1-15,text,true,,724,253,15,18,http://localhost:8080/api/auth/register,45,0,1
1777735315829,186,高级筛选搜索,200,,常规接口测试-50并发 1-1,text,true,,5782,232,15,18,http://localhost:8080/api/post/list/filter?category=运动健身&pageNum=1&pageSize=10,184,0,1
1777735315409,621,获取帖子列表,200,,常规接口测试-50并发 1-12,text,true,,5517,179,15,18,http://localhost:8080/api/post/list?pageNum=1&pageSize=10,619,0,0
1777735316004,29,用户登录,200,,常规接口测试-50并发 1-15,text,true,,319,218,15,18,http://localhost:8080/api/auth/login,28,0,0
1777735316016,37,用户注册,200,,常规接口测试-50并发 1-1,text,true,,724,253,15,18,http://localhost:8080/api/auth/register,33,0,0
1777735316031,30,关键词搜索,400,,常规接口测试-50并发 1-12,text,false,,332,183,15,18,http://localhost:8080/api/search/keyword?q=篮球,27,0,0
1777735315399,663,获取帖子列表,200,,常规接口测试-50并发 1-5,text,true,,5517,179,15,18,http://localhost:8080/api/post/list?pageNum=1&pageSize=10,661,0,0
1777735316053,23,用户登录,200,,常规接口测试-50并发 1-1,text,true,,319,218,15,18,http://localhost:8080/api/auth/login,22,0,0
1777735316063,17,关键词搜索,400,,常规接口测试-50并发 1-5,text,false,,332,183,15,18,http://localhost:8080/api/search/keyword?q=篮球,15,0,0
1777735315505,678,获取帖子列表,200,,常规接口测试-50并发 1-9,text,true,,5517,179,16,20,http://localhost:8080/api/post/list?pageNum=1&pageSize=10,676,0,0
1777735316157,27,用户注册,200,,常规接口测试-50并发 1-16,text,true,,724,253,16,20,http://localhost:8080/api/auth/register,26,0,0
1777735316061,150,高级筛选搜索,200,,常规接口测试-50并发 1-12,text,true,,5782,232,16,20,http://localhost:8080/api/post/list/filter?category=运动健身&pageNum=1&pageSize=10,145,0,1
1777735316080,133,高级筛选搜索,200,,常规接口测试-50并发 1-5,text,true,,5782,232,16,20,http://localhost:8080/api/post/list/filter?category=运动健身&pageNum=1&pageSize=10,128,0,1
1777735315526,688,获取帖子列表,200,,常规接口测试-50并发 1-2,text,true,,5517,179,16,20,http://localhost:8080/api/post/list?pageNum=1&pageSize=10,683,0,0
1777735316185,36,用户登录,200,,常规接口测试-50并发 1-16,text,true,,319,218,16,20,http://localhost:8080/api/auth/login,32,0,0
1777735316183,41,关键词搜索,400,,常规接口测试-50并发 1-9,text,false,,332,183,16,20,http://localhost:8080/api/search/keyword?q=篮球,37,0,0
1777735316215,28,关键词搜索,400,,常规接口测试-50并发 1-2,text,false,,332,183,16,20,http://localhost:8080/api/search/keyword?q=篮球,27,0,0
1777735316212,45,用户注册,200,,常规接口测试-50并发 1-12,text,true,,724,253,16,20,http://localhost:8080/api/auth/register,43,0,0
1777735316213,46,用户注册,200,,常规接口测试-50并发 1-5,text,true,,724,253,16,20,http://localhost:8080/api/auth/register,45,0,0
1777735316257,22,用户登录,200,,常规接口测试-50并发 1-12,text,true,,319,218,16,20,http://localhost:8080/api/auth/login,20,0,0
1777735316259,26,用户登录,200,,常规接口测试-50并发 1-5,text,true,,319,218,16,20,http://localhost:8080/api/auth/login,23,0,0
1777735315627,695,获取帖子列表,200,,常规接口测试-50并发 1-13,text,true,,5517,179,16,20,http://localhost:8080/api/post/list?pageNum=1&pageSize=10,695,0,0
1777735316323,10,关键词搜索,400,,常规接口测试-50并发 1-13,text,false,,332,183,16,20,http://localhost:8080/api/search/keyword?q=篮球,8,0,0
1777735315617,725,获取帖子列表,200,,常规接口测试-50并发 1-3,text,true,,5517,179,16,20,http://localhost:8080/api/post/list?pageNum=1&pageSize=10,725,0,0
1777735316342,9,关键词搜索,400,,常规接口测试-50并发 1-3,text,false,,332,183,16,20,http://localhost:8080/api/search/keyword?q=篮球,9,0,0
1777735315645,718,获取帖子列表,200,,常规接口测试-50并发 1-7,text,true,,5517,179,17,21,http://localhost:8080/api/post/list?pageNum=1&pageSize=10,714,0,0
1777735315655,717,获取帖子列表,200,,常规接口测试-50并发 1-4,text,true,,5517,179,17,21,http://localhost:8080/api/post/list?pageNum=1&pageSize=10,713,0,0
1777735316225,149,高级筛选搜索,200,,常规接口测试-50并发 1-9,text,true,,5782,232,17,21,http://localhost:8080/api/post/list/filter?category=运动健身&pageNum=1&pageSize=10,145,0,1
1777735316244,148,高级筛选搜索,200,,常规接口测试-50并发 1-2,text,true,,5782,232,17,21,http://localhost:8080/api/post/list/filter?category=运动健身&pageNum=1&pageSize=10,142,0,0
1777735316363,53,关键词搜索,400,,常规接口测试-50并发 1-7,text,false,,332,183,17,21,http://localhost:8080/api/search/keyword?q=篮球,46,0,0
1777735316354,65,用户注册,200,,常规接口测试-50并发 1-17,text,true,,722,253,17,21,http://localhost:8080/api/auth/register,58,0,1
1777735316373,60,关键词搜索,400,,常规接口测试-50并发 1-4,text,false,,332,183,17,21,http://localhost:8080/api/search/keyword?q=篮球,52,0,0
1777735316374,66,用户注册,200,,常规接口测试-50并发 1-9,text,true,,724,253,17,21,http://localhost:8080/api/auth/register,58,0,0
1777735315709,753,获取帖子列表,200,,常规接口测试-50并发 1-10,text,true,,5517,179,17,21,http://localhost:8080/api/post/list?pageNum=1&pageSize=10,748,0,0
1777735316392,73,用户注册,200,,常规接口测试-50并发 1-2,text,true,,724,253,17,21,http://localhost:8080/api/auth/register,68,0,0
1777735316333,133,高级筛选搜索,200,,常规接口测试-50并发 1-13,text,true,,5782,232,17,21,http://localhost:8080/api/post/list/filter?category=运动健身&pageNum=1&pageSize=10,130,0,1
1777735316420,61,用户登录,200,,常规接口测试-50并发 1-17,text,true,,319,218,17,21,http://localhost:8080/api/auth/login,57,0,0
1777735316352,139,高级筛选搜索,200,,常规接口测试-50并发 1-3,text,true,,5782,232,17,21,http://localhost:8080/api/post/list/filter?category=运动健身&pageNum=1&pageSize=10,136,0,1
1777735316440,51,用户登录,200,,常规接口测试-50并发 1-9,text,true,,319,218,17,21,http://localhost:8080/api/auth/login,48,0,0
1777735316465,43,用户登录,200,,常规接口测试-50并发 1-2,text,true,,319,218,17,21,http://localhost:8080/api/auth/login,39,0,0
1777735316462,46,关键词搜索,400,,常规接口测试-50并发 1-10,text,false,,332,183,17,21,http://localhost:8080/api/search/keyword?q=篮球,42,0,0
1777735316466,53,用户注册,200,,常规接口测试-50并发 1-13,text,true,,724,253,17,21,http://localhost:8080/api/auth/register,48,0,0
1777735315804,718,获取帖子列表,200,,常规接口测试-50并发 1-14,text,true,,5517,179,17,21,http://localhost:8080/api/post/list?pageNum=1&pageSize=10,710,0,0
1777735316492,50,用户注册,200,,常规接口测试-50并发 1-3,text,true,,313,253,17,21,http://localhost:8080/api/auth/register,46,0,0
1777735316523,35,关键词搜索,400,,常规接口测试-50并发 1-14,text,false,,332,183,18,22,http://localhost:8080/api/search/keyword?q=篮球,33,0,0
1777735316519,42,用户登录,200,,常规接口测试-50并发 1-13,text,true,,319,218,18,22,http://localhost:8080/api/auth/login,40,0,0
1777735316417,161,高级筛选搜索,200,,常规接口测试-50并发 1-7,text,true,,5782,232,18,22,http://localhost:8080/api/post/list/filter?category=运动健身&pageNum=1&pageSize=10,155,0,1
1777735316542,37,用户登录,200,,常规接口测试-50并发 1-3,text,true,,319,218,18,22,http://localhost:8080/api/auth/login,31,0,0
1777735316434,154,高级筛选搜索,200,,常规接口测试-50并发 1-4,text,true,,5782,232,18,22,http://localhost:8080/api/post/list/filter?category=运动健身&pageNum=1&pageSize=10,150,0,0
1777735316556,45,用户注册,200,,常规接口测试-50并发 1-18,text,true,,724,253,18,22,http://localhost:8080/api/auth/register,44,0,1
1777735316578,41,用户注册,200,,常规接口测试-50并发 1-7,text,true,,724,253,18,22,http://localhost:8080/api/auth/register,39,0,0
1777735316601,34,用户登录,200,,常规接口测试-50并发 1-18,text,true,,319,218,18,22,http://localhost:8080/api/auth/login,30,0,0
1777735315946,690,获取帖子列表,200,,常规接口测试-50并发 1-8,text,true,,5517,179,18,22,http://localhost:8080/api/post/list?pageNum=1&pageSize=10,685,0,0
1777735316588,49,用户注册,200,,常规接口测试-50并发 1-4,text,true,,724,253,18,22,http://localhost:8080/api/auth/register,45,0,0
1777735315855,783,获取帖子列表,200,,常规接口测试-50并发 1-6,text,true,,5517,179,18,22,http://localhost:8080/api/post/list?pageNum=1&pageSize=10,778,0,0
1777735316620,47,用户登录,200,,常规接口测试-50并发 1-7,text,true,,319,218,18,22,http://localhost:8080/api/auth/login,43,0,0
1777735315984,697,获取帖子列表,200,,常规接口测试-50并发 1-11,text,true,,5517,179,18,22,http://localhost:8080/api/post/list?pageNum=1&pageSize=10,692,0,0
1777735316508,177,高级筛选搜索,200,,常规接口测试-50并发 1-10,text,true,,5782,232,18,22,http://localhost:8080/api/post/list/filter?category=运动健身&pageNum=1&pageSize=10,171,0,1
1777735316637,49,用户登录,200,,常规接口测试-50并发 1-4,text,true,,319,218,18,22,http://localhost:8080/api/auth/login,45,0,0
1777735316637,52,关键词搜索,400,,常规接口测试-50并发 1-8,text,false,,332,183,18,22,http://localhost:8080/api/search/keyword?q=篮球,46,0,0
1777735316638,52,关键词搜索,400,,常规接口测试-50并发 1-6,text,false,,332,183,18,22,http://localhost:8080/api/search/keyword?q=篮球,48,0,0
1777735316033,685,获取帖子列表,200,,常规接口测试-50并发 1-15,text,true,,5517,179,18,22,http://localhost:8080/api/post/list?pageNum=1&pageSize=10,681,0,0
1777735316559,161,高级筛选搜索,200,,常规接口测试-50并发 1-14,text,true,,5782,232,18,22,http://localhost:8080/api/post/list/filter?category=运动健身&pageNum=1&pageSize=10,158,0,1
1777735316076,646,获取帖子列表,200,,常规接口测试-50并发 1-1,text,true,,5517,179,18,22,http://localhost:8080/api/post/list?pageNum=1&pageSize=10,643,0,0
1777735316681,57,关键词搜索,400,,常规接口测试-50并发 1-11,text,false,,332,183,18,22,http://localhost:8080/api/search/keyword?q=篮球,47,0,0
1777735316685,70,用户注册,200,,常规接口测试-50并发 1-10,text,true,,724,253,18,22,http://localhost:8080/api/auth/register,60,0,0
1777735316718,105,关键词搜索,400,,常规接口测试-50并发 1-15,text,false,,332,183,19,23,http://localhost:8080/api/search/keyword?q=篮球,103,0,0
1777735316721,104,用户注册,200,,常规接口测试-50并发 1-14,text,true,,724,253,19,23,http://localhost:8080/api/auth/register,100,0,0
1777735316722,107,关键词搜索,400,,常规接口测试-50并发 1-1,text,false,,332,183,19,23,http://localhost:8080/api/search/keyword?q=篮球,101,0,0
1777735316756,101,用户登录,200,,常规接口测试-50并发 1-10,text,true,,319,218,19,23,http://localhost:8080/api/auth/login,95,0,0
1777735316756,111,用户注册,200,,常规接口测试-50并发 1-19,text,true,,724,253,19,23,http://localhost:8080/api/auth/register,106,0,1
1777735316689,190,高级筛选搜索,200,,常规接口测试-50并发 1-8,text,true,,5782,232,19,23,http://localhost:8080/api/post/list/filter?category=运动健身&pageNum=1&pageSize=10,183,0,1
1777735316826,77,用户登录,200,,常规接口测试-50并发 1-14,text,true,,319,218,19,23,http://localhost:8080/api/auth/login,69,0,0
1777735316690,220,高级筛选搜索,200,,常规接口测试-50并发 1-6,text,true,,5782,232,19,23,http://localhost:8080/api/post/list/filter?category=运动健身&pageNum=1&pageSize=10,212,0,1
1777735316222,724,获取帖子列表,200,,常规接口测试-50并发 1-16,text,true,,5517,179,19,23,http://localhost:8080/api/post/list?pageNum=1&pageSize=10,715,0,0
1777735316868,82,用户登录,200,,常规接口测试-50并发 1-19,text,true,,319,218,19,23,http://localhost:8080/api/auth/login,72,0,0
1777735316880,100,用户注册,200,,常规接口测试-50并发 1-8,text,true,,724,253,20,24,http://localhost:8080/api/auth/register,90,0,0
1777735316738,247,高级筛选搜索,200,,常规接口测试-50并发 1-11,text,true,,5782,232,20,24,http://localhost:8080/api/post/list/filter?category=运动健身&pageNum=1&pageSize=10,236,0,1
1777735316910,105,用户注册,200,,常规接口测试-50并发 1-6,text,true,,724,253,20,24,http://localhost:8080/api/auth/register,97,0,0
1777735316829,195,高级筛选搜索,200,,常规接口测试-50并发 1-1,text,true,,5782,232,20,24,http://localhost:8080/api/post/list/filter?category=运动健身&pageNum=1&pageSize=10,184,0,1
1777735316279,746,获取帖子列表,200,,常规接口测试-50并发 1-12,text,true,,5517,179,20,24,http://localhost:8080/api/post/list?pageNum=1&pageSize=10,737,0,0
1777735316824,205,高级筛选搜索,200,,常规接口测试-50并发 1-15,text,true,,5782,232,20,24,http://localhost:8080/api/post/list/filter?category=运动健身&pageNum=1&pageSize=10,196,0,1
1777735316285,745,获取帖子列表,200,,常规接口测试-50并发 1-5,text,true,,5517,179,20,24,http://localhost:8080/api/post/list?pageNum=1&pageSize=10,735,0,0
1777735316946,96,关键词搜索,400,,常规接口测试-50并发 1-16,text,false,,332,183,20,24,http://localhost:8080/api/search/keyword?q=篮球,89,0,0
1777735316955,98,用户注册,200,,常规接口测试-50并发 1-20,text,true,,724,253,20,24,http://localhost:8080/api/auth/register,91,0,1
1777735316980,75,用户登录,200,,常规接口测试-50并发 1-8,text,true,,319,218,20,24,http://localhost:8080/api/auth/login,69,0,0
1777735316986,89,用户注册,200,,常规接口测试-50并发 1-11,text,true,,724,253,20,24,http://localhost:8080/api/auth/register,83,0,0
1777735317015,63,用户登录,200,,常规接口测试-50并发 1-6,text,true,,319,218,20,24,http://localhost:8080/api/auth/login,58,0,0
1777735317025,72,关键词搜索,400,,常规接口测试-50并发 1-12,text,false,,332,183,20,24,http://localhost:8080/api/search/keyword?q=篮球,65,0,0
1777735317031,74,关键词搜索,400,,常规接口测试-50并发 1-5,text,false,,332,183,20,24,http://localhost:8080/api/search/keyword?q=篮球,60,0,0
1777735317024,83,用户注册,200,,常规接口测试-50并发 1-1,text,true,,722,253,20,24,http://localhost:8080/api/auth/register,69,0,0
1777735317029,82,用户注册,200,,常规接口测试-50并发 1-15,text,true,,723,252,20,24,http://localhost:8080/api/auth/register,70,0,0
1777735317053,76,用户登录,200,,常规接口测试-50并发 1-20,text,true,,319,218,20,24,http://localhost:8080/api/auth/login,69,0,0
1777735317075,70,用户登录,200,,常规接口测试-50并发 1-11,text,true,,319,218,20,24,http://localhost:8080/api/auth/login,67,0,0
1777735317111,55,用户登录,200,,常规接口测试-50并发 1-15,text,true,,319,218,21,25,http://localhost:8080/api/auth/login,48,0,0
1777735317107,62,用户登录,200,,常规接口测试-50并发 1-1,text,true,,319,218,21,25,http://localhost:8080/api/auth/login,54,0,0
1777735316482,689,获取帖子列表,200,,常规接口测试-50并发 1-17,text,true,,5517,179,21,25,http://localhost:8080/api/post/list?pageNum=1&pageSize=10,682,0,0
1777735316492,724,获取帖子列表,200,,常规接口测试-50并发 1-9,text,true,,5517,179,21,26,http://localhost:8080/api/post/list?pageNum=1&pageSize=10,719,0,0
1777735317156,76,用户注册,200,,常规接口测试-50并发 1-21,text,true,,722,253,21,26,http://localhost:8080/api/auth/register,63,0,1
1777735317042,206,高级筛选搜索,200,,常规接口测试-50并发 1-16,text,true,,5782,232,21,26,http://localhost:8080/api/post/list/filter?category=运动健身&pageNum=1&pageSize=10,199,0,2
1777735317171,94,关键词搜索,400,,常规接口测试-50并发 1-17,text,false,,332,183,21,26,http://localhost:8080/api/search/keyword?q=篮球,82,0,0
1777735316508,770,获取帖子列表,200,,常规接口测试-50并发 1-2,text,true,,5517,179,21,26,http://localhost:8080/api/post/list?pageNum=1&pageSize=10,755,0,0
1777735317098,222,高级筛选搜索,200,,常规接口测试-50并发 1-12,text,true,,5782,232,21,26,http://localhost:8080/api/post/list/filter?category=运动健身&pageNum=1&pageSize=10,206,0,1
1777735317105,228,高级筛选搜索,200,,常规接口测试-50并发 1-5,text,true,,5782,232,21,26,http://localhost:8080/api/post/list/filter?category=运动健身&pageNum=1&pageSize=10,213,0,2
1777735317217,120,关键词搜索,400,,常规接口测试-50并发 1-9,text,false,,332,183,21,26,http://localhost:8080/api/search/keyword?q=篮球,109,0,0
1777735317232,107,用户登录,200,,常规接口测试-50并发 1-21,text,true,,319,218,21,26,http://localhost:8080/api/auth/login,97,0,0
1777735316562,790,获取帖子列表,200,,常规接口测试-50并发 1-13,text,true,,5517,179,21,26,http://localhost:8080/api/post/list?pageNum=1&pageSize=10,783,0,0
1777735316580,774,获取帖子列表,200,,常规接口测试-50并发 1-3,text,true,,5517,179,21,26,http://localhost:8080/api/post/list?pageNum=1&pageSize=10,767,0,0
1777735317248,108,用户注册,200,,常规接口测试-50并发 1-16,text,true,,724,253,22,27,http://localhost:8080/api/auth/register,100,0,0
1777735317278,107,关键词搜索,400,,常规接口测试-50并发 1-2,text,false,,332,183,22,27,http://localhost:8080/api/search/keyword?q=篮球,100,0,0
1777735317320,91,用户注册,200,,常规接口测试-50并发 1-12,text,true,,724,253,22,27,http://localhost:8080/api/auth/register,85,0,0
1777735317333,96,用户注册,200,,常规接口测试-50并发 1-5,text,true,,724,253,22,27,http://localhost:8080/api/auth/register,82,0,0
1777735317356,96,用户登录,200,,常规接口测试-50并发 1-16,text,true,,319,218,22,27,http://localhost:8080/api/auth/login,78,0,0
1777735317352,104,关键词搜索,400,,常规接口测试-50并发 1-13,text,false,,332,183,22,27,http://localhost:8080/api/search/keyword?q=篮球,85,0,0
1777735317355,129,关键词搜索,400,,常规接口测试-50并发 1-3,text,false,,332,183,22,27,http://localhost:8080/api/search/keyword?q=篮球,96,0,0
1777735316668,824,获取帖子列表,200,,常规接口测试-50并发 1-7,text,true,,5517,179,22,27,http://localhost:8080/api/post/list?pageNum=1&pageSize=10,787,0,0
1777735316687,812,获取帖子列表,200,,常规接口测试-50并发 1-4,text,true,,5517,179,22,27,http://localhost:8080/api/post/list?pageNum=1&pageSize=10,771,0,0
1777735317356,143,用户注册,200,,常规接口测试-50并发 1-22,text,true,,724,253,22,27,http://localhost:8080/api/auth/register,109,0,1
1777735316635,868,获取帖子列表,200,,常规接口测试-50并发 1-18,text,true,,5517,179,22,27,http://localhost:8080/api/post/list?pageNum=1&pageSize=10,840,0,0
1777735317265,271,高级筛选搜索,200,,常规接口测试-50并发 1-17,text,true,,5782,232,22,27,http://localhost:8080/api/post/list/filter?category=运动健身&pageNum=1&pageSize=10,259,0,1
1777735317412,145,用户登录,200,,常规接口测试-50并发 1-12,text,true,,319,218,23,28,http://localhost:8080/api/auth/login,136,0,0
1777735317430,140,用户登录,200,,常规接口测试-50并发 1-5,text,true,,319,218,23,28,http://localhost:8080/api/auth/login,129,0,0
1777735317337,235,高级筛选搜索,200,,常规接口测试-50并发 1-9,text,true,,5782,232,23,28,http://localhost:8080/api/post/list/filter?category=运动健身&pageNum=1&pageSize=10,225,0,1
1777735317500,97,用户登录,200,,常规接口测试-50并发 1-22,text,true,,319,218,23,28,http://localhost:8080/api/auth/login,87,0,0
1777735317493,116,关键词搜索,400,,常规接口测试-50并发 1-7,text,false,,332,183,23,28,http://localhost:8080/api/search/keyword?q=篮球,100,0,0
1777735317500,116,关键词搜索,400,,常规接口测试-50并发 1-4,text,false,,332,183,23,28,http://localhost:8080/api/search/keyword?q=篮球,101,0,0
1777735317503,117,关键词搜索,400,,常规接口测试-50并发 1-18,text,false,,332,183,23,28,http://localhost:8080/api/search/keyword?q=篮球,104,0,0
1777735317385,242,高级筛选搜索,200,,常规接口测试-50并发 1-2,text,true,,5782,232,23,28,http://localhost:8080/api/post/list/filter?category=运动健身&pageNum=1&pageSize=10,233,0,1
1777735317536,108,用户注册,200,,常规接口测试-50并发 1-17,text,true,,724,253,23,28,http://localhost:8080/api/auth/register,97,0,0
1777735317555,101,用户注册,200,,常规接口测试-50并发 1-23,text,true,,724,253,23,28,http://localhost:8080/api/auth/register,89,0,0
1777735316857,804,获取帖子列表,200,,常规接口测试-50并发 1-10,text,true,,5517,179,23,28,http://localhost:8080/api/post/list?pageNum=1&pageSize=10,789,0,0
1777735317572,116,用户注册,200,,常规接口测试-50并发 1-9,text,true,,724,253,23,28,http://localhost:8080/api/auth/register,97,0,0
1777735316904,811,获取帖子列表,200,,常规接口测试-50并发 1-14,text,true,,5517,179,23,28,http://localhost:8080/api/post/list?pageNum=1&pageSize=10,797,0,0
1777735317457,260,高级筛选搜索,200,,常规接口测试-50并发 1-13,text,true,,5782,232,23,28,http://localhost:8080/api/post/list/filter?category=运动健身&pageNum=1&pageSize=10,246,0,1
1777735317484,236,高级筛选搜索,200,,常规接口测试-50并发 1-3,text,true,,5782,232,23,28,http://localhost:8080/api/post/list/filter?category=运动健身&pageNum=1&pageSize=10,221,0,1
1777735316950,801,获取帖子列表,200,,常规接口测试-50并发 1-19,text,true,,5517,179,23,28,http://localhost:8080/api/post/list?pageNum=1&pageSize=10,785,0,0
1777735317627,125,用户注册,200,,常规接口测试-50并发 1-2,text,true,,724,253,23,28,http://localhost:8080/api/auth/register,113,0,0
1777735317656,111,用户登录,200,,常规接口测试-50并发 1-23,text,true,,319,218,24,29,http://localhost:8080/api/auth/login,100,0,0
1777735317644,140,用户登录,200,,常规接口测试-50并发 1-17,text,true,,319,218,24,29,http://localhost:8080/api/auth/login,121,0,0
1777735317688,106,用户登录,200,,常规接口测试-50并发 1-9,text,true,,319,218,24,29,http://localhost:8080/api/auth/login,104,0,0
1777735317661,139,关键词搜索,400,,常规接口测试-50并发 1-10,text,false,,332,183,24,29,http://localhost:8080/api/search/keyword?q=篮球,128,0,0
1777735317609,211,高级筛选搜索,200,,常规接口测试-50并发 1-7,text,true,,5782,232,24,29,http://localhost:8080/api/post/list/filter?category=运动健身&pageNum=1&pageSize=10,201,0,1
1777735317616,209,高级筛选搜索,200,,常规接口测试-50并发 1-4,text,true,,5782,232,24,29,http://localhost:8080/api/post/list/filter?category=运动健身&pageNum=1&pageSize=10,199,0,1
1777735317715,123,关键词搜索,400,,常规接口测试-50并发 1-14,text,false,,332,183,24,29,http://localhost:8080/api/search/keyword?q=篮球,115,0,0
1777735317718,121,用户注册,200,,常规接口测试-50并发 1-13,text,true,,724,253,24,29,http://localhost:8080/api/auth/register,112,0,0
1777735317620,225,高级筛选搜索,200,,常规接口测试-50并发 1-18,text,true,,5782,232,24,29,http://localhost:8080/api/post/list/filter?category=运动健身&pageNum=1&pageSize=10,215,0,1
1777735317720,128,用户注册,200,,常规接口测试-50并发 1-3,text,true,,724,253,24,29,http://localhost:8080/api/auth/register,117,0,0
1777735317753,96,用户登录,200,,常规接口测试-50并发 1-2,text,true,,319,218,24,29,http://localhost:8080/api/auth/login,85,0,0
1777735317752,113,关键词搜索,400,,常规接口测试-50并发 1-19,text,false,,332,183,24,29,http://localhost:8080/api/search/keyword?q=篮球,103,0,0
1777735317757,118,用户注册,200,,常规接口测试-50并发 1-24,text,true,,724,253,24,29,http://localhost:8080/api/auth/register,106,0,1
1777735317055,821,获取帖子列表,200,,常规接口测试-50并发 1-8,text,true,,5517,179,24,29,http://localhost:8080/api/post/list?pageNum=1&pageSize=10,808,0,0
1777735317079,813,获取帖子列表,200,,常规接口测试-50并发 1-6,text,true,,5517,179,24,29,http://localhost:8080/api/post/list?pageNum=1&pageSize=10,801,0,0
1777735317129,798,获取帖子列表,200,,常规接口测试-50并发 1-20,text,true,,5517,179,24,29,http://localhost:8080/api/post/list?pageNum=1&pageSize=10,786,0,0
1777735317145,789,获取帖子列表,200,,常规接口测试-50并发 1-11,text,true,,5517,179,24,29,http://localhost:8080/api/post/list?pageNum=1&pageSize=10,778,0,0
1777735317821,121,用户注册,200,,常规接口测试-50并发 1-7,text,true,,724,253,24,29,http://localhost:8080/api/auth/register,108,0,0
1777735317826,117,用户注册,200,,常规接口测试-50并发 1-4,text,true,,724,253,24,29,http://localhost:8080/api/auth/register,103,0,0
1777735317840,113,用户登录,200,,常规接口测试-50并发 1-13,text,true,,319,218,24,29,http://localhost:8080/api/auth/login,97,0,0
1777735317849,118,用户登录,200,,常规接口测试-50并发 1-3,text,true,,319,218,25,30,http://localhost:8080/api/auth/login,97,0,0
1777735317845,151,用户注册,200,,常规接口测试-50并发 1-18,text,true,,724,253,25,30,http://localhost:8080/api/auth/register,131,0,0
1777735317875,141,用户登录,200,,常规接口测试-50并发 1-24,text,true,,319,218,25,30,http://localhost:8080/api/auth/login,127,0,0
1777735317876,156,关键词搜索,400,,常规接口测试-50并发 1-8,text,false,,332,183,25,30,http://localhost:8080/api/search/keyword?q=篮球,145,0,0
1777735317169,867,获取帖子列表,200,,常规接口测试-50并发 1-1,text,true,,5517,179,25,30,http://localhost:8080/api/post/list?pageNum=1&pageSize=10,855,0,0
1777735317166,870,获取帖子列表,200,,常规接口测试-50并发 1-15,text,true,,5517,179,25,30,http://localhost:8080/api/post/list?pageNum=1&pageSize=10,859,0,0
1777735317800,240,高级筛选搜索,200,,常规接口测试-50并发 1-10,text,true,,5782,232,25,30,http://localhost:8080/api/post/list/filter?category=运动健身&pageNum=1&pageSize=10,227,0,1
1777735317892,159,关键词搜索,400,,常规接口测试-50并发 1-6,text,false,,332,183,25,30,http://localhost:8080/api/search/keyword?q=篮球,146,0,0
1777735317838,221,高级筛选搜索,200,,常规接口测试-50并发 1-14,text,true,,5782,232,25,30,http://localhost:8080/api/post/list/filter?category=运动健身&pageNum=1&pageSize=10,209,0,1
1777735317943,125,用户登录,200,,常规接口测试-50并发 1-7,text,true,,319,218,25,30,http://localhost:8080/api/auth/login,115,0,0
1777735317943,132,用户登录,200,,常规接口测试-50并发 1-4,text,true,,319,218,25,30,http://localhost:8080/api/auth/login,120,0,0
1777735317865,213,高级筛选搜索,200,,常规接口测试-50并发 1-19,text,true,,5782,232,25,30,http://localhost:8080/api/post/list/filter?category=运动健身&pageNum=1&pageSize=10,200,0,1
1777735317927,152,关键词搜索,400,,常规接口测试-50并发 1-20,text,false,,332,183,25,30,http://localhost:8080/api/search/keyword?q=篮球,139,0,0
1777735317934,149,关键词搜索,400,,常规接口测试-50并发 1-11,text,false,,332,183,25,30,http://localhost:8080/api/search/keyword?q=篮球,138,0,0
1777735317956,137,用户注册,200,,常规接口测试-50并发 1-25,text,true,,723,252,25,30,http://localhost:8080/api/auth/register,124,0,1
1777735317996,142,用户登录,200,,常规接口测试-50并发 1-18,text,true,,319,218,25,30,http://localhost:8080/api/auth/login,101,0,0
1777735317339,833,获取帖子列表,200,,常规接口测试-50并发 1-21,text,true,,5517,179,26,31,http://localhost:8080/api/post/list?pageNum=1&pageSize=10,819,0,0
1777735318036,144,关键词搜索,400,,常规接口测试-50并发 1-1,text,false,,332,183,26,31,http://localhost:8080/api/search/keyword?q=篮球,133,0,0
1777735318040,147,用户注册,200,,常规接口测试-50并发 1-10,text,true,,724,253,26,31,http://localhost:8080/api/auth/register,137,0,0
1777735318036,163,关键词搜索,400,,常规接口测试-50并发 1-15,text,false,,332,183,26,31,http://localhost:8080/api/search/keyword?q=篮球,150,0,0
1777735318060,147,用户注册,200,,常规接口测试-50并发 1-14,text,true,,724,253,26,31,http://localhost:8080/api/auth/register,135,0,0
1777735318078,167,用户注册,200,,常规接口测试-50并发 1-19,text,true,,724,253,26,31,http://localhost:8080/api/auth/register,144,0,0
1777735318094,157,用户登录,200,,常规接口测试-50并发 1-25,text,true,,319,218,26,31,http://localhost:8080/api/auth/login,145,0,0
1777735318156,154,用户注册,200,,常规接口测试-50并发 1-26,text,true,,724,253,26,31,http://localhost:8080/api/auth/register,139,0,1
1777735318173,152,关键词搜索,400,,常规接口测试-50并发 1-21,text,false,,332,183,26,31,http://localhost:8080/api/search/keyword?q=篮球,141,0,0
1777735318188,141,用户登录,200,,常规接口测试-50并发 1-10,text,true,,319,218,26,31,http://localhost:8080/api/auth/login,130,0,0
1777735318032,300,高级筛选搜索,200,,常规接口测试-50并发 1-8,text,true,,5782,232,26,31,http://localhost:8080/api/post/list/filter?category=运动健身&pageNum=1&pageSize=10,290,0,1
1777735318207,141,用户登录,200,,常规接口测试-50并发 1-14,text,true,,319,218,26,31,http://localhost:8080/api/auth/login,125,0,0
1777735317453,903,获取帖子列表,200,,常规接口测试-50并发 1-16,text,true,,5517,179,27,32,http://localhost:8080/api/post/list?pageNum=1&pageSize=10,882,0,0
1777735318246,133,用户登录,200,,常规接口测试-50并发 1-19,text,true,,319,218,27,32,http://localhost:8080/api/auth/login,116,0,0
1777735318051,354,高级筛选搜索,200,,常规接口测试-50并发 1-6,text,true,,5782,232,27,32,http://localhost:8080/api/post/list/filter?category=运动健身&pageNum=1&pageSize=10,335,0,1
1777735318079,360,高级筛选搜索,200,,常规接口测试-50并发 1-20,text,true,,5782,232,27,32,http://localhost:8080/api/post/list/filter?category=运动健身&pageNum=1&pageSize=10,339,0,1
1777735318083,365,高级筛选搜索,200,,常规接口测试-50并发 1-11,text,true,,5782,232,27,32,http://localhost:8080/api/post/list/filter?category=运动健身&pageNum=1&pageSize=10,340,0,1
1777735318310,145,用户登录,200,,常规接口测试-50并发 1-26,text,true,,319,218,27,32,http://localhost:8080/api/auth/login,120,0,0
1777735317557,940,获取帖子列表,200,,常规接口测试-50并发 1-12,text,true,,5517,179,27,32,http://localhost:8080/api/post/list?pageNum=1&pageSize=10,921,0,0
1777735318181,321,高级筛选搜索,200,,常规接口测试-50并发 1-1,text,true,,5782,232,27,32,http://localhost:8080/api/post/list/filter?category=运动健身&pageNum=1&pageSize=10,302,0,0
1777735318200,304,高级筛选搜索,200,,常规接口测试-50并发 1-15,text,true,,5782,232,27,32,http://localhost:8080/api/post/list/filter?category=运动健身&pageNum=1&pageSize=10,283,0,1
1777735317570,943,获取帖子列表,200,,常规接口测试-50并发 1-5,text,true,,5517,179,27,32,http://localhost:8080/api/post/list?pageNum=1&pageSize=10,918,0,0
1777735318333,184,用户注册,200,,常规接口测试-50并发 1-8,text,true,,724,253,27,32,http://localhost:8080/api/auth/register,160,0,0
1777735318355,175,用户注册,200,,常规接口测试-50并发 1-27,text,true,,724,253,27,32,http://localhost:8080/api/auth/register,152,0,1
1777735317597,964,获取帖子列表,200,,常规接口测试-50并发 1-22,text,true,,5517,179,28,33,http://localhost:8080/api/post/list?pageNum=1&pageSize=10,938,0,0
1777735318356,210,关键词搜索,400,,常规接口测试-50并发 1-16,text,false,,332,183,28,33,http://localhost:8080/api/search/keyword?q=篮球,185,0,0
1777735318406,192,用户注册,200,,常规接口测试-50并发 1-6,text,true,,724,253,28,33,http://localhost:8080/api/auth/register,168,0,0
1777735318325,296,高级筛选搜索,200,,常规接口测试-50并发 1-21,text,true,,5782,232,28,33,http://localhost:8080/api/post/list/filter?category=运动健身&pageNum=1&pageSize=10,281,0,1
1777735318440,187,用户注册,200,,常规接口测试-50并发 1-20,text,true,,724,253,28,33,http://localhost:8080/api/auth/register,174,0,0
1777735318448,181,用户注册,200,,常规接口测试-50并发 1-11,text,true,,723,252,28,33,http://localhost:8080/api/auth/register,168,0,0
1777735318518,144,用户登录,200,,常规接口测试-50并发 1-8,text,true,,319,218,28,33,http://localhost:8080/api/auth/login,142,0,0
1777735318502,167,用户注册,200,,常规接口测试-50并发 1-1,text,true,,722,253,28,33,http://localhost:8080/api/auth/register,151,0,0
1777735318505,177,用户注册,200,,常规接口测试-50并发 1-15,text,true,,724,253,28,33,http://localhost:8080/api/auth/register,162,0,0
1777735317768,918,获取帖子列表,200,,常规接口测试-50并发 1-23,text,true,,5517,179,28,33,http://localhost:8080/api/post/list?pageNum=1&pageSize=10,902,0,0
1777735318498,190,关键词搜索,400,,常规接口测试-50并发 1-12,text,false,,332,183,28,33,http://localhost:8080/api/search/keyword?q=篮球,174,0,0
1777735318531,158,用户登录,200,,常规接口测试-50并发 1-27,text,true,,319,218,28,33,http://localhost:8080/api/auth/login,142,0,0
1777735318514,181,关键词搜索,400,,常规接口测试-50并发 1-5,text,false,,332,183,28,33,http://localhost:8080/api/search/keyword?q=篮球,167,0,0
1777735318555,149,用户注册,200,,常规接口测试-50并发 1-28,text,true,,724,253,28,33,http://localhost:8080/api/auth/register,136,0,0
1777735317794,915,获取帖子列表,200,,常规接口测试-50并发 1-9,text,true,,5517,179,28,33,http://localhost:8080/api/post/list?pageNum=1&pageSize=10,903,0,0
1777735318562,158,关键词搜索,400,,常规接口测试-50并发 1-22,text,false,,332,183,28,33,http://localhost:8080/api/search/keyword?q=篮球,143,0,0
1777735318599,128,用户登录,200,,常规接口测试-50并发 1-6,text,true,,319,218,28,33,http://localhost:8080/api/auth/login,113,0,0
1777735317849,887,获取帖子列表,200,,常规接口测试-50并发 1-2,text,true,,5517,179,28,33,http://localhost:8080/api/post/list?pageNum=1&pageSize=10,869,0,0
1777735318627,115,用户登录,200,,常规接口测试-50并发 1-20,text,true,,319,218,28,33,http://localhost:8080/api/auth/login,94,0,0
1777735317785,974,获取帖子列表,200,,常规接口测试-50并发 1-17,text,true,,5517,179,29,34,http://localhost:8080/api/post/list?pageNum=1&pageSize=10,947,0,0
1777735318621,146,用户注册,200,,常规接口测试-50并发 1-21,text,true,,724,253,29,34,http://localhost:8080/api/auth/register,117,0,0
1777735318630,149,用户登录,200,,常规接口测试-50并发 1-11,text,true,,319,218,29,34,http://localhost:8080/api/auth/login,117,0,0
1777735318669,184,用户登录,200,,常规接口测试-50并发 1-1,text,true,,319,218,29,34,http://localhost:8080/api/auth/login,154,0,0
1777735318566,298,高级筛选搜索,200,,常规接口测试-50并发 1-16,text,true,,5782,232,29,34,http://localhost:8080/api/post/list/filter?category=运动健身&pageNum=1&pageSize=10,266,0,1
1777735318683,192,用户登录,200,,常规接口测试-50并发 1-15,text,true,,319,218,29,34,http://localhost:8080/api/auth/login,161,0,0
1777735318704,217,用户登录,200,,常规接口测试-50并发 1-28,text,true,,319,218,29,34,http://localhost:8080/api/auth/login,190,0,0
1777735318687,244,关键词搜索,400,,常规接口测试-50并发 1-23,text,false,,332,183,29,34,http://localhost:8080/api/search/keyword?q=篮球,216,0,0
1777735317954,981,获取帖子列表,200,,常规接口测试-50并发 1-13,text,true,,5517,179,29,34,http://localhost:8080/api/post/list?pageNum=1&pageSize=10,953,0,0
1777735317968,1048,获取帖子列表,200,,常规接口测试-50并发 1-3,text,true,,5517,179,30,35,http://localhost:8080/api/post/list?pageNum=1&pageSize=10,1029,0,0
1777735318709,313,关键词搜索,400,,常规接口测试-50并发 1-9,text,false,,332,183,30,35,http://localhost:8080/api/search/keyword?q=篮球,294,0,0
1777735318016,1009,获取帖子列表,200,,常规接口测试-50并发 1-24,text,true,,5517,179,30,35,http://localhost:8080/api/post/list?pageNum=1&pageSize=10,1007,0,0
1777735318688,344,高级筛选搜索,200,,常规接口测试-50并发 1-12,text,true,,5782,232,30,35,http://localhost:8080/api/post/list/filter?category=运动健身&pageNum=1&pageSize=10,326,0,1
1777735318695,339,高级筛选搜索,200,,常规接口测试-50并发 1-5,text,true,,5782,232,30,35,http://localhost:8080/api/post/list/filter?category=运动健身&pageNum=1&pageSize=10,322,0,1
1777735318757,279,用户注册,200,,常规接口测试-50并发 1-29,text,true,,722,253,30,35,http://localhost:8080/api/auth/register,263,0,1
1777735318768,273,用户登录,200,,常规接口测试-50并发 1-21,text,true,,319,218,30,35,http://localhost:8080/api/auth/login,255,0,0
1777735318736,311,关键词搜索,400,,常规接口测试-50并发 1-2,text,false,,332,183,30,35,http://localhost:8080/api/search/keyword?q=篮球,296,0,0
1777735318068,994,获取帖子列表,200,,常规接口测试-50并发 1-7,text,true,,5517,179,30,35,http://localhost:8080/api/post/list?pageNum=1&pageSize=10,977,0,0
1777735318759,305,关键词搜索,400,,常规接口测试-50并发 1-17,text,false,,332,183,30,35,http://localhost:8080/api/search/keyword?q=篮球,287,0,0
1777735318076,997,获取帖子列表,200,,常规接口测试-50并发 1-4,text,true,,5517,179,30,35,http://localhost:8080/api/post/list?pageNum=1&pageSize=10,975,0,0
1777735318720,355,高级筛选搜索,200,,常规接口测试-50并发 1-22,text,true,,5782,232,30,35,http://localhost:8080/api/post/list/filter?category=运动健身&pageNum=1&pageSize=10,335,0,1
1777735318864,252,用户注册,200,,常规接口测试-50并发 1-16,text,true,,724,253,30,35,http://localhost:8080/api/auth/register,224,0,0
1777735318138,986,获取帖子列表,200,,常规接口测试-50并发 1-18,text,true,,5517,179,30,35,http://localhost:8080/api/post/list?pageNum=1&pageSize=10,967,0,0
1777735318251,914,获取帖子列表,200,,常规接口测试-50并发 1-25,text,true,,5517,179,31,36,http://localhost:8080/api/post/list?pageNum=1&pageSize=10,888,0,0
1777735318979,201,用户注册,200,,常规接口测试-50并发 1-30,text,true,,724,253,31,36,http://localhost:8080/api/auth/register,167,0,2
1777735318936,272,关键词搜索,400,,常规接口测试-50并发 1-13,text,false,,332,183,31,36,http://localhost:8080/api/search/keyword?q=篮球,242,0,0
1777735318329,906,获取帖子列表,200,,常规接口测试-50并发 1-10,text,true,,5517,179,31,36,http://localhost:8080/api/post/list?pageNum=1&pageSize=10,876,0,0
1777735319036,200,用户登录,200,,常规接口测试-50并发 1-29,text,true,,319,218,31,36,http://localhost:8080/api/auth/login,170,0,0
1777735319032,209,用户注册,200,,常规接口测试-50并发 1-12,text,true,,724,253,31,36,http://localhost:8080/api/auth/register,184,0,0
1777735319016,230,关键词搜索,400,,常规接口测试-50并发 1-3,text,false,,332,183,31,36,http://localhost:8080/api/search/keyword?q=篮球,209,0,0
1777735319034,214,用户注册,200,,常规接口测试-50并发 1-5,text,true,,724,253,31,36,http://localhost:8080/api/auth/register,195,0,0
1777735319026,227,关键词搜索,400,,常规接口测试-50并发 1-24,text,false,,332,183,31,36,http://localhost:8080/api/search/keyword?q=篮球,207,0,0
1777735318348,912,获取帖子列表,200,,常规接口测试-50并发 1-14,text,true,,5517,179,31,36,http://localhost:8080/api/post/list?pageNum=1&pageSize=10,892,0,0
1777735318932,339,高级筛选搜索,200,,常规接口测试-50并发 1-23,text,true,,5782,232,31,36,http://localhost:8080/api/post/list/filter?category=运动健身&pageNum=1&pageSize=10,324,0,0
1777735319076,204,用户注册,200,,常规接口测试-50并发 1-22,text,true,,724,253,31,36,http://localhost:8080/api/auth/register,185,0,0
1777735318379,903,获取帖子列表,200,,常规接口测试-50并发 1-19,text,true,,5517,179,31,36,http://localhost:8080/api/post/list?pageNum=1&pageSize=10,882,0,0
1777735319062,242,关键词搜索,400,,常规接口测试-50并发 1-7,text,false,,332,183,31,36,http://localhost:8080/api/search/keyword?q=篮球,213,0,0
1777735319074,241,关键词搜索,400,,常规接口测试-50并发 1-4,text,false,,332,183,31,36,http://localhost:8080/api/search/keyword?q=篮球,210,0,0
1777735319116,201,用户登录,200,,常规接口测试-50并发 1-16,text,true,,319,218,31,36,http://localhost:8080/api/auth/login,171,0,0
1777735319022,297,高级筛选搜索,200,,常规接口测试-50并发 1-9,text,true,,5782,232,31,36,http://localhost:8080/api/post/list/filter?category=运动健身&pageNum=1&pageSize=10,268,0,0
1777735319047,295,高级筛选搜索,200,,常规接口测试-50并发 1-2,text,true,,5782,232,31,36,http://localhost:8080/api/post/list/filter?category=运动健身&pageNum=1&pageSize=10,276,0,1
1777735319064,293,高级筛选搜索,200,,常规接口测试-50并发 1-17,text,true,,5782,232,32,37,http://localhost:8080/api/post/list/filter?category=运动健身&pageNum=1&pageSize=10,275,0,1
1777735319124,234,关键词搜索,400,,常规接口测试-50并发 1-18,text,false,,332,183,32,37,http://localhost:8080/api/search/keyword?q=篮球,216,0,0
1777735319155,211,用户注册,200,,常规接口测试-50并发 1-31,text,true,,724,253,32,37,http://localhost:8080/api/auth/register,192,0,1
1777735319180,188,用户登录,200,,常规接口测试-50并发 1-30,text,true,,319,218,32,37,http://localhost:8080/api/auth/login,169,0,0
1777735318455,924,获取帖子列表,200,,常规接口测试-50并发 1-26,text,true,,5517,179,32,37,http://localhost:8080/api/post/list?pageNum=1&pageSize=10,900,0,0
1777735319166,231,关键词搜索,400,,常规接口测试-50并发 1-25,text,false,,332,183,32,37,http://localhost:8080/api/search/keyword?q=篮球,209,0,0
1777735319241,180,用户登录,200,,常规接口测试-50并发 1-12,text,true,,319,218,32,37,http://localhost:8080/api/auth/login,154,0,0
1777735319249,185,用户登录,200,,常规接口测试-50并发 1-5,text,true,,319,218,32,37,http://localhost:8080/api/auth/login,163,0,0
1777735319235,217,关键词搜索,400,,常规接口测试-50并发 1-10,text,false,,332,183,32,37,http://localhost:8080/api/search/keyword?q=篮球,197,0,0
1777735319280,186,用户登录,200,,常规接口测试-50并发 1-22,text,true,,319,218,32,37,http://localhost:8080/api/auth/login,165,0,0
1777735319208,261,高级筛选搜索,200,,常规接口测试-50并发 1-13,text,true,,5782,232,32,37,http://localhost:8080/api/post/list/filter?category=运动健身&pageNum=1&pageSize=10,239,0,1
1777735319271,199,用户注册,200,,常规接口测试-50并发 1-23,text,true,,724,253,32,37,http://localhost:8080/api/auth/register,178,0,0
1777735319260,216,关键词搜索,400,,常规接口测试-50并发 1-14,text,false,,332,183,32,37,http://localhost:8080/api/search/keyword?q=篮球,195,0,0
1777735319282,234,关键词搜索,400,,常规接口测试-50并发 1-19,text,false,,332,183,32,37,http://localhost:8080/api/search/keyword?q=篮球,207,0,0
1777735319319,243,用户注册,200,,常规接口测试-50并发 1-9,text,true,,724,253,33,38,http://localhost:8080/api/auth/register,174,0,0
1777735318662,933,获取帖子列表,200,,常规接口测试-50并发 1-8,text,true,,5517,179,33,38,http://localhost:8080/api/post/list?pageNum=1&pageSize=10,849,0,0
1777735319342,268,用户注册,200,,常规接口测试-50并发 1-2,text,true,,724,253,33,38,http://localhost:8080/api/auth/register,244,0,0
1777735319254,359,高级筛选搜索,200,,常规接口测试-50并发 1-24,text,true,,5782,232,33,38,http://localhost:8080/api/post/list/filter?category=运动健身&pageNum=1&pageSize=10,337,0,0
1777735319247,370,高级筛选搜索,200,,常规接口测试-50并发 1-3,text,true,,5782,232,33,38,http://localhost:8080/api/post/list/filter?category=运动健身&pageNum=1&pageSize=10,350,0,0
1777735319366,256,用户登录,200,,常规接口测试-50并发 1-31,text,true,,319,218,33,38,http://localhost:8080/api/auth/login,236,0,0
1777735319355,267,用户注册,200,,常规接口测试-50并发 1-32,text,true,,724,253,33,38,http://localhost:8080/api/auth/register,249,0,1
1777735319358,271,用户注册,200,,常规接口测试-50并发 1-17,text,true,,724,253,33,38,http://localhost:8080/api/auth/register,251,0,0
1777735318689,944,获取帖子列表,200,,常规接口测试-50并发 1-27,text,true,,5517,179,33,38,http://localhost:8080/api/post/list?pageNum=1&pageSize=10,924,0,0
1777735319304,353,高级筛选搜索,200,,常规接口测试-50并发 1-7,text,true,,5782,232,33,38,http://localhost:8080/api/post/list/filter?category=运动健身&pageNum=1&pageSize=10,336,0,1
1777735319379,287,关键词搜索,400,,常规接口测试-50并发 1-26,text,false,,332,183,33,38,http://localhost:8080/api/search/keyword?q=篮球,267,0,0
1777735319315,353,高级筛选搜索,200,,常规接口测试-50并发 1-4,text,true,,5782,232,33,38,http://localhost:8080/api/post/list/filter?category=运动健身&pageNum=1&pageSize=10,334,0,1
1777735318727,946,获取帖子列表,200,,常规接口测试-50并发 1-6,text,true,,5517,179,33,38,http://localhost:8080/api/post/list?pageNum=1&pageSize=10,926,0,0
1777735318742,948,获取帖子列表,200,,常规接口测试-50并发 1-20,text,true,,5517,179,33,38,http://localhost:8080/api/post/list?pageNum=1&pageSize=10,924,0,0
1777735319359,345,高级筛选搜索,200,,常规接口测试-50并发 1-18,text,true,,5782,232,33,38,http://localhost:8080/api/post/list/filter?category=运动健身&pageNum=1&pageSize=10,320,0,0
1777735319470,265,用户登录,200,,常规接口测试-50并发 1-23,text,true,,319,218,33,38,http://localhost:8080/api/auth/login,229,0,0
1777735319470,273,用户注册,200,,常规接口测试-50并发 1-13,text,true,,724,253,33,38,http://localhost:8080/api/auth/register,241,0,0
1777735319398,349,高级筛选搜索,200,,常规接口测试-50并发 1-25,text,true,,5782,232,33,38,http://localhost:8080/api/post/list/filter?category=运动健身&pageNum=1&pageSize=10,321,0,1
1777735319562,189,用户登录,200,,常规接口测试-50并发 1-9,text,true,,319,218,33,38,http://localhost:8080/api/auth/login,164,0,0
1777735318779,999,获取帖子列表,200,,常规接口测试-50并发 1-11,text,true,,5517,179,34,39,http://localhost:8080/api/post/list?pageNum=1&pageSize=10,966,0,0
1777735319559,245,用户注册,200,,常规接口测试-50并发 1-33,text,true,,724,253,34,39,http://localhost:8080/api/auth/register,216,0,2
1777735319611,211,用户登录,200,,常规接口测试-50并发 1-2,text,true,,319,218,34,39,http://localhost:8080/api/auth/login,187,0,0
1777735319595,228,关键词搜索,400,,常规接口测试-50并发 1-8,text,false,,332,183,34,39,http://localhost:8080/api/search/keyword?q=篮球,206,0,0
1777735318854,973,获取帖子列表,200,,常规接口测试-50并发 1-1,text,true,,5517,179,34,39,http://localhost:8080/api/post/list?pageNum=1&pageSize=10,954,0,0
1777735319614,219,用户注册,200,,常规接口测试-50并发 1-24,text,true,,724,253,34,39,http://localhost:8080/api/auth/register,203,0,0
1777735319623,213,用户登录,200,,常规接口测试-50并发 1-32,text,true,,319,218,34,39,http://localhost:8080/api/auth/login,197,0,0
1777735319617,222,用户注册,200,,常规接口测试-50并发 1-3,text,true,,724,253,34,39,http://localhost:8080/api/auth/register,205,0,0
1777735319629,216,用户登录,200,,常规接口测试-50并发 1-17,text,true,,319,218,34,39,http://localhost:8080/api/auth/login,196,0,0
1777735319452,403,高级筛选搜索,200,,常规接口测试-50并发 1-10,text,true,,5782,232,34,39,http://localhost:8080/api/post/list/filter?category=运动健身&pageNum=1&pageSize=10,378,0,1
1777735318875,981,获取帖子列表,200,,常规接口测试-50并发 1-15,text,true,,5517,179,34,39,http://localhost:8080/api/post/list?pageNum=1&pageSize=10,956,0,0
1777735319476,387,高级筛选搜索,200,,常规接口测试-50并发 1-14,text,true,,5782,232,34,39,http://localhost:8080/api/post/list/filter?category=运动健身&pageNum=1&pageSize=10,360,0,1
1777735319669,197,用户注册,200,,常规接口测试-50并发 1-4,text,true,,723,252,34,39,http://localhost:8080/api/auth/register,172,0,0
1777735318921,953,获取帖子列表,200,,常规接口测试-50并发 1-28,text,true,,5517,179,34,39,http://localhost:8080/api/post/list?pageNum=1&pageSize=10,937,0,0
1777735319657,217,用户注册,200,,常规接口测试-50并发 1-7,text,true,,724,253,34,39,http://localhost:8080/api/auth/register,202,0,0
1777735319516,360,高级筛选搜索,200,,常规接口测试-50并发 1-19,text,true,,5782,232,34,39,http://localhost:8080/api/post/list/filter?category=运动健身&pageNum=1&pageSize=10,346,0,1
1777735319633,245,关键词搜索,400,,常规接口测试-50并发 1-27,text,false,,332,183,34,39,http://localhost:8080/api/search/keyword?q=篮球,229,0,0
1777735319041,854,获取帖子列表,200,,常规接口测试-50并发 1-21,text,true,,5517,179,34,39,http://localhost:8080/api/post/list?pageNum=1&pageSize=10,831,0,0
1777735319704,229,用户注册,200,,常规接口测试-50并发 1-18,text,true,,724,253,34,39,http://localhost:8080/api/auth/register,204,0,0
1777735319673,262,关键词搜索,400,,常规接口测试-50并发 1-6,text,false,,332,183,34,39,http://localhost:8080/api/search/keyword?q=篮球,236,0,0
1777735319691,251,关键词搜索,400,,常规接口测试-50并发 1-20,text,false,,332,183,34,39,http://localhost:8080/api/search/keyword?q=篮球,226,0,0
1777735319743,202,用户登录,200,,常规接口测试-50并发 1-13,text,true,,319,218,34,39,http://localhost:8080/api/auth/login,177,0,0
1777735319666,281,高级筛选搜索,200,,常规接口测试-50并发 1-26,text,true,,5782,232,34,39,http://localhost:8080/api/post/list/filter?category=运动健身&pageNum=1&pageSize=10,256,0,2
1777735319747,220,用户注册,200,,常规接口测试-50并发 1-25,text,true,,724,253,35,40,http://localhost:8080/api/auth/register,190,0,0
1777735319756,239,用户注册,200,,常规接口测试-50并发 1-34,text,true,,724,253,35,40,http://localhost:8080/api/auth/register,196,0,3
1777735319804,229,用户登录,200,,常规接口测试-50并发 1-33,text,true,,319,218,35,40,http://localhost:8080/api/auth/login,176,0,0
1777735319778,290,关键词搜索,400,,常规接口测试-50并发 1-11,text,false,,332,183,35,40,http://localhost:8080/api/search/keyword?q=篮球,243,0,0
1777735319833,261,用户登录,200,,常规接口测试-50并发 1-24,text,true,,319,218,35,40,http://localhost:8080/api/auth/login,224,0,0
1777735319839,266,用户登录,200,,常规接口测试-50并发 1-3,text,true,,319,218,35,40,http://localhost:8080/api/auth/login,230,0,0
1777735319855,277,用户注册,200,,常规接口测试-50并发 1-10,text,true,,722,253,35,40,http://localhost:8080/api/auth/register,242,0,0
1777735319827,315,关键词搜索,400,,常规接口测试-50并发 1-1,text,false,,332,183,35,40,http://localhost:8080/api/search/keyword?q=篮球,285,0,0
1777735319866,277,用户登录,200,,常规接口测试-50并发 1-4,text,true,,319,218,35,40,http://localhost:8080/api/auth/login,248,0,0
1777735319863,281,用户注册,200,,常规接口测试-50并发 1-14,text,true,,724,253,35,40,http://localhost:8080/api/auth/register,253,0,0
1777735319875,280,用户登录,200,,常规接口测试-50并发 1-7,text,true,,319,218,36,41,http://localhost:8080/api/auth/login,255,0,0
1777735319237,921,获取帖子列表,200,,常规接口测试-50并发 1-29,text,true,,5517,179,36,41,http://localhost:8080/api/post/list?pageNum=1&pageSize=10,897,0,0
1777735319877,283,用户注册,200,,常规接口测试-50并发 1-19,text,true,,724,253,36,41,http://localhost:8080/api/auth/register,259,0,0
1777735319823,339,高级筛选搜索,200,,常规接口测试-50并发 1-8,text,true,,5782,232,36,41,http://localhost:8080/api/post/list/filter?category=运动健身&pageNum=1&pageSize=10,318,0,1
1777735319856,319,关键词搜索,400,,常规接口测试-50并发 1-15,text,false,,332,183,36,41,http://localhost:8080/api/search/keyword?q=篮球,293,0,0
1777735319875,335,关键词搜索,400,,常规接口测试-50并发 1-28,text,false,,332,183,36,41,http://localhost:8080/api/search/keyword?q=篮球,302,0,0
1777735319317,894,获取帖子列表,200,,常规接口测试-50并发 1-16,text,true,,5517,179,36,41,http://localhost:8080/api/post/list?pageNum=1&pageSize=10,866,0,0
1777735319933,283,用户登录,200,,常规接口测试-50并发 1-18,text,true,,319,218,36,41,http://localhost:8080/api/auth/login,260,0,0
1777735319878,347,高级筛选搜索,200,,常规接口测试-50并发 1-27,text,true,,5782,232,36,41,http://localhost:8080/api/post/list/filter?category=运动健身&pageNum=1&pageSize=10,329,0,1
1777735319895,333,关键词搜索,400,,常规接口测试-50并发 1-21,text,false,,332,183,36,41,http://localhost:8080/api/search/keyword?q=篮球,314,0,0
1777735319968,297,用户登录,200,,常规接口测试-50并发 1-25,text,true,,319,218,36,41,http://localhost:8080/api/auth/login,259,0,0
1777735319947,319,用户注册,200,,常规接口测试-50并发 1-26,text,true,,722,253,36,41,http://localhost:8080/api/auth/register,281,0,0
1777735319368,904,获取帖子列表,200,,常规接口测试-50并发 1-30,text,true,,5517,179,36,41,http://localhost:8080/api/post/list?pageNum=1&pageSize=10,862,0,0
1777735319955,319,用户注册,200,,常规接口测试-50并发 1-35,text,true,,724,253,36,41,http://localhost:8080/api/auth/register,276,0,1
1777735319995,294,用户登录,200,,常规接口测试-50并发 1-34,text,true,,319,218,36,41,http://localhost:8080/api/auth/login,249,0,0
1777735319935,383,高级筛选搜索,200,,常规接口测试-50并发 1-6,text,true,,5782,232,36,41,http://localhost:8080/api/post/list/filter?category=运动健身&pageNum=1&pageSize=10,363,0,1
1777735319435,911,获取帖子列表,200,,常规接口测试-50并发 1-5,text,true,,5517,179,36,41,http://localhost:8080/api/post/list?pageNum=1&pageSize=10,877,0,0
1777735319421,938,获取帖子列表,200,,常规接口测试-50并发 1-12,text,true,,5517,179,37,42,http://localhost:8080/api/post/list?pageNum=1&pageSize=10,895,0,0
1777735319942,420,高级筛选搜索,200,,常规接口测试-50并发 1-20,text,true,,5782,232,37,42,http://localhost:8080/api/post/list/filter?category=运动健身&pageNum=1&pageSize=10,379,0,1
1777735319466,898,获取帖子列表,200,,常规接口测试-50并发 1-22,text,true,,5517,179,37,42,http://localhost:8080/api/post/list?pageNum=1&pageSize=10,859,0,0
1777735320133,264,用户登录,200,,常规接口测试-50并发 1-10,text,true,,319,218,37,42,http://localhost:8080/api/auth/login,226,0,0
1777735320144,272,用户登录,200,,常规接口测试-50并发 1-14,text,true,,319,218,37,42,http://localhost:8080/api/auth/login,223,0,0
1777735320155,309,用户注册,200,,常规接口测试-50并发 1-36,text,true,,724,253,37,42,http://localhost:8080/api/auth/register,255,0,1
1777735320068,402,高级筛选搜索,200,,常规接口测试-50并发 1-11,text,true,,5782,232,37,42,http://localhost:8080/api/post/list/filter?category=运动健身&pageNum=1&pageSize=10,352,0,1
1777735320160,312,用户登录,200,,常规接口测试-50并发 1-19,text,true,,319,218,37,42,http://localhost:8080/api/auth/login,263,0,0
1777735320162,330,用户注册,200,,常规接口测试-50并发 1-8,text,true,,724,253,37,42,http://localhost:8080/api/auth/register,285,0,0
1777735319623,898,获取帖子列表,200,,常规接口测试-50并发 1-31,text,true,,5517,179,37,42,http://localhost:8080/api/post/list?pageNum=1&pageSize=10,859,0,0
1777735320158,368,关键词搜索,400,,常规接口测试-50并发 1-29,text,false,,332,183,37,42,http://localhost:8080/api/search/keyword?q=篮球,332,0,0
1777735320225,327,用户注册,200,,常规接口测试-50并发 1-27,text,true,,724,253,37,42,http://localhost:8080/api/auth/register,303,0,0
1777735320142,416,高级筛选搜索,200,,常规接口测试-50并发 1-1,text,true,,5782,232,38,43,http://localhost:8080/api/post/list/filter?category=运动健身&pageNum=1&pageSize=10,392,0,1
1777735320212,356,关键词搜索,400,,常规接口测试-50并发 1-16,text,false,,332,183,37,42,http://localhost:8080/api/search/keyword?q=篮球,333,0,0
1777735320266,304,用户登录,200,,常规接口测试-50并发 1-26,text,true,,319,218,37,42,http://localhost:8080/api/auth/login,281,0,0
1777735320175,406,高级筛选搜索,200,,常规接口测试-50并发 1-15,text,true,,5782,232,37,42,http://localhost:8080/api/post/list/filter?category=运动健身&pageNum=1&pageSize=10,379,0,1
1777735320274,311,用户登录,200,,常规接口测试-50并发 1-35,text,true,,319,218,37,42,http://localhost:8080/api/auth/login,285,0,0
1777735320211,401,高级筛选搜索,200,,常规接口测试-50并发 1-28,text,true,,5782,232,37,42,http://localhost:8080/api/post/list/filter?category=运动健身&pageNum=1&pageSize=10,374,0,0
1777735320272,353,关键词搜索,400,,常规接口测试-50并发 1-30,text,false,,332,183,37,42,http://localhost:8080/api/search/keyword?q=篮球,320,0,0
1777735320318,318,用户注册,200,,常规接口测试-50并发 1-6,text,true,,724,253,37,42,http://localhost:8080/api/auth/register,281,0,0
1777735319735,911,获取帖子列表,200,,常规接口测试-50并发 1-23,text,true,,5517,179,37,42,http://localhost:8080/api/post/list?pageNum=1&pageSize=10,881,0,0
1777735320229,420,高级筛选搜索,200,,常规接口测试-50并发 1-21,text,true,,5782,232,37,42,http://localhost:8080/api/post/list/filter?category=运动健身&pageNum=1&pageSize=10,394,0,0
1777735320356,298,用户注册,200,,常规接口测试-50并发 1-37,text,true,,724,253,37,42,http://localhost:8080/api/auth/register,274,0,1
1777735320346,313,关键词搜索,400,,常规接口测试-50并发 1-5,text,false,,332,183,37,42,http://localhost:8080/api/search/keyword?q=篮球,289,0,0
1777735320362,304,用户注册,200,,常规接口测试-50并发 1-20,text,true,,724,253,37,42,http://localhost:8080/api/auth/register,279,0,0
1777735319751,920,获取帖子列表,200,,常规接口测试-50并发 1-9,text,true,,5517,179,37,42,http://localhost:8080/api/post/list?pageNum=1&pageSize=10,896,0,0
1777735320360,327,关键词搜索,400,,常规接口测试-50并发 1-12,text,false,,332,183,37,42,http://localhost:8080/api/search/keyword?q=篮球,302,0,0
1777735320364,335,关键词搜索,400,,常规接口测试-50并发 1-22,text,false,,332,183,37,42,http://localhost:8080/api/search/keyword?q=篮球,309,0,0
1777735320464,242,用户登录,200,,常规接口测试-50并发 1-36,text,true,,319,218,37,42,http://localhost:8080/api/auth/login,217,0,0
1777735319822,887,获取帖子列表,200,,常规接口测试-50并发 1-2,text,true,,5517,179,37,42,http://localhost:8080/api/post/list?pageNum=1&pageSize=10,861,0,0
1777735320470,246,用户注册,200,,常规接口测试-50并发 1-11,text,true,,724,253,37,42,http://localhost:8080/api/auth/register,219,0,0
1777735320492,227,用户登录,200,,常规接口测试-50并发 1-8,text,true,,319,218,37,42,http://localhost:8080/api/auth/login,198,0,0
1777735319845,939,获取帖子列表,200,,常规接口测试-50并发 1-17,text,true,,5517,179,38,43,http://localhost:8080/api/post/list?pageNum=1&pageSize=10,894,0,0
1777735319836,953,获取帖子列表,200,,常规接口测试-50并发 1-32,text,true,,5517,179,38,43,http://localhost:8080/api/post/list?pageNum=1&pageSize=10,909,0,0
1777735320553,259,用户登录,200,,常规接口测试-50并发 1-27,text,true,,319,218,38,43,http://localhost:8080/api/auth/login,224,0,0
1777735320521,300,关键词搜索,400,,常规接口测试-50并发 1-31,text,false,,332,183,38,43,http://localhost:8080/api/search/keyword?q=篮球,267,0,0
1777735320554,270,用户注册,200,,常规接口测试-50并发 1-38,text,true,,724,253,38,43,http://localhost:8080/api/auth/register,241,0,1
1777735320581,273,用户注册,200,,常规接口测试-50并发 1-15,text,true,,724,253,38,43,http://localhost:8080/api/auth/register,244,0,0
1777735320613,259,用户注册,200,,常规接口测试-50并发 1-28,text,true,,724,253,38,43,http://localhost:8080/api/auth/register,232,0,0
1777735320527,360,高级筛选搜索,200,,常规接口测试-50并发 1-29,text,true,,5782,232,38,43,http://localhost:8080/api/post/list/filter?category=运动健身&pageNum=1&pageSize=10,331,0,0
1777735320636,256,用户登录,200,,常规接口测试-50并发 1-6,text,true,,319,218,38,43,http://localhost:8080/api/auth/login,230,0,0
1777735320655,263,用户登录,200,,常规接口测试-50并发 1-37,text,true,,319,218,38,43,http://localhost:8080/api/auth/login,234,0,0
1777735320649,270,用户注册,200,,常规接口测试-50并发 1-21,text,true,,724,253,38,43,http://localhost:8080/api/auth/register,241,0,0
1777735320666,267,用户登录,200,,常规接口测试-50并发 1-20,text,true,,319,218,38,43,http://localhost:8080/api/auth/login,238,0,0
1777735320568,367,高级筛选搜索,200,,常规接口测试-50并发 1-16,text,true,,5782,232,38,43,http://localhost:8080/api/post/list/filter?category=运动健身&pageNum=1&pageSize=10,336,0,1
1777735320646,309,关键词搜索,400,,常规接口测试-50并发 1-23,text,false,,332,183,38,43,http://localhost:8080/api/search/keyword?q=篮球,273,0,0
1777735320671,315,关键词搜索,400,,常规接口测试-50并发 1-9,text,false,,332,183,39,44,http://localhost:8080/api/search/keyword?q=篮球,287,0,0
1777735319945,1044,获取帖子列表,200,,常规接口测试-50并发 1-13,text,true,,5517,179,39,44,http://localhost:8080/api/post/list?pageNum=1&pageSize=10,1016,0,0
1777735320717,274,用户登录,200,,常规接口测试-50并发 1-11,text,true,,319,218,39,44,http://localhost:8080/api/auth/login,244,0,0
1777735320625,415,高级筛选搜索,200,,常规接口测试-50并发 1-30,text,true,,5782,232,39,44,http://localhost:8080/api/post/list/filter?category=运动健身&pageNum=1&pageSize=10,374,0,0
1777735320755,289,用户注册,200,,常规接口测试-50并发 1-39,text,true,,724,253,39,44,http://localhost:8080/api/auth/register,251,0,1
1777735320036,1011,获取帖子列表,200,,常规接口测试-50并发 1-33,text,true,,5517,179,39,44,http://localhost:8080/api/post/list?pageNum=1&pageSize=10,977,0,0
1777735320709,340,关键词搜索,400,,常规接口测试-50并发 1-2,text,false,,332,183,39,44,http://localhost:8080/api/search/keyword?q=篮球,306,0,0
1777735320824,259,用户登录,200,,常规接口测试-50并发 1-38,text,true,,319,218,39,44,http://localhost:8080/api/auth/login,229,0,0
1777735320659,436,高级筛选搜索,200,,常规接口测试-50并发 1-5,text,true,,5782,232,39,44,http://localhost:8080/api/post/list/filter?category=运动健身&pageNum=1&pageSize=10,407,0,1
1777735320785,316,关键词搜索,400,,常规接口测试-50并发 1-17,text,false,,332,183,39,44,http://localhost:8080/api/search/keyword?q=篮球,285,0,0
1777735320789,326,关键词搜索,400,,常规接口测试-50并发 1-32,text,false,,332,183,39,44,http://localhost:8080/api/search/keyword?q=篮球,290,0,0
1777735320855,277,用户登录,200,,常规接口测试-50并发 1-15,text,true,,319,218,39,44,http://localhost:8080/api/auth/login,232,0,0
1777735320699,443,高级筛选搜索,200,,常规接口测试-50并发 1-22,text,true,,5782,232,39,44,http://localhost:8080/api/post/list/filter?category=运动健身&pageNum=1&pageSize=10,394,0,1
1777735320887,257,用户注册,200,,常规接口测试-50并发 1-29,text,true,,724,253,39,44,http://localhost:8080/api/auth/register,209,0,0
1777735320687,472,高级筛选搜索,200,,常规接口测试-50并发 1-12,text,true,,5782,232,40,45,http://localhost:8080/api/post/list/filter?category=运动健身&pageNum=1&pageSize=10,416,0,1
1777735320873,292,用户登录,200,,常规接口测试-50并发 1-28,text,true,,319,218,40,45,http://localhost:8080/api/auth/login,237,0,0
1777735320105,1109,获取帖子列表,200,,常规接口测试-50并发 1-3,text,true,,5517,179,40,45,http://localhost:8080/api/post/list?pageNum=1&pageSize=10,1015,0,0
1777735320094,1155,获取帖子列表,200,,常规接口测试-50并发 1-24,text,true,,5517,179,40,45,http://localhost:8080/api/post/list?pageNum=1&pageSize=10,1071,0,0
1777735320156,1108,获取帖子列表,200,,常规接口测试-50并发 1-7,text,true,,5517,179,40,45,http://localhost:8080/api/post/list?pageNum=1&pageSize=10,1064,0,0
1777735320143,1125,获取帖子列表,200,,常规接口测试-50并发 1-4,text,true,,5517,179,40,45,http://localhost:8080/api/post/list?pageNum=1&pageSize=10,1080,0,0
1777735320821,478,高级筛选搜索,200,,常规接口测试-50并发 1-31,text,true,,5782,232,40,45,http://localhost:8080/api/post/list/filter?category=运动健身&pageNum=1&pageSize=10,404,0,1
1777735320919,385,用户登录,200,,常规接口测试-50并发 1-21,text,true,,319,218,40,45,http://localhost:8080/api/auth/login,309,0,0
1777735320956,363,用户注册,200,,常规接口测试-50并发 1-40,text,true,,724,253,40,45,http://localhost:8080/api/auth/register,299,0,0
1777735320935,396,用户注册,200,,常规接口测试-50并发 1-16,text,true,,724,253,40,45,http://localhost:8080/api/auth/register,372,0,0
1777735320217,1189,获取帖子列表,200,,常规接口测试-50并发 1-18,text,true,,5517,179,41,46,http://localhost:8080/api/post/list?pageNum=1&pageSize=10,1162,0,0
1777735321044,392,用户登录,200,,常规接口测试-50并发 1-39,text,true,,319,218,41,46,http://localhost:8080/api/auth/login,351,0,0
1777735321040,398,用户注册,200,,常规接口测试-50并发 1-30,text,true,,724,253,41,46,http://localhost:8080/api/auth/register,355,0,0
1777735320989,472,关键词搜索,400,,常规接口测试-50并发 1-13,text,false,,332,183,41,46,http://localhost:8080/api/search/keyword?q=篮球,417,0,0
1777735320955,513,高级筛选搜索,200,,常规接口测试-50并发 1-23,text,true,,5782,232,41,46,http://localhost:8080/api/post/list/filter?category=运动健身&pageNum=1&pageSize=10,453,0,1
1777735320266,1206,获取帖子列表,200,,常规接口测试-50并发 1-25,text,true,,5517,179,41,46,http://localhost:8080/api/post/list?pageNum=1&pageSize=10,1145,0,0
1777735321047,432,关键词搜索,400,,常规接口测试-50并发 1-33,text,false,,332,183,41,46,http://localhost:8080/api/search/keyword?q=篮球,374,0,0
1777735321096,427,用户注册,200,,常规接口测试-50并发 1-5,text,true,,724,253,41,46,http://localhost:8080/api/auth/register,380,0,0
1777735320290,1262,获取帖子列表,200,,常规接口测试-50并发 1-34,text,true,,5517,179,41,46,http://localhost:8080/api/post/list?pageNum=1&pageSize=10,1212,0,0
1777735320987,566,高级筛选搜索,200,,常规接口测试-50并发 1-9,text,true,,5782,232,41,46,http://localhost:8080/api/post/list/filter?category=运动健身&pageNum=1&pageSize=10,519,0,0
1777735321145,414,用户登录,200,,常规接口测试-50并发 1-29,text,true,,319,218,42,47,http://localhost:8080/api/auth/login,376,0,0
1777735321142,424,用户注册,200,,常规接口测试-50并发 1-22,text,true,,724,253,42,47,http://localhost:8080/api/auth/register,392,0,0
1777735321156,418,用户注册,200,,常规接口测试-50并发 1-41,text,true,,724,253,42,47,http://localhost:8080/api/auth/register,395,0,2
1777735321159,416,用户注册,200,,常规接口测试-50并发 1-12,text,true,,724,253,42,47,http://localhost:8080/api/auth/register,393,0,0
1777735321319,269,用户登录,200,,常规接口测试-50并发 1-40,text,true,,319,218,42,47,http://localhost:8080/api/auth/login,244,0,0
1777735320397,1199,获取帖子列表,200,,常规接口测试-50并发 1-10,text,true,,5517,179,42,47,http://localhost:8080/api/post/list?pageNum=1&pageSize=10,1175,0,0
1777735321049,548,高级筛选搜索,200,,常规接口测试-50并发 1-2,text,true,,5782,232,42,47,http://localhost:8080/api/post/list/filter?category=运动健身&pageNum=1&pageSize=10,523,0,1
1777735321300,306,用户注册,200,,常规接口测试-50并发 1-31,text,true,,724,253,41,46,http://localhost:8080/api/auth/register,280,0,0
1777735321214,401,关键词搜索,400,,常规接口测试-50并发 1-3,text,false,,332,183,41,46,http://localhost:8080/api/search/keyword?q=篮球,373,0,0
1777735321101,516,高级筛选搜索,200,,常规接口测试-50并发 1-17,text,true,,5782,232,41,46,http://localhost:8080/api/post/list/filter?category=运动健身&pageNum=1&pageSize=10,488,0,1
1777735320416,1203,获取帖子列表,200,,常规接口测试-50并发 1-14,text,true,,5517,179,41,46,http://localhost:8080/api/post/list?pageNum=1&pageSize=10,1174,0,0
1777735321115,508,高级筛选搜索,200,,常规接口测试-50并发 1-32,text,true,,5782,232,41,46,http://localhost:8080/api/post/list/filter?category=运动健身&pageNum=1&pageSize=10,479,0,1
1777735320472,1162,获取帖子列表,200,,常规接口测试-50并发 1-19,text,true,,5517,179,41,46,http://localhost:8080/api/post/list?pageNum=1&pageSize=10,1132,0,0
1777735321332,311,用户登录,200,,常规接口测试-50并发 1-16,text,true,,319,218,41,46,http://localhost:8080/api/auth/login,275,0,0
1777735321249,396,关键词搜索,400,,常规接口测试-50并发 1-24,text,false,,332,183,41,46,http://localhost:8080/api/search/keyword?q=篮球,360,0,0
1777735321264,389,关键词搜索,400,,常规接口测试-50并发 1-7,text,false,,332,183,41,46,http://localhost:8080/api/search/keyword?q=篮球,353,0,0
1777735321356,301,用户注册,200,,常规接口测试-50并发 1-42,text,true,,724,253,41,46,http://localhost:8080/api/auth/register,265,0,1
1777735321268,394,关键词搜索,400,,常规接口测试-50并发 1-4,text,false,,332,183,41,46,http://localhost:8080/api/search/keyword?q=篮球,357,0,0
1777735320585,1119,获取帖子列表,200,,常规接口测试-50并发 1-35,text,true,,5517,179,41,46,http://localhost:8080/api/post/list?pageNum=1&pageSize=10,1079,0,0
1777735320570,1142,获取帖子列表,200,,常规接口测试-50并发 1-26,text,true,,5517,179,41,46,http://localhost:8080/api/post/list?pageNum=1&pageSize=10,1111,0,0
1777735321468,272,用户注册,200,,常规接口测试-50并发 1-23,text,true,,724,253,41,46,http://localhost:8080/api/auth/register,238,0,0
1777735321439,307,用户登录,200,,常规接口测试-50并发 1-30,text,true,,319,218,41,46,http://localhost:8080/api/auth/login,271,0,0
1777735321406,436,关键词搜索,400,,常规接口测试-50并发 1-18,text,false,,332,183,42,47,http://localhost:8080/api/search/keyword?q=篮球,347,0,0
1777735321523,345,用户登录,200,,常规接口测试-50并发 1-5,text,true,,319,218,42,47,http://localhost:8080/api/auth/login,259,0,0
1777735321556,322,用户注册,200,,常规接口测试-50并发 1-43,text,true,,724,253,42,47,http://localhost:8080/api/auth/register,245,0,1
1777735321575,312,用户登录,200,,常规接口测试-50并发 1-41,text,true,,319,218,42,47,http://localhost:8080/api/auth/login,275,0,0
1777735321472,421,关键词搜索,400,,常规接口测试-50并发 1-25,text,false,,332,183,42,47,http://localhost:8080/api/search/keyword?q=篮球,388,0,0
1777735321554,341,用户注册,200,,常规接口测试-50并发 1-9,text,true,,724,253,42,47,http://localhost:8080/api/auth/register,308,0,0
1777735321461,434,高级筛选搜索,200,,常规接口测试-50并发 1-13,text,true,,5782,232,42,47,http://localhost:8080/api/post/list/filter?category=运动健身&pageNum=1&pageSize=10,434,0,1
1777735321566,338,用户登录,200,,常规接口测试-50并发 1-22,text,true,,319,218,42,47,http://localhost:8080/api/auth/login,308,0,0
1777735320707,1209,获取帖子列表,200,,常规接口测试-50并发 1-36,text,true,,5517,179,42,47,http://localhost:8080/api/post/list?pageNum=1&pageSize=10,1176,0,0
1777735321575,346,用户登录,200,,常规接口测试-50并发 1-12,text,true,,319,218,42,47,http://localhost:8080/api/auth/login,314,0,0
1777735320719,1203,获取帖子列表,200,,常规接口测试-50并发 1-8,text,true,,5517,179,42,47,http://localhost:8080/api/post/list?pageNum=1&pageSize=10,1172,0,0
1777735321479,454,高级筛选搜索,200,,常规接口测试-50并发 1-33,text,true,,5782,232,42,47,http://localhost:8080/api/post/list/filter?category=运动健身&pageNum=1&pageSize=10,424,0,1
1777735320813,1123,获取帖子列表,200,,常规接口测试-50并发 1-27,text,true,,5517,179,42,47,http://localhost:8080/api/post/list?pageNum=1&pageSize=10,1093,0,0
1777735321552,387,关键词搜索,400,,常规接口测试-50并发 1-34,text,false,,332,183,42,47,http://localhost:8080/api/search/keyword?q=篮球,357,0,0
1777735321607,343,用户登录,200,,常规接口测试-50并发 1-31,text,true,,319,218,42,47,http://localhost:8080/api/auth/login,317,0,0
1777735321617,340,用户注册,200,,常规接口测试-50并发 1-17,text,true,,313,253,43,48,http://localhost:8080/api/auth/register,313,0,0
1777735321623,351,用户注册,200,,常规接口测试-50并发 1-32,text,true,,724,253,43,48,http://localhost:8080/api/auth/register,323,0,0
1777735321596,398,关键词搜索,400,,常规接口测试-50并发 1-10,text,false,,332,183,43,48,http://localhost:8080/api/search/keyword?q=篮球,363,0,0
1777735321657,347,用户登录,200,,常规接口测试-50并发 1-42,text,true,,319,218,43,48,http://localhost:8080/api/auth/login,309,0,0
1777735320893,1134,获取帖子列表,200,,常规接口测试-50并发 1-6,text,true,,5517,179,43,48,http://localhost:8080/api/post/list?pageNum=1&pageSize=10,1086,0,0
1777735321619,424,关键词搜索,400,,常规接口测试-50并发 1-14,text,false,,332,183,43,48,http://localhost:8080/api/search/keyword?q=篮球,372,0,0
1777735321634,421,关键词搜索,400,,常规接口测试-50并发 1-19,text,false,,332,183,43,48,http://localhost:8080/api/search/keyword?q=篮球,376,0,0
1777735320934,1171,获取帖子列表,200,,常规接口测试-50并发 1-20,text,true,,5517,179,43,48,http://localhost:8080/api/post/list?pageNum=1&pageSize=10,1120,0,0
1777735321615,493,高级筛选搜索,200,,常规接口测试-50并发 1-3,text,true,,5782,232,43,48,http://localhost:8080/api/post/list/filter?category=运动健身&pageNum=1&pageSize=10,442,0,1
1777735321741,377,用户登录,200,,常规接口测试-50并发 1-23,text,true,,319,218,43,48,http://localhost:8080/api/auth/login,326,0,0
1777735320918,1212,获取帖子列表,200,,常规接口测试-50并发 1-37,text,true,,5517,179,43,48,http://localhost:8080/api/post/list?pageNum=1&pageSize=10,1170,0,0
1777735321653,490,高级筛选搜索,200,,常规接口测试-50并发 1-7,text,true,,5782,232,43,48,http://localhost:8080/api/post/list/filter?category=运动健身&pageNum=1&pageSize=10,442,0,1
1777735321704,449,关键词搜索,400,,常规接口测试-50并发 1-35,text,false,,332,183,43,48,http://localhost:8080/api/search/keyword?q=篮球,395,0,0
1777735321712,460,关键词搜索,400,,常规接口测试-50并发 1-26,text,false,,332,183,44,49,http://localhost:8080/api/search/keyword?q=篮球,400,0,0
1777735321757,419,用户注册,200,,常规接口测试-50并发 1-44,text,true,,724,253,44,49,http://localhost:8080/api/auth/register,359,0,0
1777735321645,541,高级筛选搜索,200,,常规接口测试-50并发 1-24,text,true,,5782,232,44,49,http://localhost:8080/api/post/list/filter?category=运动健身&pageNum=1&pageSize=10,481,0,0
1777735320992,1199,获取帖子列表,200,,常规接口测试-50并发 1-11,text,true,,5517,179,44,49,http://localhost:8080/api/post/list?pageNum=1&pageSize=10,1143,0,0
1777735321662,530,高级筛选搜索,200,,常规接口测试-50并发 1-4,text,true,,5782,232,44,49,http://localhost:8080/api/post/list/filter?category=运动健身&pageNum=1&pageSize=10,475,0,1
1777735321878,336,用户登录,200,,常规接口测试-50并发 1-43,text,true,,319,218,44,49,http://localhost:8080/api/auth/login,291,0,0
1777735321896,340,用户登录,200,,常规接口测试-50并发 1-9,text,true,,319,218,44,49,http://localhost:8080/api/auth/login,309,0,0
1777735321896,349,用户注册,200,,常规接口测试-50并发 1-13,text,true,,724,253,44,49,http://localhost:8080/api/auth/register,320,0,0
1777735321083,1170,获取帖子列表,200,,常规接口测试-50并发 1-38,text,true,,5517,179,44,49,http://localhost:8080/api/post/list?pageNum=1&pageSize=10,1138,0,0
1777735321165,1095,获取帖子列表,200,,常规接口测试-50并发 1-28,text,true,,5517,179,44,49,http://localhost:8080/api/post/list?pageNum=1&pageSize=10,1063,0,0
1777735321132,1131,获取帖子列表,200,,常规接口测试-50并发 1-15,text,true,,5517,179,44,49,http://localhost:8080/api/post/list?pageNum=1&pageSize=10,1099,0,0
1777735321842,426,高级筛选搜索,200,,常规接口测试-50并发 1-18,text,true,,5782,232,44,49,http://localhost:8080/api/post/list/filter?category=运动健身&pageNum=1&pageSize=10,395,0,1
1777735321934,349,用户注册,200,,常规接口测试-50并发 1-33,text,true,,724,253,44,49,http://localhost:8080/api/auth/register,318,0,0
1777735321958,342,用户登录,200,,常规接口测试-50并发 1-17,text,true,,319,218,44,49,http://localhost:8080/api/auth/login,307,0,0
1777735321955,353,用户注册,200,,常规接口测试-50并发 1-45,text,true,,724,253,44,49,http://localhost:8080/api/auth/register,318,0,0
1777735321916,401,关键词搜索,400,,常规接口测试-50并发 1-36,text,false,,332,183,44,49,http://localhost:8080/api/search/keyword?q=篮球,365,0,0
1777735321922,399,关键词搜索,400,,常规接口测试-50并发 1-8,text,false,,332,183,44,49,http://localhost:8080/api/search/keyword?q=篮球,364,0,0
1777735321975,347,用户登录,200,,常规接口测试-50并发 1-32,text,true,,319,218,44,49,http://localhost:8080/api/auth/login,313,0,0
1777735321893,430,高级筛选搜索,200,,常规接口测试-50并发 1-25,text,true,,5782,232,44,49,http://localhost:8080/api/post/list/filter?category=运动健身&pageNum=1&pageSize=10,395,0,1
1777735321304,1028,获取帖子列表,200,,常规接口测试-50并发 1-21,text,true,,5517,179,44,49,http://localhost:8080/api/post/list?pageNum=1&pageSize=10,991,0,0
1777735321936,407,关键词搜索,400,,常规接口测试-50并发 1-27,text,false,,332,183,44,49,http://localhost:8080/api/search/keyword?q=篮球,371,0,0
1777735321939,408,高级筛选搜索,200,,常规接口测试-50并发 1-34,text,true,,5782,232,44,49,http://localhost:8080/api/post/list/filter?category=运动健身&pageNum=1&pageSize=10,370,0,1
1777735322143,348,用户注册,200,,常规接口测试-50并发 1-7,text,true,,723,252,45,50,http://localhost:8080/api/auth/register,293,0,0
1777735322028,470,关键词搜索,400,,常规接口测试-50并发 1-6,text,false,,332,183,45,50,http://localhost:8080/api/search/keyword?q=篮球,415,0,0
1777735322108,399,用户注册,200,,常规接口测试-50并发 1-3,text,true,,724,253,45,50,http://localhost:8080/api/auth/register,344,0,0
1777735321995,519,高级筛选搜索,200,,常规接口测试-50并发 1-10,text,true,,5782,232,45,50,http://localhost:8080/api/post/list/filter?category=运动健身&pageNum=1&pageSize=10,471,0,0
1777735321436,1082,获取帖子列表,200,,常规接口测试-50并发 1-39,text,true,,5517,179,45,50,http://localhost:8080/api/post/list?pageNum=1&pageSize=10,1034,0,0
1777735322156,377,用户注册,200,,常规接口测试-50并发 1-46,text,true,,724,253,45,50,http://localhost:8080/api/auth/register,337,0,1
1777735322176,359,用户登录,200,,常规接口测试-50并发 1-44,text,true,,319,218,45,50,http://localhost:8080/api/auth/login,318,0,0
1777735322186,361,用户注册,200,,常规接口测试-50并发 1-24,text,true,,724,253,45,50,http://localhost:8080/api/auth/register,325,0,0
1777735322105,444,关键词搜索,400,,常规接口测试-50并发 1-20,text,false,,332,183,45,50,http://localhost:8080/api/search/keyword?q=篮球,408,0,0
1777735322193,356,用户注册,200,,常规接口测试-50并发 1-4,text,true,,722,253,45,50,http://localhost:8080/api/auth/register,320,0,0
1777735322044,507,高级筛选搜索,200,,常规接口测试-50并发 1-14,text,true,,5782,232,45,50,http://localhost:8080/api/post/list/filter?category=运动健身&pageNum=1&pageSize=10,471,0,0
1777735322055,511,高级筛选搜索,200,,常规接口测试-50并发 1-19,text,true,,5782,232,46,51,http://localhost:8080/api/post/list/filter?category=运动健身&pageNum=1&pageSize=10,468,0,1
1777735322131,450,关键词搜索,400,,常规接口测试-50并发 1-37,text,false,,332,183,46,51,http://localhost:8080/api/search/keyword?q=篮球,404,0,0
1777735322246,366,用户登录,200,,常规接口测试-50并发 1-13,text,true,,319,218,46,51,http://localhost:8080/api/auth/login,314,0,0
1777735321559,1055,获取帖子列表,200,,常规接口测试-50并发 1-29,text,true,,5517,179,46,51,http://localhost:8080/api/post/list?pageNum=1&pageSize=10,1003,0,0
1777735322153,466,高级筛选搜索,200,,常规接口测试-50并发 1-35,text,true,,5782,232,46,51,http://localhost:8080/api/post/list/filter?category=运动健身&pageNum=1&pageSize=10,418,0,1
1777735322173,448,高级筛选搜索,200,,常规接口测试-50并发 1-26,text,true,,5782,232,46,51,http://localhost:8080/api/post/list/filter?category=运动健身&pageNum=1&pageSize=10,400,0,0
1777735322191,438,关键词搜索,400,,常规接口测试-50并发 1-11,text,false,,332,183,46,51,http://localhost:8080/api/search/keyword?q=篮球,393,0,0
1777735322268,375,用户注册,200,,常规接口测试-50并发 1-18,text,true,,722,253,46,51,http://localhost:8080/api/auth/register,340,0,0
1777735322284,369,用户登录,200,,常规接口测试-50并发 1-33,text,true,,319,218,46,51,http://localhost:8080/api/auth/login,332,0,0
1777735321588,1066,获取帖子列表,200,,常规接口测试-50并发 1-40,text,true,,5517,179,46,51,http://localhost:8080/api/post/list?pageNum=1&pageSize=10,1029,0,0
1777735322260,411,关键词搜索,400,,常规接口测试-50并发 1-28,text,false,,332,183,46,51,http://localhost:8080/api/search/keyword?q=篮球,374,0,0
1777735322263,410,关键词搜索,400,,常规接口测试-50并发 1-15,text,false,,332,183,46,51,http://localhost:8080/api/search/keyword?q=篮球,373,0,0
1777735322308,376,用户登录,200,,常规接口测试-50并发 1-45,text,true,,319,218,46,51,http://localhost:8080/api/auth/login,337,0,0
1777735322253,436,关键词搜索,400,,常规接口测试-50并发 1-38,text,false,,332,183,46,51,http://localhost:8080/api/search/keyword?q=篮球,398,0,0
1777735321643,1063,获取帖子列表,200,,常规接口测试-50并发 1-16,text,true,,5517,179,46,51,http://localhost:8080/api/post/list?pageNum=1&pageSize=10,1029,0,0
1777735322323,392,用户注册,200,,常规接口测试-50并发 1-25,text,true,,724,253,46,51,http://localhost:8080/api/auth/register,359,0,0
1777735322348,392,用户注册,200,,常规接口测试-50并发 1-34,text,true,,723,252,46,51,http://localhost:8080/api/auth/register,348,0,0
1777735322356,389,用户注册,200,,常规接口测试-50并发 1-47,text,true,,724,253,46,51,http://localhost:8080/api/auth/register,341,0,1
1777735322333,461,关键词搜索,400,,常规接口测试-50并发 1-21,text,false,,332,183,47,52,http://localhost:8080/api/search/keyword?q=篮球,426,0,0
1777735321746,1048,获取帖子列表,200,,常规接口测试-50并发 1-30,text,true,,5517,179,47,52,http://localhost:8080/api/post/list?pageNum=1&pageSize=10,1014,0,0
1777735322317,492,高级筛选搜索,200,,常规接口测试-50并发 1-36,text,true,,5782,232,47,52,http://localhost:8080/api/post/list/filter?category=运动健身&pageNum=1&pageSize=10,455,0,1
1777735321868,951,获取帖子列表,200,,常规接口测试-50并发 1-5,text,true,,5517,179,47,52,http://localhost:8080/api/post/list?pageNum=1&pageSize=10,914,0,0
1777735322491,332,用户登录,200,,常规接口测试-50并发 1-7,text,true,,319,218,47,52,http://localhost:8080/api/auth/login,296,0,0
1777735322321,503,高级筛选搜索,200,,常规接口测试-50并发 1-8,text,true,,5782,232,47,52,http://localhost:8080/api/post/list/filter?category=运动健身&pageNum=1&pageSize=10,467,0,1
1777735322343,501,高级筛选搜索,200,,常规接口测试-50并发 1-27,text,true,,5782,232,47,52,http://localhost:8080/api/post/list/filter?category=运动健身&pageNum=1&pageSize=10,461,0,0
1777735322507,338,用户登录,200,,常规接口测试-50并发 1-3,text,true,,319,218,47,52,http://localhost:8080/api/auth/login,298,0,0
1777735322515,354,用户注册,200,,常规接口测试-50并发 1-10,text,true,,724,253,47,52,http://localhost:8080/api/auth/register,300,0,0
1777735322533,361,用户登录,200,,常规接口测试-50并发 1-46,text,true,,319,218,47,52,http://localhost:8080/api/auth/login,293,0,0
1777735321887,1017,获取帖子列表,200,,常规接口测试-50并发 1-41,text,true,,5517,179,47,52,http://localhost:8080/api/post/list?pageNum=1&pageSize=10,953,0,0
1777735322549,363,用户登录,200,,常规接口测试-50并发 1-4,text,true,,319,218,47,52,http://localhost:8080/api/auth/login,298,0,0
1777735322547,368,用户登录,200,,常规接口测试-50并发 1-24,text,true,,319,218,47,52,http://localhost:8080/api/auth/login,302,0,0
1777735322551,368,用户注册,200,,常规接口测试-50并发 1-14,text,true,,724,253,47,52,http://localhost:8080/api/auth/register,306,0,0
1777735322556,368,用户注册,200,,常规接口测试-50并发 1-48,text,true,,722,253,47,52,http://localhost:8080/api/auth/register,319,0,1
1777735322498,435,高级筛选搜索,200,,常规接口测试-50并发 1-6,text,true,,5782,232,47,52,http://localhost:8080/api/post/list/filter?category=运动健身&pageNum=1&pageSize=10,390,0,0
1777735322566,368,用户注册,200,,常规接口测试-50并发 1-19,text,true,,724,253,47,52,http://localhost:8080/api/auth/register,322,0,0
1777735322622,322,用户注册,200,,常规接口测试-50并发 1-26,text,true,,724,253,47,52,http://localhost:8080/api/auth/register,280,0,0
1777735321904,1043,获取帖子列表,200,,常规接口测试-50并发 1-22,text,true,,5517,179,47,52,http://localhost:8080/api/post/list?pageNum=1&pageSize=10,1001,0,0
1777735322518,435,关键词搜索,400,,常规接口测试-50并发 1-39,text,false,,332,183,47,52,http://localhost:8080/api/search/keyword?q=篮球,396,0,0
1777735321922,1062,获取帖子列表,200,,常规接口测试-50并发 1-12,text,true,,5517,179,48,53,http://localhost:8080/api/post/list?pageNum=1&pageSize=10,1021,0,0
1777735322619,369,用户注册,200,,常规接口测试-50并发 1-35,text,true,,724,253,48,53,http://localhost:8080/api/auth/register,329,0,0
1777735322643,357,用户登录,200,,常规接口测试-50并发 1-18,text,true,,319,218,48,53,http://localhost:8080/api/auth/login,313,0,0
1777735322549,463,高级筛选搜索,200,,常规接口测试-50并发 1-20,text,true,,5782,232,48,53,http://localhost:8080/api/post/list/filter?category=运动健身&pageNum=1&pageSize=10,418,0,1
1777735321951,1063,获取帖子列表,200,,常规接口测试-50并发 1-31,text,true,,5517,179,48,53,http://localhost:8080/api/post/list?pageNum=1&pageSize=10,1019,0,0
1777735322629,400,高级筛选搜索,200,,常规接口测试-50并发 1-11,text,true,,5782,232,48,53,http://localhost:8080/api/post/list/filter?category=运动健身&pageNum=1&pageSize=10,364,0,1
1777735322614,427,关键词搜索,400,,常规接口测试-50并发 1-29,text,false,,332,183,48,53,http://localhost:8080/api/search/keyword?q=篮球,389,0,0
1777735322582,465,高级筛选搜索,200,,常规接口测试-50并发 1-37,text,true,,5782,232,48,53,http://localhost:8080/api/post/list/filter?category=运动健身&pageNum=1&pageSize=10,427,0,1
1777735322716,349,用户登录,200,,常规接口测试-50并发 1-25,text,true,,319,218,48,53,http://localhost:8080/api/auth/login,317,0,0
1777735322756,315,用户注册,200,,常规接口测试-50并发 1-49,text,true,,724,253,48,53,http://localhost:8080/api/auth/register,315,0,1
1777735322654,420,关键词搜索,400,,常规接口测试-50并发 1-40,text,false,,332,183,48,53,http://localhost:8080/api/search/keyword?q=篮球,392,0,0
1777735322004,1071,获取帖子列表,200,,常规接口测试-50并发 1-42,text,true,,5517,179,48,53,http://localhost:8080/api/post/list?pageNum=1&pageSize=10,1045,0,0
1777735322740,341,用户登录,200,,常规接口测试-50并发 1-34,text,true,,319,218,48,53,http://localhost:8080/api/auth/login,313,0,0
1777735322745,352,用户登录,200,,常规接口测试-50并发 1-47,text,true,,319,218,48,53,http://localhost:8080/api/auth/login,312,0,0
1777735322674,469,高级筛选搜索,200,,常规接口测试-50并发 1-15,text,true,,5782,232,48,53,http://localhost:8080/api/post/list/filter?category=运动健身&pageNum=1&pageSize=10,415,0,0
1777735322671,473,高级筛选搜索,200,,常规接口测试-50并发 1-28,text,true,,5782,232,48,53,http://localhost:8080/api/post/list/filter?category=运动健身&pageNum=1&pageSize=10,422,0,1
1777735322689,457,高级筛选搜索,200,,常规接口测试-50并发 1-38,text,true,,5782,232,48,53,http://localhost:8080/api/post/list/filter?category=运动健身&pageNum=1&pageSize=10,406,0,1
1777735322707,446,关键词搜索,400,,常规接口测试-50并发 1-16,text,false,,332,183,48,53,http://localhost:8080/api/search/keyword?q=篮球,394,0,0
1777735322119,1039,获取帖子列表,200,,常规接口测试-50并发 1-23,text,true,,5517,179,48,53,http://localhost:8080/api/post/list?pageNum=1&pageSize=10,990,0,0
1777735322810,374,用户注册,200,,常规接口测试-50并发 1-36,text,true,,724,253,48,53,http://localhost:8080/api/auth/register,325,0,0
1777735322824,387,用户注册,200,,常规接口测试-50并发 1-8,text,true,,724,253,48,53,http://localhost:8080/api/auth/register,341,0,0
1777735322237,976,获取帖子列表,200,,常规接口测试-50并发 1-9,text,true,,5517,179,48,53,http://localhost:8080/api/post/list?pageNum=1&pageSize=10,932,0,0
1777735322844,370,用户注册,200,,常规接口测试-50并发 1-27,text,true,,724,253,48,53,http://localhost:8080/api/auth/register,327,0,0
1777735322215,1002,获取帖子列表,200,,常规接口测试-50并发 1-43,text,true,,5517,179,48,53,http://localhost:8080/api/post/list?pageNum=1&pageSize=10,960,0,0
1777735322869,355,用户登录,200,,常规接口测试-50并发 1-10,text,true,,319,218,48,53,http://localhost:8080/api/auth/login,319,0,0
1777735322794,435,高级筛选搜索,200,,常规接口测试-50并发 1-21,text,true,,5782,232,48,53,http://localhost:8080/api/post/list/filter?category=运动健身&pageNum=1&pageSize=10,402,0,1
1777735322794,440,关键词搜索,400,,常规接口测试-50并发 1-30,text,false,,332,183,48,53,http://localhost:8080/api/search/keyword?q=篮球,408,0,0
1777735322819,432,关键词搜索,400,,常规接口测试-50并发 1-5,text,false,,332,183,48,53,http://localhost:8080/api/search/keyword?q=篮球,402,0,0
1777735322919,340,用户登录,200,,常规接口测试-50并发 1-14,text,true,,319,218,48,53,http://localhost:8080/api/auth/login,306,0,0
1777735322925,339,用户登录,200,,常规接口测试-50并发 1-48,text,true,,319,218,48,53,http://localhost:8080/api/auth/login,301,0,0
1777735322934,348,用户登录,200,,常规接口测试-50并发 1-19,text,true,,319,218,48,53,http://localhost:8080/api/auth/login,300,0,0
1777735322934,363,用户注册,200,,常规接口测试-50并发 1-6,text,true,,724,253,48,53,http://localhost:8080/api/auth/register,305,0,0
1777735322944,357,用户登录,200,,常规接口测试-50并发 1-26,text,true,,319,218,48,53,http://localhost:8080/api/auth/login,296,0,0
1777735322955,372,用户注册,200,,常规接口测试-50并发 1-50,text,true,,724,253,48,53,http://localhost:8080/api/auth/register,313,0,1
1777735322904,437,关键词搜索,400,,常规接口测试-50并发 1-41,text,false,,332,183,48,53,http://localhost:8080/api/search/keyword?q=篮球,389,0,0
1777735322988,362,用户登录,200,,常规接口测试-50并发 1-35,text,true,,319,218,48,53,http://localhost:8080/api/auth/login,319,0,0
1777735322300,1059,获取帖子列表,200,,常规接口测试-50并发 1-17,text,true,,5517,179,48,53,http://localhost:8080/api/post/list?pageNum=1&pageSize=10,1019,0,0
1777735323012,359,用户注册,200,,常规接口测试-50并发 1-20,text,true,,724,253,48,53,http://localhost:8080/api/auth/register,325,0,0
1777735322323,1054,获取帖子列表,200,,常规接口测试-50并发 1-32,text,true,,5517,179,48,53,http://localhost:8080/api/post/list?pageNum=1&pageSize=10,1025,0,0
1777735322948,430,关键词搜索,400,,常规接口测试-50并发 1-22,text,false,,332,183,48,53,http://localhost:8080/api/search/keyword?q=篮球,400,0,0
1777735322953,429,高级筛选搜索,200,,常规接口测试-50并发 1-39,text,true,,5782,232,48,53,http://localhost:8080/api/post/list/filter?category=运动健身&pageNum=1&pageSize=10,400,0,1
1777735323029,361,用户注册,200,,常规接口测试-50并发 1-11,text,true,,724,253,48,53,http://localhost:8080/api/auth/register,331,0,0
1777735323048,354,用户注册,200,,常规接口测试-50并发 1-37,text,true,,724,253,48,53,http://localhost:8080/api/auth/register,321,0,0
1777735322984,425,关键词搜索,400,,常规接口测试-50并发 1-12,text,false,,332,183,48,53,http://localhost:8080/api/search/keyword?q=篮球,389,0,0
1777735323071,377,用户登录,200,,常规接口测试-50并发 1-49,text,true,,319,218,48,53,http://localhost:8080/api/auth/login,321,0,0
1777735323014,438,关键词搜索,400,,常规接口测试-50并发 1-31,text,false,,332,183,48,53,http://localhost:8080/api/search/keyword?q=篮球,382,0,0
1777735323041,457,高级筛选搜索,200,,常规接口测试-50并发 1-29,text,true,,5782,232,48,53,http://localhost:8080/api/post/list/filter?category=运动健身&pageNum=1&pageSize=10,390,0,1
1777735323075,431,关键词搜索,400,,常规接口测试-50并发 1-42,text,false,,332,183,48,53,http://localhost:8080/api/search/keyword?q=篮球,428,0,0
1777735322535,987,获取帖子列表,200,,常规接口测试-50并发 1-44,text,true,,5517,179,48,53,http://localhost:8080/api/post/list?pageNum=1&pageSize=10,922,0,0
1777735323185,339,用户登录,200,,常规接口测试-50并发 1-36,text,true,,319,218,48,53,http://localhost:8080/api/auth/login,274,0,0
1777735323145,402,用户注册,200,,常规接口测试-50并发 1-28,text,true,,724,253,48,53,http://localhost:8080/api/auth/register,349,0,0
1777735323143,404,用户注册,200,,常规接口测试-50并发 1-15,text,true,,724,253,48,53,http://localhost:8080/api/auth/register,353,0,0
1777735323146,408,用户注册,200,,常规接口测试-50并发 1-38,text,true,,722,253,48,53,http://localhost:8080/api/auth/register,355,0,0
1777735323074,483,高级筛选搜索,200,,常规接口测试-50并发 1-40,text,true,,5782,232,48,53,http://localhost:8080/api/post/list/filter?category=运动健身&pageNum=1&pageSize=10,432,0,0
1777735322612,975,获取帖子列表,200,,常规接口测试-50并发 1-13,text,true,,5517,179,48,53,http://localhost:8080/api/post/list?pageNum=1&pageSize=10,920,0,0
1777735323211,410,用户登录,200,,常规接口测试-50并发 1-8,text,true,,319,218,48,53,http://localhost:8080/api/auth/login,346,0,0
1777735323214,422,用户登录,200,,常规接口测试-50并发 1-27,text,true,,319,218,48,53,http://localhost:8080/api/auth/login,347,0,0
1777735322653,1013,获取帖子列表,200,,常规接口测试-50并发 1-33,text,true,,5517,179,48,53,http://localhost:8080/api/post/list?pageNum=1&pageSize=10,930,0,0
1777735323159,517,关键词搜索,400,,常规接口测试-50并发 1-23,text,false,,332,183,48,53,http://localhost:8080/api/search/keyword?q=篮球,434,0,0
1777735323230,458,用户注册,200,,常规接口测试-50并发 1-21,text,true,,724,253,48,53,http://localhost:8080/api/auth/register,368,0,0
1777735323153,574,高级筛选搜索,200,,常规接口测试-50并发 1-16,text,true,,5782,232,48,53,http://localhost:8080/api/post/list/filter?category=运动健身&pageNum=1&pageSize=10,496,0,1
1777735323297,443,用户登录,200,,常规接口测试-50并发 1-6,text,true,,319,218,48,53,http://localhost:8080/api/auth/login,388,0,0
1777735322684,1059,获取帖子列表,200,,常规接口测试-50并发 1-45,text,true,,5517,179,48,53,http://localhost:8080/api/post/list?pageNum=1&pageSize=10,1011,0,0
1777735323213,534,关键词搜索,400,,常规接口测试-50并发 1-9,text,false,,332,183,48,53,http://localhost:8080/api/search/keyword?q=篮球,492,0,0
1777735323217,533,关键词搜索,400,,常规接口测试-50并发 1-43,text,false,,332,183,48,53,http://localhost:8080/api/search/keyword?q=篮球,493,0,0
1777735323251,506,高级筛选搜索,200,,常规接口测试-50并发 1-5,text,true,,5782,232,48,53,http://localhost:8080/api/post/list/filter?category=运动健身&pageNum=1&pageSize=10,471,0,1
1777735323234,525,高级筛选搜索,200,,常规接口测试-50并发 1-30,text,true,,5782,232,48,53,http://localhost:8080/api/post/list/filter?category=运动健身&pageNum=1&pageSize=10,490,0,1
1777735323327,438,用户登录,200,,常规接口测试-50并发 1-50,text,true,,319,218,48,53,http://localhost:8080/api/auth/login,404,0,0
1777735323371,448,用户登录,200,,常规接口测试-50并发 1-20,text,true,,319,218,48,53,http://localhost:8080/api/auth/login,405,0,0
1777735323382,449,用户注册,200,,常规接口测试-50并发 1-39,text,true,,724,253,48,53,http://localhost:8080/api/auth/register,413,0,0
1777735323390,450,用户登录,200,,常规接口测试-50并发 1-11,text,true,,319,218,48,53,http://localhost:8080/api/auth/login,412,0,0
1777735323402,449,用户登录,200,,常规接口测试-50并发 1-37,text,true,,319,218,48,53,http://localhost:8080/api/auth/login,411,0,0
1777735323341,516,高级筛选搜索,200,,常规接口测试-50并发 1-41,text,true,,5782,232,48,53,http://localhost:8080/api/post/list/filter?category=运动健身&pageNum=1&pageSize=10,477,0,1
1777735322823,1042,获取帖子列表,200,,常规接口测试-50并发 1-7,text,true,,5517,179,48,53,http://localhost:8080/api/post/list?pageNum=1&pageSize=10,1001,0,0
1777735323359,515,关键词搜索,400,,常规接口测试-50并发 1-17,text,false,,332,183,48,53,http://localhost:8080/api/search/keyword?q=篮球,474,0,0
1777735322845,1048,获取帖子列表,200,,常规接口测试-50并发 1-3,text,true,,5517,179,48,53,http://localhost:8080/api/post/list?pageNum=1&pageSize=10,1010,0,0
1777735323377,518,关键词搜索,400,,常规接口测试-50并发 1-32,text,false,,332,183,48,53,http://localhost:8080/api/search/keyword?q=篮球,479,0,0
1777735322913,989,获取帖子列表,200,,常规接口测试-50并发 1-4,text,true,,5517,179,48,53,http://localhost:8080/api/post/list?pageNum=1&pageSize=10,950,0,0
1777735323379,527,高级筛选搜索,200,,常规接口测试-50并发 1-22,text,true,,5782,232,48,53,http://localhost:8080/api/post/list/filter?category=运动健身&pageNum=1&pageSize=10,488,0,1
1777735322915,1003,获取帖子列表,200,,常规接口测试-50并发 1-24,text,true,,5517,179,48,53,http://localhost:8080/api/post/list?pageNum=1&pageSize=10,962,0,0
1777735322895,1028,获取帖子列表,200,,常规接口测试-50并发 1-46,text,true,,5517,179,48,53,http://localhost:8080/api/post/list?pageNum=1&pageSize=10,986,0,0
1777735323499,426,用户注册,200,,常规接口测试-50并发 1-29,text,true,,724,253,48,53,http://localhost:8080/api/auth/register,385,0,0
1777735323547,407,用户登录,200,,常规接口测试-50并发 1-28,text,true,,319,218,48,53,http://localhost:8080/api/auth/login,361,0,0
1777735323547,411,用户登录,200,,常规接口测试-50并发 1-15,text,true,,319,218,48,53,http://localhost:8080/api/auth/login,366,0,0
1777735323555,406,用户登录,200,,常规接口测试-50并发 1-38,text,true,,319,218,48,53,http://localhost:8080/api/auth/login,360,0,0
1777735323557,423,用户注册,200,,常规接口测试-50并发 1-40,text,true,,724,253,48,53,http://localhost:8080/api/auth/register,376,0,0
1777735323409,596,高级筛选搜索,200,,常规接口测试-50并发 1-12,text,true,,5782,232,48,53,http://localhost:8080/api/post/list/filter?category=运动健身&pageNum=1&pageSize=10,537,0,1
1777735323522,502,关键词搜索,400,,常规接口测试-50并发 1-44,text,false,,332,183,48,53,http://localhost:8080/api/search/keyword?q=篮球,446,0,0
1777735323453,583,高级筛选搜索,200,,常规接口测试-50并发 1-31,text,true,,5782,232,48,53,http://localhost:8080/api/post/list/filter?category=运动健身&pageNum=1&pageSize=10,533,0,0
1777735323689,389,用户登录,200,,常规接口测试-50并发 1-21,text,true,,319,218,48,53,http://localhost:8080/api/auth/login,324,0,0
1777735323588,516,关键词搜索,400,,常规接口测试-50并发 1-13,text,false,,332,183,48,53,http://localhost:8080/api/search/keyword?q=篮球,438,0,0
1777735323506,616,高级筛选搜索,200,,常规接口测试-50并发 1-42,text,true,,5782,232,48,53,http://localhost:8080/api/post/list/filter?category=运动健身&pageNum=1&pageSize=10,540,0,1
1777735323728,408,用户注册,200,,常规接口测试-50并发 1-16,text,true,,724,253,48,53,http://localhost:8080/api/auth/register,329,0,0
1777735323000,1155,获取帖子列表,200,,常规接口测试-50并发 1-18,text,true,,5517,179,48,53,http://localhost:8080/api/post/list?pageNum=1&pageSize=10,1080,0,0
1777735323666,505,关键词搜索,400,,常规接口测试-50并发 1-33,text,false,,332,183,48,53,http://localhost:8080/api/search/keyword?q=篮球,436,0,0
1777735323757,428,用户注册,200,,常规接口测试-50并发 1-5,text,true,,724,253,48,53,http://localhost:8080/api/auth/register,361,0,0
1777735323759,436,用户注册,200,,常规接口测试-50并发 1-30,text,true,,724,253,48,53,http://localhost:8080/api/auth/register,368,0,0
1777735323065,1179,获取帖子列表,200,,常规接口测试-50并发 1-25,text,true,,5517,179,48,53,http://localhost:8080/api/post/list?pageNum=1&pageSize=10,1123,0,0
1777735323676,614,高级筛选搜索,200,,常规接口测试-50并发 1-23,text,true,,5782,232,48,53,http://localhost:8080/api/post/list/filter?category=运动健身&pageNum=1&pageSize=10,527,0,1
1777735323743,556,关键词搜索,400,,常规接口测试-50并发 1-45,text,false,,332,183,48,53,http://localhost:8080/api/search/keyword?q=篮球,466,0,0
1777735323831,477,用户登录,200,,常规接口测试-50并发 1-39,text,true,,319,218,48,53,http://localhost:8080/api/auth/login,394,0,0
1777735323750,571,高级筛选搜索,200,,常规接口测试-50并发 1-43,text,true,,5782,232,48,53,http://localhost:8080/api/post/list/filter?category=运动健身&pageNum=1&pageSize=10,490,0,1
1777735323081,1248,获取帖子列表,200,,常规接口测试-50并发 1-34,text,true,,5517,179,48,53,http://localhost:8080/api/post/list?pageNum=1&pageSize=10,1168,0,0
1777735323748,602,高级筛选搜索,200,,常规接口测试-50并发 1-9,text,true,,5782,232,48,53,http://localhost:8080/api/post/list/filter?category=运动健身&pageNum=1&pageSize=10,507,0,1
1777735323097,1263,获取帖子列表,200,,常规接口测试-50并发 1-47,text,true,,5517,179,48,53,http://localhost:8080/api/post/list?pageNum=1&pageSize=10,1158,0,0
1777735323858,516,用户注册,200,,常规接口测试-50并发 1-41,text,true,,724,253,48,53,http://localhost:8080/api/auth/register,446,0,0
1777735323224,1206,获取帖子列表,200,,常规接口测试-50并发 1-10,text,true,,5517,179,48,53,http://localhost:8080/api/post/list?pageNum=1&pageSize=10,1163,0,0
1777735323906,525,用户注册,200,,常规接口测试-50并发 1-22,text,true,,724,253,48,53,http://localhost:8080/api/auth/register,482,0,0
1777735323926,508,用户登录,200,,常规接口测试-50并发 1-29,text,true,,319,218,48,53,http://localhost:8080/api/auth/login,464,0,0
1777735323902,552,关键词搜索,400,,常规接口测试-50并发 1-4,text,false,,332,183,48,53,http://localhost:8080/api/search/keyword?q=篮球,512,0,0
1777735323865,590,关键词搜索,400,,常规接口测试-50并发 1-7,text,false,,332,183,48,53,http://localhost:8080/api/search/keyword?q=篮球,550,0,0
1777735323874,591,高级筛选搜索,200,,常规接口测试-50并发 1-17,text,true,,5782,232,48,53,http://localhost:8080/api/post/list/filter?category=运动健身&pageNum=1&pageSize=10,554,0,1
1777735323894,571,关键词搜索,400,,常规接口测试-50并发 1-3,text,false,,332,183,48,53,http://localhost:8080/api/search/keyword?q=篮球,531,0,0
1777735323264,1205,获取帖子列表,200,,常规接口测试-50并发 1-48,text,true,,5517,179,48,53,http://localhost:8080/api/post/list?pageNum=1&pageSize=10,1168,0,0
1777735323980,493,用户登录,200,,常规接口测试-50并发 1-40,text,true,,319,218,48,53,http://localhost:8080/api/auth/login,458,0,0
1777735323896,580,高级筛选搜索,200,,常规接口测试-50并发 1-32,text,true,,5782,232,48,53,http://localhost:8080/api/post/list/filter?category=运动健身&pageNum=1&pageSize=10,548,0,0
1777735323282,1200,获取帖子列表,200,,常规接口测试-50并发 1-19,text,true,,5517,179,48,53,http://localhost:8080/api/post/list?pageNum=1&pageSize=10,1168,0,0
1777735323918,575,关键词搜索,400,,常规接口测试-50并发 1-24,text,false,,332,183,48,53,http://localhost:8080/api/search/keyword?q=篮球,540,0,0
1777735323923,573,关键词搜索,400,,常规接口测试-50并发 1-46,text,false,,332,183,48,53,http://localhost:8080/api/search/keyword?q=篮球,537,0,0
1777735323301,1200,获取帖子列表,200,,常规接口测试-50并发 1-26,text,true,,5517,179,48,53,http://localhost:8080/api/post/list?pageNum=1&pageSize=10,1164,0,0
1777735324006,505,用户注册,200,,常规接口测试-50并发 1-12,text,true,,724,253,48,53,http://localhost:8080/api/auth/register,466,0,0
1777735324036,494,用户注册,200,,常规接口测试-50并发 1-31,text,true,,724,253,48,53,http://localhost:8080/api/auth/register,446,0,0
1777735323260,1276,获取帖子列表,200,,常规接口测试-50并发 1-14,text,true,,5517,179,48,53,http://localhost:8080/api/post/list?pageNum=1&pageSize=10,1225,0,0
1777735324136,460,用户登录,200,,常规接口测试-50并发 1-16,text,true,,319,218,48,53,http://localhost:8080/api/auth/login,408,0,0
1777735324122,479,用户注册,200,,常规接口测试-50并发 1-42,text,true,,724,253,48,53,http://localhost:8080/api/auth/register,431,0,0
1777735323350,1253,获取帖子列表,200,,常规接口测试-50并发 1-35,text,true,,5517,179,48,53,http://localhost:8080/api/post/list?pageNum=1&pageSize=10,1207,0,0
1777735324186,434,用户登录,200,,常规接口测试-50并发 1-5,text,true,,319,218,48,53,http://localhost:8080/api/auth/login,394,0,0
1777735324195,431,用户登录,200,,常规接口测试-50并发 1-30,text,true,,319,218,48,53,http://localhost:8080/api/auth/login,395,0,0
1777735324024,638,高级筛选搜索,200,,常规接口测试-50并发 1-44,text,true,,5782,232,48,53,http://localhost:8080/api/post/list/filter?category=运动健身&pageNum=1&pageSize=10,584,0,1
1777735324155,558,关键词搜索,400,,常规接口测试-50并发 1-18,text,false,,332,183,48,53,http://localhost:8080/api/search/keyword?q=篮球,488,0,0
1777735324290,428,用户注册,200,,常规接口测试-50并发 1-23,text,true,,723,252,48,53,http://localhost:8080/api/auth/register,362,0,0
1777735324104,630,高级筛选搜索,200,,常规接口测试-50并发 1-13,text,true,,5782,232,48,53,http://localhost:8080/api/post/list/filter?category=运动健身&pageNum=1&pageSize=10,573,0,1
1777735324322,427,用户注册,200,,常规接口测试-50并发 1-43,text,true,,723,252,48,53,http://localhost:8080/api/auth/register,383,0,0
1777735324350,404,用户注册,200,,常规接口测试-50并发 1-9,text,true,,724,253,48,53,http://localhost:8080/api/auth/register,366,0,0
1777735324374,387,用户登录,200,,常规接口测试-50并发 1-41,text,true,,319,218,48,53,http://localhost:8080/api/auth/login,349,0,0
1777735324244,523,关键词搜索,400,,常规接口测试-50并发 1-25,text,false,,332,183,48,53,http://localhost:8080/api/search/keyword?q=篮球,488,0,0
1777735324361,414,关键词搜索,400,,常规接口测试-50并发 1-47,text,false,,332,183,48,53,http://localhost:8080/api/search/keyword?q=篮球,377,0,0
1777735324171,609,高级筛选搜索,200,,常规接口测试-50并发 1-33,text,true,,5782,232,48,53,http://localhost:8080/api/post/list/filter?category=运动健身&pageNum=1&pageSize=10,572,0,1
1777735324330,494,关键词搜索,400,,常规接口测试-50并发 1-34,text,false,,332,183,48,53,http://localhost:8080/api/search/keyword?q=篮球,439,0,0
1777735324431,398,用户登录,200,,常规接口测试-50并发 1-22,text,true,,319,218,48,53,http://localhost:8080/api/auth/login,342,0,0
1777735323448,1400,获取帖子列表,200,,常规接口测试-50并发 1-49,text,true,,5517,179,48,53,http://localhost:8080/api/post/list?pageNum=1&pageSize=10,1342,0,0
1777735324299,551,高级筛选搜索,200,,常规接口测试-50并发 1-45,text,true,,5782,232,48,53,http://localhost:8080/api/post/list/filter?category=运动健身&pageNum=1&pageSize=10,491,0,1
1777735323524,1343,获取帖子列表,200,,常规接口测试-50并发 1-36,text,true,,5517,179,48,53,http://localhost:8080/api/post/list?pageNum=1&pageSize=10,1289,0,0
1777735324430,438,关键词搜索,400,,常规接口测试-50并发 1-10,text,false,,332,183,48,53,http://localhost:8080/api/search/keyword?q=篮球,388,0,0
1777735324465,405,用户注册,200,,常规接口测试-50并发 1-17,text,true,,722,253,48,53,http://localhost:8080/api/auth/register,357,0,0
1777735324476,404,用户注册,200,,常规接口测试-50并发 1-32,text,true,,724,253,48,53,http://localhost:8080/api/auth/register,366,0,0
1777735323622,1270,获取帖子列表,200,,常规接口测试-50并发 1-8,text,true,,5517,179,48,53,http://localhost:8080/api/post/list?pageNum=1&pageSize=10,1242,0,0
1777735324512,406,用户登录,200,,常规接口测试-50并发 1-12,text,true,,319,218,48,53,http://localhost:8080/api/auth/login,363,0,0
1777735323636,1282,获取帖子列表,200,,常规接口测试-50并发 1-27,text,true,,5517,179,48,53,http://localhost:8080/api/post/list?pageNum=1&pageSize=10,1241,0,0
1777735324530,394,用户登录,200,,常规接口测试-50并发 1-31,text,true,,319,218,48,53,http://localhost:8080/api/auth/login,351,0,0
1777735324455,470,高级筛选搜索,200,,常规接口测试-50并发 1-7,text,true,,5782,232,48,53,http://localhost:8080/api/post/list/filter?category=运动健身&pageNum=1&pageSize=10,426,0,1
1777735324455,475,高级筛选搜索,200,,常规接口测试-50并发 1-4,text,true,,5782,232,48,53,http://localhost:8080/api/post/list/filter?category=运动健身&pageNum=1&pageSize=10,429,0,0
1777735323740,1197,获取帖子列表,200,,常规接口测试-50并发 1-6,text,true,,5517,179,48,53,http://localhost:8080/api/post/list?pageNum=1&pageSize=10,1152,0,0
1777735324469,475,关键词搜索,400,,常规接口测试-50并发 1-48,text,false,,332,183,48,53,http://localhost:8080/api/search/keyword?q=篮球,429,0,0
1777735324482,477,关键词搜索,400,,常规接口测试-50并发 1-19,text,false,,332,183,48,53,http://localhost:8080/api/search/keyword?q=篮球,439,0,0
1777735324465,507,高级筛选搜索,200,,常规接口测试-50并发 1-3,text,true,,5782,232,48,53,http://localhost:8080/api/post/list/filter?category=运动健身&pageNum=1&pageSize=10,467,0,1
1777735323766,1209,获取帖子列表,200,,常规接口测试-50并发 1-50,text,true,,5517,179,47,52,http://localhost:8080/api/post/list?pageNum=1&pageSize=10,1169,0,0
1777735324602,375,用户登录,200,,常规接口测试-50并发 1-42,text,true,,319,218,47,52,http://localhost:8080/api/auth/login,333,0,0
1777735324501,477,关键词搜索,400,,常规接口测试-50并发 1-26,text,false,,332,183,47,52,http://localhost:8080/api/search/keyword?q=篮球,435,0,0
1777735324493,496,高级筛选搜索,200,,常规接口测试-50并发 1-24,text,true,,5782,232,47,52,http://localhost:8080/api/post/list/filter?category=运动健身&pageNum=1&pageSize=10,458,0,1
1777735324662,335,用户注册,200,,常规接口测试-50并发 1-44,text,true,,722,253,47,52,http://localhost:8080/api/auth/register,296,0,0
1777735324497,503,高级筛选搜索,200,,常规接口测试-50并发 1-46,text,true,,5782,232,47,52,http://localhost:8080/api/post/list/filter?category=运动健身&pageNum=1&pageSize=10,464,0,0
1777735324536,466,关键词搜索,400,,常规接口测试-50并发 1-14,text,false,,332,183,47,52,http://localhost:8080/api/search/keyword?q=篮球,427,0,0
1777735323819,1202,获取帖子列表,200,,常规接口测试-50并发 1-20,text,true,,5517,179,47,52,http://localhost:8080/api/post/list?pageNum=1&pageSize=10,1163,0,0
1777735323851,1176,获取帖子列表,200,,常规接口测试-50并发 1-37,text,true,,5517,179,47,52,http://localhost:8080/api/post/list?pageNum=1&pageSize=10,1141,0,0
1777735323840,1188,获取帖子列表,200,,常规接口测试-50并发 1-11,text,true,,5517,179,47,52,http://localhost:8080/api/post/list?pageNum=1&pageSize=10,1153,0,0
1777735324603,442,关键词搜索,400,,常规接口测试-50并发 1-35,text,false,,332,183,47,52,http://localhost:8080/api/search/keyword?q=篮球,407,0,0
1777735324718,337,用户登录,200,,常规接口测试-50并发 1-23,text,true,,319,218,47,52,http://localhost:8080/api/auth/login,302,0,0
1777735324734,343,用户注册,200,,常规接口测试-50并发 1-13,text,true,,724,253,47,52,http://localhost:8080/api/auth/register,304,0,0
1777735324750,334,用户登录,200,,常规接口测试-50并发 1-43,text,true,,319,218,47,52,http://localhost:8080/api/auth/login,296,0,0
1777735324755,374,用户登录,200,,常规接口测试-50并发 1-9,text,true,,319,218,47,52,http://localhost:8080/api/auth/login,298,0,0
1777735324781,392,用户注册,200,,常规接口测试-50并发 1-33,text,true,,723,252,47,52,http://localhost:8080/api/auth/register,314,0,0
1777735323959,1236,获取帖子列表,200,,常规接口测试-50并发 1-15,text,true,,5517,179,47,52,http://localhost:8080/api/post/list?pageNum=1&pageSize=10,1193,0,0
1777735323961,1246,获取帖子列表,200,,常规接口测试-50并发 1-38,text,true,,5517,179,47,52,http://localhost:8080/api/post/list?pageNum=1&pageSize=10,1196,0,0
1777735324714,506,高级筛选搜索,200,,常规接口测试-50并发 1-18,text,true,,5782,232,47,52,http://localhost:8080/api/post/list/filter?category=运动健身&pageNum=1&pageSize=10,450,0,0
1777735324850,408,用户注册,200,,常规接口测试-50并发 1-45,text,true,,724,253,47,52,http://localhost:8080/api/auth/register,343,0,0
1777735324870,406,用户登录,200,,常规接口测试-50并发 1-17,text,true,,319,218,47,52,http://localhost:8080/api/auth/login,343,0,0
1777735323954,1324,获取帖子列表,200,,常规接口测试-50并发 1-28,text,true,,5517,179,47,52,http://localhost:8080/api/post/list?pageNum=1&pageSize=10,1264,0,0
1777735324881,405,用户登录,200,,常规接口测试-50并发 1-32,text,true,,319,218,47,52,http://localhost:8080/api/auth/login,355,0,0
1777735324892,402,关键词搜索,400,,常规接口测试-50并发 1-8,text,false,,332,183,47,52,http://localhost:8080/api/search/keyword?q=篮球,356,0,0
1777735324930,371,用户注册,200,,常规接口测试-50并发 1-4,text,true,,724,253,47,52,http://localhost:8080/api/auth/register,335,0,0
1777735324775,531,高级筛选搜索,200,,常规接口测试-50并发 1-47,text,true,,5782,232,47,52,http://localhost:8080/api/post/list/filter?category=运动健身&pageNum=1&pageSize=10,501,0,1
1777735324767,543,高级筛选搜索,200,,常规接口测试-50并发 1-25,text,true,,5782,232,47,52,http://localhost:8080/api/post/list/filter?category=运动健身&pageNum=1&pageSize=10,511,0,1
1777735324848,476,关键词搜索,400,,常规接口测试-50并发 1-49,text,false,,332,183,47,52,http://localhost:8080/api/search/keyword?q=篮球,435,0,0
1777735324926,412,用户注册,200,,常规接口测试-50并发 1-7,text,true,,724,253,47,52,http://localhost:8080/api/auth/register,363,0,0
1777735324824,516,高级筛选搜索,200,,常规接口测试-50并发 1-34,text,true,,5782,232,47,52,http://localhost:8080/api/post/list/filter?category=运动健身&pageNum=1&pageSize=10,468,0,1
1777735324867,477,关键词搜索,400,,常规接口测试-50并发 1-36,text,false,,332,183,47,52,http://localhost:8080/api/search/keyword?q=篮球,429,0,0
1777735324078,1277,获取帖子列表,200,,常规接口测试-50并发 1-21,text,true,,5517,179,47,52,http://localhost:8080/api/post/list?pageNum=1&pageSize=10,1222,0,0
1777735324868,536,高级筛选搜索,200,,常规接口测试-50并发 1-10,text,true,,5782,232,47,52,http://localhost:8080/api/post/list/filter?category=运动健身&pageNum=1&pageSize=10,474,0,1
1777735324918,511,关键词搜索,400,,常规接口测试-50并发 1-27,text,false,,332,183,47,52,http://localhost:8080/api/search/keyword?q=篮球,444,0,0
1777735324990,452,用户注册,200,,常规接口测试-50并发 1-24,text,true,,724,253,47,52,http://localhost:8080/api/auth/register,387,0,0
1777735324997,448,用户登录,200,,常规接口测试-50并发 1-44,text,true,,319,218,47,52,http://localhost:8080/api/auth/login,383,0,0
1777735324937,521,关键词搜索,400,,常规接口测试-50并发 1-6,text,false,,332,183,47,52,http://localhost:8080/api/search/keyword?q=篮球,457,0,0
1777735325001,460,用户注册,200,,常规接口测试-50并发 1-46,text,true,,722,253,47,52,http://localhost:8080/api/auth/register,395,0,0
1777735324309,1174,获取帖子列表,200,,常规接口测试-50并发 1-39,text,true,,5517,179,47,52,http://localhost:8080/api/post/list?pageNum=1&pageSize=10,1120,0,0
1777735324960,529,高级筛选搜索,200,,常规接口测试-50并发 1-19,text,true,,5782,232,47,52,http://localhost:8080/api/post/list/filter?category=运动健身&pageNum=1&pageSize=10,476,0,0
1777735324945,547,高级筛选搜索,200,,常规接口测试-50并发 1-48,text,true,,5782,232,47,52,http://localhost:8080/api/post/list/filter?category=运动健身&pageNum=1&pageSize=10,499,0,0
1777735324976,518,关键词搜索,400,,常规接口测试-50并发 1-50,text,false,,332,183,47,52,http://localhost:8080/api/search/keyword?q=篮球,476,0,0
1777735324978,526,高级筛选搜索,200,,常规接口测试-50并发 1-26,text,true,,5782,232,47,52,http://localhost:8080/api/post/list/filter?category=运动健身&pageNum=1&pageSize=10,492,0,1
1777735325078,447,用户登录,200,,常规接口测试-50并发 1-13,text,true,,319,218,47,52,http://localhost:8080/api/auth/login,417,0,0
1777735325002,532,高级筛选搜索,200,,常规接口测试-50并发 1-14,text,true,,5782,232,47,52,http://localhost:8080/api/post/list/filter?category=运动健身&pageNum=1&pageSize=10,499,0,1
1777735324434,1104,获取帖子列表,200,,常规接口测试-50并发 1-29,text,true,,5517,179,47,52,http://localhost:8080/api/post/list?pageNum=1&pageSize=10,1070,0,0
1777735325021,520,关键词搜索,400,,常规接口测试-50并发 1-20,text,false,,332,183,47,52,http://localhost:8080/api/search/keyword?q=篮球,485,0,0
1777735325028,517,关键词搜索,400,,常规接口测试-50并发 1-37,text,false,,332,183,47,52,http://localhost:8080/api/search/keyword?q=篮球,480,0,0
1777735325029,520,关键词搜索,400,,常规接口测试-50并发 1-11,text,false,,332,183,47,52,http://localhost:8080/api/search/keyword?q=篮球,484,0,0
1777735325173,389,用户登录,200,,常规接口测试-50并发 1-33,text,true,,319,218,47,52,http://localhost:8080/api/auth/login,355,0,0
1777735325045,520,高级筛选搜索,200,,常规接口测试-50并发 1-35,text,true,,5782,232,47,52,http://localhost:8080/api/post/list/filter?category=运动健身&pageNum=1&pageSize=10,487,0,1
1777735324473,1104,获取帖子列表,200,,常规接口测试-50并发 1-40,text,true,,5517,179,47,52,http://localhost:8080/api/post/list?pageNum=1&pageSize=10,1072,0,0
1777735325220,385,用户注册,200,,常规接口测试-50并发 1-18,text,true,,722,253,47,52,http://localhost:8080/api/auth/register,349,0,0
1777735325195,419,关键词搜索,400,,常规接口测试-50并发 1-15,text,false,,332,183,47,52,http://localhost:8080/api/search/keyword?q=篮球,381,0,0
1777735324596,1024,获取帖子列表,200,,常规接口测试-50并发 1-16,text,true,,5517,179,47,52,http://localhost:8080/api/post/list?pageNum=1&pageSize=10,984,0,0
1777735325259,362,用户登录,200,,常规接口测试-50并发 1-45,text,true,,319,218,47,52,http://localhost:8080/api/auth/login,323,0,0
1777735324620,1037,获取帖子列表,200,,常规接口测试-50并发 1-5,text,true,,5517,179,47,52,http://localhost:8080/api/post/list?pageNum=1&pageSize=10,999,0,0
1777735325207,456,关键词搜索,400,,常规接口测试-50并发 1-38,text,false,,332,183,47,52,http://localhost:8080/api/search/keyword?q=篮球,419,0,0
1777735325301,365,用户登录,200,,常规接口测试-50并发 1-4,text,true,,319,218,47,52,http://localhost:8080/api/auth/login,329,0,0
1777735324626,1042,获取帖子列表,200,,常规接口测试-50并发 1-30,text,true,,5517,179,47,52,http://localhost:8080/api/post/list?pageNum=1&pageSize=10,1006,0,0
1777735325311,363,用户注册,200,,常规接口测试-50并发 1-25,text,true,,724,253,47,52,http://localhost:8080/api/auth/register,330,0,0
1777735325307,368,用户注册,200,,常规接口测试-50并发 1-47,text,true,,724,253,47,52,http://localhost:8080/api/auth/register,336,0,0
1777735325338,341,用户登录,200,,常规接口测试-50并发 1-7,text,true,,319,218,47,52,http://localhost:8080/api/auth/login,309,0,0
1777735325340,357,用户注册,200,,常规接口测试-50并发 1-34,text,true,,724,253,47,52,http://localhost:8080/api/auth/register,324,0,0
1777735325278,428,关键词搜索,400,,常规接口测试-50并发 1-28,text,false,,332,183,47,52,http://localhost:8080/api/search/keyword?q=篮球,390,0,0
1777735325442,266,用户登录,200,,常规接口测试-50并发 1-24,text,true,,319,218,47,52,http://localhost:8080/api/auth/login,230,0,0
1777735325404,335,用户注册,200,,常规接口测试-50并发 1-10,text,true,,724,253,47,52,http://localhost:8080/api/auth/register,298,0,0
1777735325461,299,用户登录,200,,常规接口测试-50并发 1-46,text,true,,319,218,47,52,http://localhost:8080/api/auth/login,258,0,0
1777735325355,410,关键词搜索,400,,常规接口测试-50并发 1-21,text,false,,332,183,47,52,http://localhost:8080/api/search/keyword?q=篮球,367,0,0
1777735325294,472,高级筛选搜索,200,,常规接口测试-50并发 1-8,text,true,,5782,232,47,52,http://localhost:8080/api/post/list/filter?category=运动健身&pageNum=1&pageSize=10,430,0,1
1777735324762,1013,获取帖子列表,200,,常规接口测试-50并发 1-41,text,true,,5517,179,47,52,http://localhost:8080/api/post/list?pageNum=1&pageSize=10,972,0,0
1777735325489,304,用户注册,200,,常规接口测试-50并发 1-19,text,true,,724,253,47,52,http://localhost:8080/api/auth/register,265,0,0
1777735325324,474,高级筛选搜索,200,,常规接口测试-50并发 1-49,text,true,,5782,232,47,52,http://localhost:8080/api/post/list/filter?category=运动健身&pageNum=1&pageSize=10,439,0,1
1777735325492,308,用户注册,200,,常规接口测试-50并发 1-48,text,true,,722,253,47,52,http://localhost:8080/api/auth/register,274,0,0
1777735325505,311,用户注册,200,,常规接口测试-50并发 1-26,text,true,,724,253,47,52,http://localhost:8080/api/auth/register,279,0,0
1777735325345,476,高级筛选搜索,200,,常规接口测试-50并发 1-36,text,true,,5782,232,47,52,http://localhost:8080/api/post/list/filter?category=运动健身&pageNum=1&pageSize=10,443,0,0
1777735324830,1010,获取帖子列表,200,,常规接口测试-50并发 1-22,text,true,,5517,179,47,52,http://localhost:8080/api/post/list?pageNum=1&pageSize=10,977,0,0
1777735325483,361,关键词搜索,400,,常规接口测试-50并发 1-39,text,false,,332,183,47,52,http://localhost:8080/api/search/keyword?q=篮球,326,0,0
1777735325534,317,用户注册,200,,常规接口测试-50并发 1-14,text,true,,724,253,47,52,http://localhost:8080/api/auth/register,280,0,0
1777735325429,443,高级筛选搜索,200,,常规接口测试-50并发 1-27,text,true,,5782,232,47,52,http://localhost:8080/api/post/list/filter?category=运动健身&pageNum=1&pageSize=10,399,0,1
1777735325565,344,用户注册,200,,常规接口测试-50并发 1-35,text,true,,724,253,47,52,http://localhost:8080/api/auth/register,277,0,0
1777735325458,461,高级筛选搜索,200,,常规接口测试-50并发 1-6,text,true,,5782,232,47,52,http://localhost:8080/api/post/list/filter?category=运动健身&pageNum=1&pageSize=10,391,0,1
1777735325538,392,关键词搜索,400,,常规接口测试-50并发 1-29,text,false,,332,183,47,52,http://localhost:8080/api/search/keyword?q=篮球,327,0,0
1777735325606,330,用户登录,200,,常规接口测试-50并发 1-18,text,true,,319,218,47,52,http://localhost:8080/api/auth/login,272,0,0
1777735325494,451,高级筛选搜索,200,,常规接口测试-50并发 1-50,text,true,,5782,232,47,52,http://localhost:8080/api/post/list/filter?category=运动健身&pageNum=1&pageSize=10,403,0,1
1777735325577,369,关键词搜索,400,,常规接口测试-50并发 1-40,text,false,,332,183,47,52,http://localhost:8080/api/search/keyword?q=篮球,322,0,0
1777735324918,1050,获取帖子列表,200,,常规接口测试-50并发 1-12,text,true,,5517,179,47,52,http://localhost:8080/api/post/list?pageNum=1&pageSize=10,1012,0,0
1777735324925,1068,获取帖子列表,200,,常规接口测试-50并发 1-31,text,true,,5517,179,47,52,http://localhost:8080/api/post/list?pageNum=1&pageSize=10,1025,0,0
1777735325541,457,高级筛选搜索,200,,常规接口测试-50并发 1-20,text,true,,5782,232,47,52,http://localhost:8080/api/post/list/filter?category=运动健身&pageNum=1&pageSize=10,413,0,0
1777735325549,454,高级筛选搜索,200,,常规接口测试-50并发 1-11,text,true,,5782,232,47,52,http://localhost:8080/api/post/list/filter?category=运动健身&pageNum=1&pageSize=10,410,0,1
1777735325545,465,高级筛选搜索,200,,常规接口测试-50并发 1-37,text,true,,5782,232,47,52,http://localhost:8080/api/post/list/filter?category=运动健身&pageNum=1&pageSize=10,421,0,1
1777735325674,341,用户登录,200,,常规接口测试-50并发 1-25,text,true,,319,218,47,52,http://localhost:8080/api/auth/login,299,0,0
1777735325676,343,用户登录,200,,常规接口测试-50并发 1-47,text,true,,319,218,47,52,http://localhost:8080/api/auth/login,302,0,0
1777735325620,406,关键词搜索,400,,常规接口测试-50并发 1-16,text,false,,332,183,47,52,http://localhost:8080/api/search/keyword?q=篮球,369,0,0
1777735325657,370,关键词搜索,400,,常规接口测试-50并发 1-5,text,false,,332,183,47,52,http://localhost:8080/api/search/keyword?q=篮球,334,0,0
1777735325697,345,用户登录,200,,常规接口测试-50并发 1-34,text,true,,319,218,47,52,http://localhost:8080/api/auth/login,311,0,0
1777735324977,1074,获取帖子列表,200,,常规接口测试-50并发 1-42,text,true,,5517,179,47,52,http://localhost:8080/api/post/list?pageNum=1&pageSize=10,1039,0,0
1777735325615,443,高级筛选搜索,200,,常规接口测试-50并发 1-15,text,true,,5782,232,47,52,http://localhost:8080/api/post/list/filter?category=运动健身&pageNum=1&pageSize=10,408,0,0
1777735325766,304,用户注册,200,,常规接口测试-50并发 1-8,text,true,,724,253,47,52,http://localhost:8080/api/auth/register,269,0,0
1777735325668,405,关键词搜索,400,,常规接口测试-50并发 1-30,text,false,,332,183,47,52,http://localhost:8080/api/search/keyword?q=篮球,373,0,0
1777735325664,410,高级筛选搜索,200,,常规接口测试-50并发 1-38,text,true,,5782,232,47,52,http://localhost:8080/api/post/list/filter?category=运动健身&pageNum=1&pageSize=10,378,0,0
1777735325739,345,用户登录,200,,常规接口测试-50并发 1-10,text,true,,319,218,47,52,http://localhost:8080/api/auth/login,314,0,0
1777735325793,331,用户登录,200,,常规接口测试-50并发 1-19,text,true,,319,218,47,52,http://localhost:8080/api/auth/login,295,0,0
1777735325706,419,高级筛选搜索,200,,常规接口测试-50并发 1-28,text,true,,5782,232,47,52,http://localhost:8080/api/post/list/filter?category=运动健身&pageNum=1&pageSize=10,383,0,1
1777735325800,330,用户登录,200,,常规接口测试-50并发 1-48,text,true,,319,218,47,52,http://localhost:8080/api/auth/login,295,0,0
1777735325799,336,用户注册,200,,常规接口测试-50并发 1-49,text,true,,724,253,47,52,http://localhost:8080/api/auth/register,302,0,0
1777735325776,361,关键词搜索,400,,常规接口测试-50并发 1-41,text,false,,332,183,47,52,http://localhost:8080/api/search/keyword?q=篮球,327,0,0
1777735325055,1094,获取帖子列表,200,,常规接口测试-50并发 1-23,text,true,,5517,179,47,52,http://localhost:8080/api/post/list?pageNum=1&pageSize=10,1058,0,0
1777735325816,337,用户登录,200,,常规接口测试-50并发 1-26,text,true,,319,218,47,52,http://localhost:8080/api/auth/login,301,0,0
1777735325084,1077,获取帖子列表,200,,常规接口测试-50并发 1-43,text,true,,5517,179,47,52,http://localhost:8080/api/post/list?pageNum=1&pageSize=10,1042,0,0
1777735325821,343,用户注册,200,,常规接口测试-50并发 1-36,text,true,,723,252,47,52,http://localhost:8080/api/auth/register,309,0,0
1777735325840,330,关键词搜索,400,,常规接口测试-50并发 1-22,text,false,,332,183,47,52,http://localhost:8080/api/search/keyword?q=篮球,295,0,0
1777735325130,1046,获取帖子列表,200,,常规接口测试-50并发 1-9,text,true,,5517,179,47,52,http://localhost:8080/api/post/list?pageNum=1&pageSize=10,1011,0,0
1777735325851,335,用户登录,200,,常规接口测试-50并发 1-14,text,true,,319,218,47,52,http://localhost:8080/api/auth/login,300,0,0
1777735325765,427,高级筛选搜索,200,,常规接口测试-50并发 1-21,text,true,,5782,232,47,52,http://localhost:8080/api/post/list/filter?category=运动健身&pageNum=1&pageSize=10,389,0,0
1777735325872,344,用户注册,200,,常规接口测试-50并发 1-27,text,true,,722,253,47,52,http://localhost:8080/api/auth/register,300,0,0
1777735325909,325,用户登录,200,,常规接口测试-50并发 1-35,text,true,,319,218,47,52,http://localhost:8080/api/auth/login,269,0,0
1777735325919,346,用户注册,200,,常规接口测试-50并发 1-6,text,true,,723,252,47,52,http://localhost:8080/api/auth/register,280,0,0
1777735325945,350,用户注册,200,,常规接口测试-50并发 1-50,text,true,,724,253,47,52,http://localhost:8080/api/auth/register,294,0,0
1777735325844,484,高级筛选搜索,200,,常规接口测试-50并发 1-39,text,true,,5782,232,47,52,http://localhost:8080/api/post/list/filter?category=运动健身&pageNum=1&pageSize=10,443,0,1
1777735325999,356,用户注册,200,,常规接口测试-50并发 1-20,text,true,,724,253,47,52,http://localhost:8080/api/auth/register,302,0,0
1777735326004,356,用户注册,200,,常规接口测试-50并发 1-11,text,true,,724,253,47,52,http://localhost:8080/api/auth/register,303,0,0
1777735326010,357,用户注册,200,,常规接口测试-50并发 1-37,text,true,,724,253,47,52,http://localhost:8080/api/auth/register,306,0,0
1777735325276,1113,获取帖子列表,200,,常规接口测试-50并发 1-17,text,true,,5517,179,47,52,http://localhost:8080/api/post/list?pageNum=1&pageSize=10,1070,0,0
1777735325969,423,关键词搜索,400,,常规接口测试-50并发 1-12,text,false,,332,183,47,52,http://localhost:8080/api/search/keyword?q=篮球,381,0,0
1777735325930,474,高级筛选搜索,200,,常规接口测试-50并发 1-29,text,true,,5782,232,47,52,http://localhost:8080/api/post/list/filter?category=运动健身&pageNum=1&pageSize=10,433,0,1
1777735325993,415,关键词搜索,400,,常规接口测试-50并发 1-31,text,false,,332,183,47,52,http://localhost:8080/api/search/keyword?q=篮球,375,0,0
1777735325287,1123,获取帖子列表,200,,常规接口测试-50并发 1-32,text,true,,5517,179,47,52,http://localhost:8080/api/post/list?pageNum=1&pageSize=10,1083,0,0
1777735325946,471,高级筛选搜索,200,,常规接口测试-50并发 1-40,text,true,,5782,232,47,52,http://localhost:8080/api/post/list/filter?category=运动健身&pageNum=1&pageSize=10,430,0,0
1777735326058,366,用户注册,200,,常规接口测试-50并发 1-15,text,true,,724,253,47,52,http://localhost:8080/api/auth/register,322,0,0
1777735326070,356,用户登录,200,,常规接口测试-50并发 1-8,text,true,,319,218,47,52,http://localhost:8080/api/auth/login,313,0,0
1777735326074,381,用户注册,200,,常规接口测试-50并发 1-38,text,true,,724,253,47,52,http://localhost:8080/api/auth/register,331,0,0
1777735326052,445,关键词搜索,400,,常规接口测试-50并发 1-42,text,false,,332,183,47,52,http://localhost:8080/api/search/keyword?q=篮球,390,0,0
1777735326026,489,高级筛选搜索,200,,常规接口测试-50并发 1-16,text,true,,5782,232,47,52,http://localhost:8080/api/post/list/filter?category=运动健身&pageNum=1&pageSize=10,435,0,1
1777735326125,403,用户注册,200,,常规接口测试-50并发 1-28,text,true,,724,253,47,52,http://localhost:8080/api/auth/register,342,0,0
1777735326136,400,用户登录,200,,常规接口测试-50并发 1-49,text,true,,319,218,47,52,http://localhost:8080/api/auth/login,336,0,0
1777735326028,523,高级筛选搜索,200,,常规接口测试-50并发 1-5,text,true,,5782,232,47,52,http://localhost:8080/api/post/list/filter?category=运动健身&pageNum=1&pageSize=10,456,0,0
1777735325445,1112,获取帖子列表,200,,常规接口测试-50并发 1-44,text,true,,5517,179,47,52,http://localhost:8080/api/post/list?pageNum=1&pageSize=10,1045,0,0
1777735326164,420,用户登录,200,,常规接口测试-50并发 1-36,text,true,,319,218,47,52,http://localhost:8080/api/auth/login,356,0,0
1777735326074,512,高级筛选搜索,200,,常规接口测试-50并发 1-30,text,true,,5782,232,47,52,http://localhost:8080/api/post/list/filter?category=运动健身&pageNum=1&pageSize=10,448,0,0
1777735326193,431,用户注册,200,,常规接口测试-50并发 1-21,text,true,,724,253,47,52,http://localhost:8080/api/auth/register,394,0,0
1777735326216,411,用户登录,200,,常规接口测试-50并发 1-27,text,true,,319,218,47,52,http://localhost:8080/api/auth/login,374,0,0
1777735326150,483,关键词搜索,400,,常规接口测试-50并发 1-23,text,false,,332,183,47,52,http://localhost:8080/api/search/keyword?q=篮球,444,0,0
1777735326161,483,关键词搜索,400,,常规接口测试-50并发 1-43,text,false,,332,183,47,52,http://localhost:8080/api/search/keyword?q=篮球,440,0,0
1777735326265,393,用户登录,200,,常规接口测试-50并发 1-6,text,true,,319,218,47,52,http://localhost:8080/api/auth/login,354,0,0
1777735326176,495,关键词搜索,400,,常规接口测试-50并发 1-9,text,false,,332,183,47,52,http://localhost:8080/api/search/keyword?q=篮球,450,0,0
1777735326137,540,高级筛选搜索,200,,常规接口测试-50并发 1-41,text,true,,5782,232,47,52,http://localhost:8080/api/post/list/filter?category=运动健身&pageNum=1&pageSize=10,493,0,1
1777735325526,1153,获取帖子列表,200,,常规接口测试-50并发 1-13,text,true,,5517,179,47,52,http://localhost:8080/api/post/list?pageNum=1&pageSize=10,1106,0,0
1777735326295,390,用户登录,200,,常规接口测试-50并发 1-50,text,true,,319,218,47,52,http://localhost:8080/api/auth/login,342,0,0
1777735326170,532,高级筛选搜索,200,,常规接口测试-50并发 1-22,text,true,,5782,232,47,52,http://localhost:8080/api/post/list/filter?category=运动健身&pageNum=1&pageSize=10,486,0,1
1777735326328,400,用户注册,200,,常规接口测试-50并发 1-39,text,true,,724,253,47,52,http://localhost:8080/api/auth/register,353,0,0
1777735326355,384,用户登录,200,,常规接口测试-50并发 1-20,text,true,,319,218,47,52,http://localhost:8080/api/auth/login,335,0,0
1777735325666,1075,获取帖子列表,200,,常规接口测试-50并发 1-4,text,true,,5517,179,47,52,http://localhost:8080/api/post/list?pageNum=1&pageSize=10,1026,0,0
1777735326360,383,用户登录,200,,常规接口测试-50并发 1-11,text,true,,319,218,47,52,http://localhost:8080/api/auth/login,334,0,0
1777735325562,1182,获取帖子列表,200,,常规接口测试-50并发 1-33,text,true,,5517,179,47,52,http://localhost:8080/api/post/list?pageNum=1&pageSize=10,1134,0,0
1777735325621,1124,获取帖子列表,200,,常规接口测试-50并发 1-45,text,true,,5517,179,47,52,http://localhost:8080/api/post/list?pageNum=1&pageSize=10,1077,0,0
1777735326367,382,用户登录,200,,常规接口测试-50并发 1-37,text,true,,319,218,47,52,http://localhost:8080/api/auth/login,333,0,0
1777735326404,377,用户注册,200,,常规接口测试-50并发 1-29,text,true,,313,253,47,52,http://localhost:8080/api/auth/register,341,0,0
1777735325709,1074,获取帖子列表,200,,常规接口测试-50并发 1-24,text,true,,5517,179,47,52,http://localhost:8080/api/post/list?pageNum=1&pageSize=10,1038,0,0
1777735325680,1111,获取帖子列表,200,,常规接口测试-50并发 1-7,text,true,,5517,179,47,52,http://localhost:8080/api/post/list?pageNum=1&pageSize=10,1075,0,0
1777735326424,382,用户登录,200,,常规接口测试-50并发 1-15,text,true,,319,218,47,52,http://localhost:8080/api/auth/login,347,0,0
1777735326418,392,用户注册,200,,常规接口测试-50并发 1-40,text,true,,724,253,47,52,http://localhost:8080/api/auth/register,357,0,0
1777735326456,373,用户登录,200,,常规接口测试-50并发 1-38,text,true,,319,218,47,52,http://localhost:8080/api/auth/login,333,0,0
1777735326389,456,关键词搜索,400,,常规接口测试-50并发 1-17,text,false,,332,183,47,52,http://localhost:8080/api/search/keyword?q=篮球,416,0,0
1777735326410,467,关键词搜索,400,,常规接口测试-50并发 1-32,text,false,,332,183,47,52,http://localhost:8080/api/search/keyword?q=篮球,414,0,0
1777735326392,493,高级筛选搜索,200,,常规接口测试-50并发 1-12,text,true,,5782,232,47,52,http://localhost:8080/api/post/list/filter?category=运动健身&pageNum=1&pageSize=10,437,0,1
1777735325760,1135,获取帖子列表,200,,常规接口测试-50并发 1-46,text,true,,5517,179,47,52,http://localhost:8080/api/post/list?pageNum=1&pageSize=10,1072,0,0
1777735326515,380,用户注册,200,,常规接口测试-50并发 1-16,text,true,,724,253,47,52,http://localhost:8080/api/auth/register,319,0,0
1777735326528,370,用户登录,200,,常规接口测试-50并发 1-28,text,true,,319,218,47,52,http://localhost:8080/api/auth/login,308,0,0
1777735326408,496,高级筛选搜索,200,,常规接口测试-50并发 1-31,text,true,,5782,232,47,52,http://localhost:8080/api/post/list/filter?category=运动健身&pageNum=1&pageSize=10,437,0,1
1777735326551,374,用户注册,200,,常规接口测试-50并发 1-5,text,true,,724,253,47,52,http://localhost:8080/api/auth/register,323,0,0
1777735326497,440,高级筛选搜索,200,,常规接口测试-50并发 1-42,text,true,,5782,232,47,52,http://localhost:8080/api/post/list/filter?category=运动健身&pageNum=1&pageSize=10,401,0,1
1777735326586,369,用户注册,200,,常规接口测试-50并发 1-30,text,true,,724,253,47,52,http://localhost:8080/api/auth/register,328,0,0
1777735326624,356,用户登录,200,,常规接口测试-50并发 1-21,text,true,,319,218,47,52,http://localhost:8080/api/auth/login,318,0,0
1777735326558,431,关键词搜索,400,,常规接口测试-50并发 1-44,text,false,,332,183,47,52,http://localhost:8080/api/search/keyword?q=篮球,392,0,0
1777735326677,368,用户注册,200,,常规接口测试-50并发 1-41,text,true,,724,253,47,52,http://localhost:8080/api/auth/register,322,0,0
1777735326702,396,用户注册,200,,常规接口测试-50并发 1-22,text,true,,724,253,47,52,http://localhost:8080/api/auth/register,322,0,0
1777735326728,381,用户登录,200,,常规接口测试-50并发 1-39,text,true,,319,218,47,52,http://localhost:8080/api/auth/login,309,0,0
1777735325936,1176,获取帖子列表,200,,常规接口测试-50并发 1-18,text,true,,5517,179,47,52,http://localhost:8080/api/post/list?pageNum=1&pageSize=10,1102,0,0
1777735326644,479,高级筛选搜索,200,,常规接口测试-50并发 1-43,text,true,,5782,232,47,52,http://localhost:8080/api/post/list/filter?category=运动健身&pageNum=1&pageSize=10,416,0,1
1777735326679,458,关键词搜索,400,,常规接口测试-50并发 1-13,text,false,,332,183,47,52,http://localhost:8080/api/search/keyword?q=篮球,412,0,0
1777735326016,1124,获取帖子列表,200,,常规接口测试-50并发 1-25,text,true,,5517,179,47,52,http://localhost:8080/api/post/list?pageNum=1&pageSize=10,1078,0,0
1777735326633,516,高级筛选搜索,200,,常规接口测试-50并发 1-23,text,true,,5782,232,47,52,http://localhost:8080/api/post/list/filter?category=运动健身&pageNum=1&pageSize=10,473,0,1
1777735326745,424,关键词搜索,400,,常规接口测试-50并发 1-45,text,false,,332,183,47,52,http://localhost:8080/api/search/keyword?q=篮球,375,0,0
1777735326781,397,用户登录,200,,常规接口测试-50并发 1-29,text,true,,319,218,47,52,http://localhost:8080/api/auth/login,348,0,0
1777735326042,1136,获取帖子列表,200,,常规接口测试-50并发 1-34,text,true,,5517,179,47,52,http://localhost:8080/api/post/list?pageNum=1&pageSize=10,1089,0,0
1777735326019,1166,获取帖子列表,200,,常规接口测试-50并发 1-47,text,true,,5517,179,47,52,http://localhost:8080/api/post/list?pageNum=1&pageSize=10,1116,0,0
1777735326671,529,高级筛选搜索,200,,常规接口测试-50并发 1-9,text,true,,5782,232,47,52,http://localhost:8080/api/post/list/filter?category=运动健身&pageNum=1&pageSize=10,476,0,1
1777735326741,477,关键词搜索,400,,常规接口测试-50并发 1-4,text,false,,332,183,47,52,http://localhost:8080/api/search/keyword?q=篮球,421,0,0
1777735326744,476,关键词搜索,400,,常规接口测试-50并发 1-33,text,false,,332,183,47,52,http://localhost:8080/api/search/keyword?q=篮球,421,0,0
1777735326810,415,用户登录,200,,常规接口测试-50并发 1-40,text,true,,319,218,47,52,http://localhost:8080/api/auth/login,357,0,0
1777735326124,1174,获取帖子列表,200,,常规接口测试-50并发 1-19,text,true,,5517,179,47,52,http://localhost:8080/api/post/list?pageNum=1&pageSize=10,1106,0,0
1777735326085,1220,获取帖子列表,200,,常规接口测试-50并发 1-10,text,true,,5517,179,47,52,http://localhost:8080/api/post/list?pageNum=1&pageSize=10,1151,0,0
1777735326783,525,关键词搜索,400,,常规接口测试-50并发 1-24,text,false,,332,183,47,52,http://localhost:8080/api/search/keyword?q=篮球,457,0,0
1777735326791,517,关键词搜索,400,,常规接口测试-50并发 1-7,text,false,,332,183,47,52,http://localhost:8080/api/search/keyword?q=篮球,451,0,0
1777735326895,420,用户登录,200,,常规接口测试-50并发 1-16,text,true,,319,218,47,52,http://localhost:8080/api/auth/login,360,0,0
1777735326885,477,用户注册,200,,常规接口测试-50并发 1-12,text,true,,724,253,47,52,http://localhost:8080/api/auth/register,394,0,0
1777735326937,427,用户注册,200,,常规接口测试-50并发 1-42,text,true,,724,253,47,52,http://localhost:8080/api/auth/register,344,0,0
1777735326904,472,用户注册,200,,常规接口测试-50并发 1-31,text,true,,724,253,47,52,http://localhost:8080/api/auth/register,400,0,0
1777735326926,497,用户登录,200,,常规接口测试-50并发 1-5,text,true,,319,218,47,52,http://localhost:8080/api/auth/login,393,0,0
1777735326153,1278,获取帖子列表,200,,常规接口测试-50并发 1-26,text,true,,5517,179,47,52,http://localhost:8080/api/post/list?pageNum=1&pageSize=10,1206,0,0
1777735326955,485,用户登录,200,,常规接口测试-50并发 1-30,text,true,,319,218,47,52,http://localhost:8080/api/auth/login,415,0,0
1777735326895,560,关键词搜索,400,,常规接口测试-50并发 1-46,text,false,,332,183,47,52,http://localhost:8080/api/search/keyword?q=篮球,498,0,0
1777735326131,1324,获取帖子列表,200,,常规接口测试-50并发 1-48,text,true,,5517,179,47,52,http://localhost:8080/api/post/list?pageNum=1&pageSize=10,1262,0,0
1777735326845,615,高级筛选搜索,200,,常规接口测试-50并发 1-17,text,true,,5782,232,47,52,http://localhost:8080/api/post/list/filter?category=运动健身&pageNum=1&pageSize=10,574,0,1
1777735326187,1284,获取帖子列表,200,,常规接口测试-50并发 1-14,text,true,,5517,179,47,52,http://localhost:8080/api/post/list?pageNum=1&pageSize=10,1242,0,0
1777735326877,618,高级筛选搜索,200,,常规接口测试-50并发 1-32,text,true,,5782,232,47,52,http://localhost:8080/api/post/list/filter?category=运动健身&pageNum=1&pageSize=10,564,0,1
1777735326234,1294,获取帖子列表,200,,常规接口测试-50并发 1-35,text,true,,5517,179,47,52,http://localhost:8080/api/post/list?pageNum=1&pageSize=10,1231,0,0
1777735327045,497,用户登录,200,,常规接口测试-50并发 1-41,text,true,,319,218,47,52,http://localhost:8080/api/auth/login,456,0,0
1777735326989,583,高级筛选搜索,200,,常规接口测试-50并发 1-44,text,true,,5782,232,47,52,http://localhost:8080/api/post/list/filter?category=运动健身&pageNum=1&pageSize=10,541,0,1
1777735327099,475,用户登录,200,,常规接口测试-50并发 1-22,text,true,,319,218,47,52,http://localhost:8080/api/auth/login,431,0,0
1777735327200,397,用户注册,200,,常规接口测试-50并发 1-9,text,true,,724,253,47,52,http://localhost:8080/api/auth/register,349,0,0
1777735327123,481,用户注册,200,,常规接口测试-50并发 1-43,text,true,,724,253,47,52,http://localhost:8080/api/auth/register,438,0,0
1777735327149,488,用户注册,200,,常规接口测试-50并发 1-23,text,true,,724,253,47,52,http://localhost:8080/api/auth/register,445,0,0
1777735327112,558,关键词搜索,400,,常规接口测试-50并发 1-18,text,false,,332,183,47,52,http://localhost:8080/api/search/keyword?q=篮球,512,0,0
1777735327141,583,关键词搜索,400,,常规接口测试-50并发 1-25,text,false,,332,183,47,52,http://localhost:8080/api/search/keyword?q=篮球,513,0,0
1777735326427,1316,获取帖子列表,200,,常规接口测试-50并发 1-8,text,true,,5517,179,47,52,http://localhost:8080/api/post/list?pageNum=1&pageSize=10,1246,0,0
1777735327178,597,关键词搜索,400,,常规接口测试-50并发 1-34,text,false,,332,183,47,52,http://localhost:8080/api/search/keyword?q=篮球,532,0,0
1777735327185,599,关键词搜索,400,,常规接口测试-50并发 1-47,text,false,,332,183,47,52,http://localhost:8080/api/search/keyword?q=篮球,530,0,0
1777735327137,658,高级筛选搜索,200,,常规接口测试-50并发 1-13,text,true,,5782,232,47,52,http://localhost:8080/api/post/list/filter?category=运动健身&pageNum=1&pageSize=10,590,0,1
1777735327362,448,用户登录,200,,常规接口测试-50并发 1-12,text,true,,319,218,47,52,http://localhost:8080/api/auth/login,386,0,0
1777735327169,650,高级筛选搜索,200,,常规接口测试-50并发 1-45,text,true,,5782,232,47,52,http://localhost:8080/api/post/list/filter?category=运动健身&pageNum=1&pageSize=10,596,0,1
1777735327364,458,用户登录,200,,常规接口测试-50并发 1-42,text,true,,319,218,47,52,http://localhost:8080/api/auth/login,405,0,0
1777735327376,460,用户登录,200,,常规接口测试-50并发 1-31,text,true,,319,218,47,52,http://localhost:8080/api/auth/login,411,0,0
1777735326536,1305,获取帖子列表,200,,常规接口测试-50并发 1-49,text,true,,5517,179,47,52,http://localhost:8080/api/post/list?pageNum=1&pageSize=10,1257,0,0
1777735327460,395,用户注册,200,,常规接口测试-50并发 1-17,text,true,,724,253,47,52,http://localhost:8080/api/auth/register,347,0,0
1777735327219,644,高级筛选搜索,200,,常规接口测试-50并发 1-4,text,true,,5782,232,47,52,http://localhost:8080/api/post/list/filter?category=运动健身&pageNum=1&pageSize=10,593,0,0
1777735327299,566,关键词搜索,400,,常规接口测试-50并发 1-19,text,false,,332,183,46,51,http://localhost:8080/api/search/keyword?q=篮球,516,0,0
1777735327305,571,关键词搜索,400,,常规接口测试-50并发 1-10,text,false,,332,183,46,51,http://localhost:8080/api/search/keyword?q=篮球,513,0,0
1777735327221,699,高级筛选搜索,200,,常规接口测试-50并发 1-33,text,true,,5782,232,46,51,http://localhost:8080/api/post/list/filter?category=运动健身&pageNum=1&pageSize=10,627,0,1
1777735327431,503,关键词搜索,400,,常规接口测试-50并发 1-26,text,false,,332,183,46,51,http://localhost:8080/api/search/keyword?q=篮球,421,0,0
1777735326584,1366,获取帖子列表,200,,常规接口测试-50并发 1-36,text,true,,5517,179,46,51,http://localhost:8080/api/post/list?pageNum=1&pageSize=10,1278,0,0
1777735327495,461,用户注册,200,,常规接口测试-50并发 1-32,text,true,,724,253,46,51,http://localhost:8080/api/auth/register,377,0,0
1777735327308,660,高级筛选搜索,200,,常规接口测试-50并发 1-7,text,true,,5782,232,46,51,http://localhost:8080/api/post/list/filter?category=运动健身&pageNum=1&pageSize=10,574,0,0
1777735327308,669,高级筛选搜索,200,,常规接口测试-50并发 1-24,text,true,,5782,232,46,51,http://localhost:8080/api/post/list/filter?category=运动健身&pageNum=1&pageSize=10,596,0,0
1777735326628,1368,获取帖子列表,200,,常规接口测试-50并发 1-27,text,true,,5517,179,46,51,http://localhost:8080/api/post/list?pageNum=1&pageSize=10,1321,0,0
1777735327455,562,关键词搜索,400,,常规接口测试-50并发 1-48,text,false,,332,183,46,51,http://localhost:8080/api/search/keyword?q=篮球,514,0,0
1777735326658,1366,获取帖子列表,200,,常规接口测试-50并发 1-6,text,true,,5517,179,46,51,http://localhost:8080/api/post/list?pageNum=1&pageSize=10,1314,0,0
1777735327455,575,高级筛选搜索,200,,常规接口测试-50并发 1-46,text,true,,5782,232,46,51,http://localhost:8080/api/post/list/filter?category=运动健身&pageNum=1&pageSize=10,526,0,1
1777735327472,562,关键词搜索,400,,常规接口测试-50并发 1-14,text,false,,332,183,46,51,http://localhost:8080/api/search/keyword?q=篮球,515,0,0
1777735326685,1362,获取帖子列表,200,,常规接口测试-50并发 1-50,text,true,,5517,179,46,51,http://localhost:8080/api/post/list?pageNum=1&pageSize=10,1323,0,0
1777735327572,487,用户注册,200,,常规接口测试-50并发 1-44,text,true,,724,253,46,51,http://localhost:8080/api/auth/register,449,0,0
1777735327597,468,用户登录,200,,常规接口测试-50并发 1-9,text,true,,319,218,46,51,http://localhost:8080/api/auth/login,427,0,0
1777735327528,549,关键词搜索,400,,常规接口测试-50并发 1-35,text,false,,332,183,46,51,http://localhost:8080/api/search/keyword?q=篮球,503,0,0
1777735327604,477,用户登录,200,,常规接口测试-50并发 1-43,text,true,,319,218,46,51,http://localhost:8080/api/auth/login,429,0,0
1777735326744,1339,获取帖子列表,200,,常规接口测试-50并发 1-11,text,true,,5517,179,46,51,http://localhost:8080/api/post/list?pageNum=1&pageSize=10,1291,0,0
1777735326739,1355,获取帖子列表,200,,常规接口测试-50并发 1-20,text,true,,5517,179,46,51,http://localhost:8080/api/post/list?pageNum=1&pageSize=10,1300,0,0
1777735326807,1299,获取帖子列表,200,,常规接口测试-50并发 1-15,text,true,,5517,179,46,51,http://localhost:8080/api/post/list?pageNum=1&pageSize=10,1237,0,0
1777735327637,478,用户登录,200,,常规接口测试-50并发 1-23,text,true,,319,218,46,51,http://localhost:8080/api/auth/login,410,0,0
1777735326750,1369,获取帖子列表,200,,常规接口测试-50并发 1-37,text,true,,5517,179,46,51,http://localhost:8080/api/post/list?pageNum=1&pageSize=10,1299,0,0
1777735326829,1366,获取帖子列表,200,,常规接口测试-50并发 1-38,text,true,,5517,179,46,51,http://localhost:8080/api/post/list?pageNum=1&pageSize=10,1298,0,0
1777735326898,1323,获取帖子列表,200,,常规接口测试-50并发 1-28,text,true,,5517,179,46,51,http://localhost:8080/api/post/list?pageNum=1&pageSize=10,1284,0,0
1777735327670,607,高级筛选搜索,200,,常规接口测试-50并发 1-18,text,true,,5782,232,46,51,http://localhost:8080/api/post/list/filter?category=运动健身&pageNum=1&pageSize=10,542,0,1
1777735327796,488,用户注册,200,,常规接口测试-50并发 1-13,text,true,,724,253,46,51,http://localhost:8080/api/auth/register,423,0,0
1777735327820,484,用户注册,200,,常规接口测试-50并发 1-45,text,true,,724,253,46,51,http://localhost:8080/api/auth/register,427,0,0
1777735327724,589,高级筛选搜索,200,,常规接口测试-50并发 1-25,text,true,,5782,232,46,51,http://localhost:8080/api/post/list/filter?category=运动健身&pageNum=1&pageSize=10,536,0,1
1777735327743,576,关键词搜索,400,,常规接口测试-50并发 1-8,text,false,,332,183,46,51,http://localhost:8080/api/search/keyword?q=篮球,523,0,0
1777735327855,475,用户登录,200,,常规接口测试-50并发 1-17,text,true,,319,218,46,51,http://localhost:8080/api/auth/login,420,0,0
1777735326981,1353,获取帖子列表,200,,常规接口测试-50并发 1-21,text,true,,5517,179,46,51,http://localhost:8080/api/post/list?pageNum=1&pageSize=10,1298,0,0
1777735327775,575,高级筛选搜索,200,,常规接口测试-50并发 1-34,text,true,,5782,232,46,51,http://localhost:8080/api/post/list/filter?category=运动健身&pageNum=1&pageSize=10,520,0,1
1777735327784,577,高级筛选搜索,200,,常规接口测试-50并发 1-47,text,true,,5782,232,46,51,http://localhost:8080/api/post/list/filter?category=运动健身&pageNum=1&pageSize=10,534,0,1
1777735327921,464,用户注册,200,,常规接口测试-50并发 1-33,text,true,,722,253,46,51,http://localhost:8080/api/auth/register,427,0,0
1777735327957,429,用户登录,200,,常规接口测试-50并发 1-32,text,true,,319,218,46,51,http://localhost:8080/api/auth/login,391,0,0
1777735327841,551,关键词搜索,400,,常规接口测试-50并发 1-49,text,false,,332,183,46,51,http://localhost:8080/api/search/keyword?q=篮球,512,0,0
1777735327969,446,用户注册,200,,常规接口测试-50并发 1-7,text,true,,724,253,46,51,http://localhost:8080/api/auth/register,401,0,0
1777735327977,445,用户注册,200,,常规接口测试-50并发 1-24,text,true,,722,253,46,51,http://localhost:8080/api/auth/register,399,0,0
1777735327866,567,高级筛选搜索,200,,常规接口测试-50并发 1-19,text,true,,5782,232,46,51,http://localhost:8080/api/post/list/filter?category=运动健身&pageNum=1&pageSize=10,533,0,0
1777735327877,557,高级筛选搜索,200,,常规接口测试-50并发 1-10,text,true,,5782,232,46,51,http://localhost:8080/api/post/list/filter?category=运动健身&pageNum=1&pageSize=10,526,0,1
1777735328030,409,用户注册,200,,常规接口测试-50并发 1-46,text,true,,724,253,46,51,http://localhost:8080/api/auth/register,382,0,0
1777735327951,489,关键词搜索,400,,常规接口测试-50并发 1-36,text,false,,332,183,46,51,http://localhost:8080/api/search/keyword?q=篮球,460,0,0
1777735327934,510,高级筛选搜索,200,,常规接口测试-50并发 1-26,text,true,,5782,232,46,51,http://localhost:8080/api/post/list/filter?category=运动健身&pageNum=1&pageSize=10,490,0,1
1777735327109,1337,获取帖子列表,200,,常规接口测试-50并发 1-39,text,true,,5517,179,46,51,http://localhost:8080/api/post/list?pageNum=1&pageSize=10,1318,0,0
1777735328060,395,用户登录,200,,常规接口测试-50并发 1-44,text,true,,319,218,46,51,http://localhost:8080/api/auth/login,372,0,0
1777735327178,1279,获取帖子列表,200,,常规接口测试-50并发 1-29,text,true,,5517,179,46,51,http://localhost:8080/api/post/list?pageNum=1&pageSize=10,1255,0,0
1777735327996,471,关键词搜索,400,,常规接口测试-50并发 1-27,text,false,,332,183,46,51,http://localhost:8080/api/search/keyword?q=篮球,443,0,0
1777735328018,457,高级筛选搜索,200,,常规接口测试-50并发 1-48,text,true,,5782,232,46,51,http://localhost:8080/api/post/list/filter?category=运动健身&pageNum=1&pageSize=10,425,0,0
1777735328024,467,关键词搜索,400,,常规接口测试-50并发 1-6,text,false,,332,183,46,51,http://localhost:8080/api/search/keyword?q=篮球,429,0,0
1777735327225,1270,获取帖子列表,200,,常规接口测试-50并发 1-40,text,true,,5517,179,46,51,http://localhost:8080/api/post/list?pageNum=1&pageSize=10,1231,0,0
1777735328034,472,高级筛选搜索,200,,常规接口测试-50并发 1-14,text,true,,5782,232,46,51,http://localhost:8080/api/post/list/filter?category=运动健身&pageNum=1&pageSize=10,430,0,1
1777735327316,1198,获取帖子列表,200,,常规接口测试-50并发 1-16,text,true,,5517,179,46,51,http://localhost:8080/api/post/list?pageNum=1&pageSize=10,1153,0,0
1777735328048,473,关键词搜索,400,,常规接口测试-50并发 1-50,text,false,,332,183,46,51,http://localhost:8080/api/search/keyword?q=篮球,434,0,0
1777735328084,447,关键词搜索,400,,常规接口测试-50并发 1-11,text,false,,332,183,46,51,http://localhost:8080/api/search/keyword?q=篮球,418,0,0
1777735327423,1110,获取帖子列表,200,,常规接口测试-50并发 1-5,text,true,,5517,179,46,51,http://localhost:8080/api/post/list?pageNum=1&pageSize=10,1081,0,0
1777735328078,457,高级筛选搜索,200,,常规接口测试-50并发 1-35,text,true,,5782,232,46,51,http://localhost:8080/api/post/list/filter?category=运动健身&pageNum=1&pageSize=10,430,0,1
1777735328094,442,关键词搜索,400,,常规接口测试-50并发 1-20,text,false,,332,183,46,51,http://localhost:8080/api/search/keyword?q=篮球,416,0,0
1777735327441,1101,获取帖子列表,200,,常规接口测试-50并发 1-30,text,true,,5517,179,46,51,http://localhost:8080/api/post/list?pageNum=1&pageSize=10,1075,0,0
1777735328107,441,关键词搜索,400,,常规接口测试-50并发 1-15,text,false,,332,183,46,51,http://localhost:8080/api/search/keyword?q=篮球,411,0,0
1777735328119,434,关键词搜索,400,,常规接口测试-50并发 1-37,text,false,,332,183,46,51,http://localhost:8080/api/search/keyword?q=篮球,405,0,0
1777735327575,1009,获取帖子列表,200,,常规接口测试-50并发 1-22,text,true,,5517,179,46,51,http://localhost:8080/api/post/list?pageNum=1&pageSize=10,973,0,0
1777735328285,304,用户登录,200,,常规接口测试-50并发 1-13,text,true,,319,218,46,51,http://localhost:8080/api/auth/login,266,0,0
1777735327543,1048,获取帖子列表,200,,常规接口测试-50并发 1-41,text,true,,5517,179,46,51,http://localhost:8080/api/post/list?pageNum=1&pageSize=10,1009,0,0
1777735328277,316,用户注册,200,,常规接口测试-50并发 1-18,text,true,,724,253,46,51,http://localhost:8080/api/auth/register,276,0,0
1777735328304,296,用户登录,200,,常规接口测试-50并发 1-45,text,true,,319,218,46,51,http://localhost:8080/api/auth/login,255,0,0
1777735328196,405,关键词搜索,400,,常规接口测试-50并发 1-38,text,false,,332,183,46,51,http://localhost:8080/api/search/keyword?q=篮球,366,0,0
1777735328314,292,用户注册,200,,常规接口测试-50并发 1-25,text,true,,724,253,46,51,http://localhost:8080/api/auth/register,260,0,0
1777735328221,394,关键词搜索,400,,常规接口测试-50并发 1-28,text,false,,332,183,46,51,http://localhost:8080/api/search/keyword?q=篮球,365,0,0
1777735328350,283,用户注册,200,,常规接口测试-50并发 1-34,text,true,,724,253,46,51,http://localhost:8080/api/auth/register,252,0,0
1777735328361,284,用户注册,200,,常规接口测试-50并发 1-47,text,true,,724,253,46,51,http://localhost:8080/api/auth/register,252,0,0
1777735328385,273,用户登录,200,,常规接口测试-50并发 1-33,text,true,,319,218,46,51,http://localhost:8080/api/auth/login,246,0,0
1777735328334,335,关键词搜索,400,,常规接口测试-50并发 1-21,text,false,,332,183,46,51,http://localhost:8080/api/search/keyword?q=篮球,306,0,0
1777735328415,256,用户登录,200,,常规接口测试-50并发 1-7,text,true,,319,218,46,51,http://localhost:8080/api/auth/login,226,0,0
1777735328319,355,高级筛选搜索,200,,常规接口测试-50并发 1-8,text,true,,5782,232,46,51,http://localhost:8080/api/post/list/filter?category=运动健身&pageNum=1&pageSize=10,326,0,1
1777735328422,263,用户登录,200,,常规接口测试-50并发 1-24,text,true,,319,218,46,51,http://localhost:8080/api/auth/login,234,0,0
1777735328433,269,用户注册,200,,常规接口测试-50并发 1-19,text,true,,724,253,46,51,http://localhost:8080/api/auth/register,239,0,0
1777735328440,265,用户登录,200,,常规接口测试-50并发 1-46,text,true,,319,218,46,51,http://localhost:8080/api/auth/login,233,0,0
1777735328435,287,用户注册,200,,常规接口测试-50并发 1-10,text,true,,724,253,46,51,http://localhost:8080/api/auth/register,246,0,0
1777735328444,291,用户注册,200,,常规接口测试-50并发 1-26,text,true,,724,253,46,51,http://localhost:8080/api/auth/register,245,0,0
1777735328392,370,高级筛选搜索,200,,常规接口测试-50并发 1-49,text,true,,5782,232,46,51,http://localhost:8080/api/post/list/filter?category=运动健身&pageNum=1&pageSize=10,323,0,1
1777735328446,320,关键词搜索,400,,常规接口测试-50并发 1-39,text,false,,332,183,46,51,http://localhost:8080/api/search/keyword?q=篮球,272,0,0
1777735328475,295,用户注册,200,,常规接口测试-50并发 1-48,text,true,,722,253,46,51,http://localhost:8080/api/auth/register,253,0,0
1777735327837,936,获取帖子列表,200,,常规接口测试-50并发 1-31,text,true,,5517,179,46,51,http://localhost:8080/api/post/list?pageNum=1&pageSize=10,895,0,0
1777735327823,962,获取帖子列表,200,,常规接口测试-50并发 1-42,text,true,,5517,179,46,51,http://localhost:8080/api/post/list?pageNum=1&pageSize=10,918,0,0
1777735327810,993,获取帖子列表,200,,常规接口测试-50并发 1-12,text,true,,5517,179,46,51,http://localhost:8080/api/post/list?pageNum=1&pageSize=10,939,0,0
1777735328506,335,用户注册,200,,常规接口测试-50并发 1-14,text,true,,724,253,46,51,http://localhost:8080/api/auth/register,256,0,0
1777735328457,396,关键词搜索,400,,常规接口测试-50并发 1-29,text,false,,332,183,46,51,http://localhost:8080/api/search/keyword?q=篮球,326,0,0
1777735328440,419,高级筛选搜索,200,,常规接口测试-50并发 1-36,text,true,,5782,232,46,51,http://localhost:8080/api/post/list/filter?category=运动健身&pageNum=1&pageSize=10,354,0,0
1777735328535,342,用户注册,200,,常规接口测试-50并发 1-35,text,true,,724,253,46,51,http://localhost:8080/api/auth/register,308,0,0
1777735328496,398,关键词搜索,400,,常规接口测试-50并发 1-40,text,false,,332,183,46,51,http://localhost:8080/api/search/keyword?q=篮球,354,0,0
1777735328533,371,关键词搜索,400,,常规接口测试-50并发 1-5,text,false,,332,183,46,51,http://localhost:8080/api/search/keyword?q=篮球,330,0,0
1777735328467,438,高级筛选搜索,200,,常规接口测试-50并发 1-27,text,true,,5782,232,46,51,http://localhost:8080/api/post/list/filter?category=运动健身&pageNum=1&pageSize=10,398,0,1
1777735328515,391,关键词搜索,400,,常规接口测试-50并发 1-16,text,false,,332,183,46,51,http://localhost:8080/api/search/keyword?q=篮球,350,0,0
1777735328542,372,关键词搜索,400,,常规接口测试-50并发 1-30,text,false,,332,183,46,51,http://localhost:8080/api/search/keyword?q=篮球,328,0,0
1777735328536,385,高级筛选搜索,200,,常规接口测试-50并发 1-20,text,true,,5782,232,46,51,http://localhost:8080/api/post/list/filter?category=运动健身&pageNum=1&pageSize=10,338,0,0
1777735328491,435,高级筛选搜索,200,,常规接口测试-50并发 1-6,text,true,,5782,232,46,51,http://localhost:8080/api/post/list/filter?category=运动健身&pageNum=1&pageSize=10,386,0,1
1777735328593,351,用户登录,200,,常规接口测试-50并发 1-18,text,true,,319,218,46,51,http://localhost:8080/api/auth/login,303,0,0
1777735328553,401,高级筛选搜索,200,,常规接口测试-50并发 1-37,text,true,,5782,232,46,51,http://localhost:8080/api/post/list/filter?category=运动健身&pageNum=1&pageSize=10,349,0,1
1777735328521,439,高级筛选搜索,200,,常规接口测试-50并发 1-50,text,true,,5782,232,46,51,http://localhost:8080/api/post/list/filter?category=运动健身&pageNum=1&pageSize=10,389,0,1
1777735328606,357,用户登录,200,,常规接口测试-50并发 1-25,text,true,,319,218,46,51,http://localhost:8080/api/auth/login,310,0,0
1777735328584,381,关键词搜索,400,,常规接口测试-50并发 1-22,text,false,,332,183,46,51,http://localhost:8080/api/search/keyword?q=篮球,336,0,0
1777735328532,449,高级筛选搜索,200,,常规接口测试-50并发 1-11,text,true,,5782,232,46,51,http://localhost:8080/api/post/list/filter?category=运动健身&pageNum=1&pageSize=10,408,0,0
1777735328081,904,获取帖子列表,200,,常规接口测试-50并发 1-43,text,true,,5517,179,46,51,http://localhost:8080/api/post/list?pageNum=1&pageSize=10,865,0,0
1777735328548,439,高级筛选搜索,200,,常规接口测试-50并发 1-15,text,true,,5782,232,46,51,http://localhost:8080/api/post/list/filter?category=运动健身&pageNum=1&pageSize=10,400,0,1
1777735328633,367,用户登录,200,,常规接口测试-50并发 1-34,text,true,,319,218,46,51,http://localhost:8080/api/auth/login,326,0,0
1777735328592,431,关键词搜索,400,,常规接口测试-50并发 1-41,text,false,,332,183,46,51,http://localhost:8080/api/search/keyword?q=篮球,383,0,0
1777735328645,379,用户登录,200,,常规接口测试-50并发 1-47,text,true,,319,218,46,51,http://localhost:8080/api/auth/login,332,0,0
1777735328065,997,获取帖子列表,200,,常规接口测试-50并发 1-9,text,true,,5517,179,46,51,http://localhost:8080/api/post/list?pageNum=1&pageSize=10,941,0,0
1777735328601,469,高级筛选搜索,200,,常规接口测试-50并发 1-38,text,true,,5782,232,46,51,http://localhost:8080/api/post/list/filter?category=运动健身&pageNum=1&pageSize=10,409,0,1
1777735328674,404,用户注册,200,,常规接口测试-50并发 1-8,text,true,,724,253,46,51,http://localhost:8080/api/auth/register,352,0,0
1777735328616,481,高级筛选搜索,200,,常规接口测试-50并发 1-28,text,true,,5782,232,46,51,http://localhost:8080/api/post/list/filter?category=运动健身&pageNum=1&pageSize=10,429,0,0
1777735328735,367,用户登录,200,,常规接口测试-50并发 1-26,text,true,,319,218,46,51,http://localhost:8080/api/auth/login,315,0,0
1777735328116,988,获取帖子列表,200,,常规接口测试-50并发 1-23,text,true,,5517,179,46,51,http://localhost:8080/api/post/list?pageNum=1&pageSize=10,936,0,0
1777735328703,427,用户登录,200,,常规接口测试-50并发 1-19,text,true,,319,218,46,51,http://localhost:8080/api/auth/login,369,0,0
1777735328722,421,用户登录,200,,常规接口测试-50并发 1-10,text,true,,319,218,46,51,http://localhost:8080/api/auth/login,358,0,0
1777735328669,501,高级筛选搜索,200,,常规接口测试-50并发 1-21,text,true,,5782,232,46,51,http://localhost:8080/api/post/list/filter?category=运动健身&pageNum=1&pageSize=10,454,0,1
1777735328841,342,用户登录,200,,常规接口测试-50并发 1-14,text,true,,319,218,46,51,http://localhost:8080/api/auth/login,301,0,0
1777735328770,421,用户登录,200,,常规接口测试-50并发 1-48,text,true,,319,218,46,51,http://localhost:8080/api/auth/login,383,0,0
1777735328763,437,用户注册,200,,常规接口测试-50并发 1-49,text,true,,722,253,46,51,http://localhost:8080/api/auth/register,397,0,0
1777735328860,381,用户注册,200,,常规接口测试-50并发 1-36,text,true,,724,253,46,51,http://localhost:8080/api/auth/register,343,0,0
1777735328331,921,获取帖子列表,200,,常规接口测试-50并发 1-17,text,true,,5517,179,46,51,http://localhost:8080/api/post/list?pageNum=1&pageSize=10,890,0,0
1777735328766,492,高级筛选搜索,200,,常规接口测试-50并发 1-39,text,true,,5782,232,46,51,http://localhost:8080/api/post/list/filter?category=运动健身&pageNum=1&pageSize=10,460,0,1
1777735328773,487,关键词搜索,400,,常规接口测试-50并发 1-31,text,false,,332,183,46,51,http://localhost:8080/api/search/keyword?q=篮球,454,0,0
1777735328877,383,用户登录,200,,常规接口测试-50并发 1-35,text,true,,319,218,46,51,http://localhost:8080/api/auth/login,352,0,0
1777735328921,345,用户注册,200,,常规接口测试-50并发 1-20,text,true,,721,252,46,51,http://localhost:8080/api/auth/register,311,0,0
1777735328785,481,关键词搜索,400,,常规接口测试-50并发 1-42,text,false,,332,183,46,51,http://localhost:8080/api/search/keyword?q=篮球,448,0,0
1777735328927,341,用户注册,200,,常规接口测试-50并发 1-6,text,true,,724,253,46,51,http://localhost:8080/api/auth/register,307,0,0
1777735328803,473,关键词搜索,400,,常规接口测试-50并发 1-12,text,false,,332,183,46,51,http://localhost:8080/api/search/keyword?q=篮球,441,0,0
1777735328906,374,用户注册,200,,常规接口测试-50并发 1-27,text,true,,724,253,46,51,http://localhost:8080/api/auth/register,340,0,0
1777735328853,430,高级筛选搜索,200,,常规接口测试-50并发 1-29,text,true,,5782,232,46,51,http://localhost:8080/api/post/list/filter?category=运动健身&pageNum=1&pageSize=10,397,0,1
1777735328386,925,获取帖子列表,200,,常规接口测试-50并发 1-32,text,true,,5517,179,46,51,http://localhost:8080/api/post/list?pageNum=1&pageSize=10,890,0,0
1777735328954,369,用户注册,200,,常规接口测试-50并发 1-37,text,true,,724,253,46,51,http://localhost:8080/api/auth/register,330,0,0
1777735328961,390,用户注册,200,,常规接口测试-50并发 1-50,text,true,,724,253,46,51,http://localhost:8080/api/auth/register,336,0,0
1777735328894,472,高级筛选搜索,200,,常规接口测试-50并发 1-40,text,true,,5782,232,46,51,http://localhost:8080/api/post/list/filter?category=运动健身&pageNum=1&pageSize=10,413,0,1
1777735328981,405,用户注册,200,,常规接口测试-50并发 1-11,text,true,,724,253,46,51,http://localhost:8080/api/auth/register,340,0,0
1777735328987,410,用户注册,200,,常规接口测试-50并发 1-15,text,true,,724,253,46,51,http://localhost:8080/api/auth/register,347,0,0
1777735328904,495,高级筛选搜索,200,,常规接口测试-50并发 1-5,text,true,,5782,232,46,51,http://localhost:8080/api/post/list/filter?category=运动健身&pageNum=1&pageSize=10,434,0,1
1777735328906,512,高级筛选搜索,200,,常规接口测试-50并发 1-16,text,true,,5782,232,45,50,http://localhost:8080/api/post/list/filter?category=运动健身&pageNum=1&pageSize=10,468,0,0
1777735328915,508,高级筛选搜索,200,,常规接口测试-50并发 1-30,text,true,,5782,232,45,50,http://localhost:8080/api/post/list/filter?category=运动健身&pageNum=1&pageSize=10,468,0,0
1777735329078,357,用户登录,200,,常规接口测试-50并发 1-8,text,true,,319,218,45,50,http://localhost:8080/api/auth/login,325,0,0
1777735328455,983,获取帖子列表,200,,常规接口测试-50并发 1-44,text,true,,5517,179,45,50,http://localhost:8080/api/post/list?pageNum=1&pageSize=10,950,0,0
1777735328986,457,关键词搜索,400,,常规接口测试-50并发 1-43,text,false,,332,183,45,50,http://localhost:8080/api/search/keyword?q=篮球,423,0,0
1777735329071,377,用户注册,200,,常规接口测试-50并发 1-38,text,true,,724,253,45,50,http://localhost:8080/api/auth/register,342,0,0
1777735329097,373,用户注册,200,,常规接口测试-50并发 1-28,text,true,,723,252,45,50,http://localhost:8080/api/auth/register,332,0,0
1777735328966,513,高级筛选搜索,200,,常规接口测试-50并发 1-22,text,true,,5782,232,45,50,http://localhost:8080/api/post/list/filter?category=运动健身&pageNum=1&pageSize=10,474,0,0
1777735329063,434,关键词搜索,400,,常规接口测试-50并发 1-9,text,false,,332,183,45,50,http://localhost:8080/api/search/keyword?q=篮球,397,0,0
1777735329170,339,用户注册,200,,常规接口测试-50并发 1-21,text,true,,719,252,45,50,http://localhost:8080/api/auth/register,303,0,0
1777735329023,492,高级筛选搜索,200,,常规接口测试-50并发 1-41,text,true,,5782,232,45,50,http://localhost:8080/api/post/list/filter?category=运动健身&pageNum=1&pageSize=10,458,0,1
1777735329104,417,关键词搜索,400,,常规接口测试-50并发 1-23,text,false,,332,183,45,50,http://localhost:8080/api/search/keyword?q=篮球,383,0,0
1777735329200,323,用户登录,200,,常规接口测试-50并发 1-49,text,true,,319,218,45,50,http://localhost:8080/api/auth/login,290,0,0
1777735328589,956,获取帖子列表,200,,常规接口测试-50并发 1-13,text,true,,5517,179,45,50,http://localhost:8080/api/post/list?pageNum=1&pageSize=10,923,0,0
1777735328600,961,获取帖子列表,200,,常规接口测试-50并发 1-45,text,true,,5517,179,45,50,http://localhost:8080/api/post/list?pageNum=1&pageSize=10,930,0,0
1777735329241,324,用户登录,200,,常规接口测试-50并发 1-36,text,true,,319,218,45,50,http://localhost:8080/api/auth/login,291,0,0
1777735329258,340,用户注册,200,,常规接口测试-50并发 1-39,text,true,,724,253,45,50,http://localhost:8080/api/auth/register,295,0,0
1777735329266,339,用户登录,200,,常规接口测试-50并发 1-20,text,true,,319,218,45,50,http://localhost:8080/api/auth/login,291,0,0
1777735329269,342,用户登录,200,,常规接口测试-50并发 1-6,text,true,,319,218,45,50,http://localhost:8080/api/auth/login,292,0,0
1777735329280,350,用户登录,200,,常规接口测试-50并发 1-27,text,true,,319,218,45,50,http://localhost:8080/api/auth/login,293,0,0
1777735329284,375,用户注册,200,,常规接口测试-50并发 1-29,text,true,,723,252,45,50,http://localhost:8080/api/auth/register,326,0,0
1777735329252,416,关键词搜索,400,,常规接口测试-50并发 1-17,text,false,,332,183,45,50,http://localhost:8080/api/search/keyword?q=篮球,366,0,0
1777735328659,1014,获取帖子列表,200,,常规接口测试-50并发 1-33,text,true,,5517,179,45,50,http://localhost:8080/api/post/list?pageNum=1&pageSize=10,970,0,0
1777735329323,372,用户登录,200,,常规接口测试-50并发 1-37,text,true,,319,218,45,50,http://localhost:8080/api/auth/login,311,0,0
1777735329351,365,用户登录,200,,常规接口测试-50并发 1-50,text,true,,319,218,45,50,http://localhost:8080/api/auth/login,304,0,0
1777735329367,368,用户注册,200,,常规接口测试-50并发 1-40,text,true,,724,253,45,50,http://localhost:8080/api/auth/register,305,0,0
1777735329386,354,用户登录,200,,常规接口测试-50并发 1-11,text,true,,319,218,45,50,http://localhost:8080/api/auth/login,306,0,0
1777735328706,1048,获取帖子列表,200,,常规接口测试-50并发 1-46,text,true,,5517,179,45,50,http://localhost:8080/api/post/list?pageNum=1&pageSize=10,1000,0,0
1777735329397,359,用户登录,200,,常规接口测试-50并发 1-15,text,true,,319,218,45,50,http://localhost:8080/api/auth/login,311,0,0
1777735328671,1087,获取帖子列表,200,,常规接口测试-50并发 1-7,text,true,,5517,179,45,50,http://localhost:8080/api/post/list?pageNum=1&pageSize=10,1040,0,0
1777735329311,454,关键词搜索,400,,常规接口测试-50并发 1-32,text,false,,332,183,45,50,http://localhost:8080/api/search/keyword?q=篮球,410,0,0
1777735329260,514,高级筛选搜索,200,,常规接口测试-50并发 1-31,text,true,,5782,232,45,50,http://localhost:8080/api/post/list/filter?category=运动健身&pageNum=1&pageSize=10,473,0,1
1777735329418,363,用户注册,200,,常规接口测试-50并发 1-16,text,true,,721,252,45,50,http://localhost:8080/api/auth/register,322,0,0
1777735329266,519,高级筛选搜索,200,,常规接口测试-50并发 1-42,text,true,,5782,232,45,50,http://localhost:8080/api/post/list/filter?category=运动健身&pageNum=1&pageSize=10,479,0,1
1777735328685,1102,获取帖子列表,200,,常规接口测试-50并发 1-24,text,true,,5517,179,45,50,http://localhost:8080/api/post/list?pageNum=1&pageSize=10,1060,0,0
1777735329423,365,用户注册,200,,常规接口测试-50并发 1-30,text,true,,724,253,45,50,http://localhost:8080/api/auth/register,325,0,0
1777735329276,514,高级筛选搜索,200,,常规接口测试-50并发 1-12,text,true,,5782,232,45,50,http://localhost:8080/api/post/list/filter?category=运动健身&pageNum=1&pageSize=10,478,0,1
1777735329448,350,用户登录,200,,常规接口测试-50并发 1-38,text,true,,319,218,45,50,http://localhost:8080/api/auth/login,314,0,0
1777735329470,345,用户登录,200,,常规接口测试-50并发 1-28,text,true,,319,218,45,50,http://localhost:8080/api/auth/login,309,0,0
1777735329479,364,用户注册,200,,常规接口测试-50并发 1-22,text,true,,724,253,45,50,http://localhost:8080/api/auth/register,325,0,0
1777735329509,349,用户登录,200,,常规接口测试-50并发 1-21,text,true,,319,218,45,50,http://localhost:8080/api/auth/login,312,0,0
1777735329439,430,关键词搜索,400,,常规接口测试-50并发 1-44,text,false,,332,183,45,50,http://localhost:8080/api/search/keyword?q=篮球,392,0,0
1777735329444,428,高级筛选搜索,200,,常规接口测试-50并发 1-43,text,true,,5782,232,45,50,http://localhost:8080/api/post/list/filter?category=运动健身&pageNum=1&pageSize=10,390,0,0
1777735329516,369,用户注册,200,,常规接口测试-50并发 1-41,text,true,,724,253,45,50,http://localhost:8080/api/auth/register,332,0,0
1777735329546,403,关键词搜索,400,,常规接口测试-50并发 1-13,text,false,,332,183,45,50,http://localhost:8080/api/search/keyword?q=篮球,358,0,0
1777735329599,364,用户登录,200,,常规接口测试-50并发 1-39,text,true,,319,218,45,50,http://localhost:8080/api/auth/login,315,0,0
1777735329562,403,关键词搜索,400,,常规接口测试-50并发 1-45,text,false,,332,183,45,50,http://localhost:8080/api/search/keyword?q=篮球,354,0,0
1777735329497,484,高级筛选搜索,200,,常规接口测试-50并发 1-9,text,true,,5782,232,45,50,http://localhost:8080/api/post/list/filter?category=运动健身&pageNum=1&pageSize=10,436,0,1
1777735329659,352,用户登录,200,,常规接口测试-50并发 1-29,text,true,,319,218,45,50,http://localhost:8080/api/auth/login,311,0,0
1777735329521,496,高级筛选搜索,200,,常规接口测试-50并发 1-23,text,true,,5782,232,45,50,http://localhost:8080/api/post/list/filter?category=运动健身&pageNum=1&pageSize=10,456,0,1
1777735329735,329,用户登录,200,,常规接口测试-50并发 1-40,text,true,,319,218,45,50,http://localhost:8080/api/auth/login,289,0,0
1777735328945,1125,获取帖子列表,200,,常规接口测试-50并发 1-18,text,true,,5517,179,45,50,http://localhost:8080/api/post/list?pageNum=1&pageSize=10,1084,0,0
1777735329000,1104,获取帖子列表,200,,常规接口测试-50并发 1-34,text,true,,5517,179,45,50,http://localhost:8080/api/post/list?pageNum=1&pageSize=10,1101,0,0
1777735329674,431,关键词搜索,400,,常规接口测试-50并发 1-33,text,false,,332,183,45,50,http://localhost:8080/api/search/keyword?q=篮球,382,0,0
1777735329781,343,用户登录,200,,常规接口测试-50并发 1-16,text,true,,319,218,45,50,http://localhost:8080/api/auth/login,287,0,0
1777735329774,354,用户注册,200,,常规接口测试-50并发 1-31,text,true,,724,253,45,50,http://localhost:8080/api/auth/register,297,0,0
1777735329788,354,用户登录,200,,常规接口测试-50并发 1-30,text,true,,319,218,45,50,http://localhost:8080/api/auth/login,300,0,0
1777735329785,361,用户注册,200,,常规接口测试-50并发 1-42,text,true,,724,253,45,50,http://localhost:8080/api/auth/register,311,0,0
1777735329790,368,用户注册,200,,常规接口测试-50并发 1-12,text,true,,724,253,45,50,http://localhost:8080/api/auth/register,318,0,0
1777735329755,423,关键词搜索,400,,常规接口测试-50并发 1-46,text,false,,332,183,45,50,http://localhost:8080/api/search/keyword?q=篮球,380,0,0
1777735328964,1217,获取帖子列表,200,,常规接口测试-50并发 1-25,text,true,,5517,179,45,50,http://localhost:8080/api/post/list?pageNum=1&pageSize=10,1174,0,0
1777735329759,423,关键词搜索,400,,常规接口测试-50并发 1-7,text,false,,332,183,45,50,http://localhost:8080/api/search/keyword?q=篮球,381,0,0
1777735329024,1160,获取帖子列表,200,,常规接口测试-50并发 1-47,text,true,,5517,179,45,50,http://localhost:8080/api/post/list?pageNum=1&pageSize=10,1119,0,0
1777735329843,352,用户登录,200,,常规接口测试-50并发 1-22,text,true,,319,218,45,50,http://localhost:8080/api/auth/login,317,0,0
1777735329787,411,关键词搜索,400,,常规接口测试-50并发 1-24,text,false,,332,183,45,50,http://localhost:8080/api/search/keyword?q=篮球,376,0,0
1777735329103,1101,获取帖子列表,200,,常规接口测试-50并发 1-26,text,true,,5517,179,45,50,http://localhost:8080/api/post/list?pageNum=1&pageSize=10,1070,0,0
1777735329668,540,高级筛选搜索,200,,常规接口测试-50并发 1-17,text,true,,5782,232,45,50,http://localhost:8080/api/post/list/filter?category=运动健身&pageNum=1&pageSize=10,507,0,1
1777735329766,460,高级筛选搜索,200,,常规接口测试-50并发 1-32,text,true,,5782,232,45,50,http://localhost:8080/api/post/list/filter?category=运动健身&pageNum=1&pageSize=10,421,0,0
1777735329872,363,用户注册,200,,常规接口测试-50并发 1-43,text,true,,724,253,45,50,http://localhost:8080/api/auth/register,327,0,0
1777735329885,352,用户登录,200,,常规接口测试-50并发 1-41,text,true,,319,218,45,50,http://localhost:8080/api/auth/login,314,0,0
1777735329144,1102,获取帖子列表,200,,常规接口测试-50并发 1-10,text,true,,5517,179,45,50,http://localhost:8080/api/post/list?pageNum=1&pageSize=10,1063,0,0
1777735329131,1160,获取帖子列表,200,,常规接口测试-50并发 1-19,text,true,,5517,179,45,50,http://localhost:8080/api/post/list?pageNum=1&pageSize=10,1118,0,0
1777735329191,1119,获取帖子列表,200,,常规接口测试-50并发 1-48,text,true,,5517,179,45,50,http://localhost:8080/api/post/list?pageNum=1&pageSize=10,1078,0,0
1777735329981,358,用户注册,200,,常规接口测试-50并发 1-9,text,true,,724,253,45,50,http://localhost:8080/api/auth/register,322,0,0
1777735329869,477,高级筛选搜索,200,,常规接口测试-50并发 1-44,text,true,,5782,232,45,50,http://localhost:8080/api/post/list/filter?category=运动健身&pageNum=1&pageSize=10,438,0,1
1777735330017,360,用户注册,200,,常规接口测试-50并发 1-23,text,true,,724,253,45,50,http://localhost:8080/api/auth/register,318,0,0
1777735329184,1205,获取帖子列表,200,,常规接口测试-50并发 1-14,text,true,,5517,179,45,50,http://localhost:8080/api/post/list?pageNum=1&pageSize=10,1162,0,0
1777735329949,574,高级筛选搜索,200,,常规接口测试-50并发 1-13,text,true,,5782,232,45,50,http://localhost:8080/api/post/list/filter?category=运动健身&pageNum=1&pageSize=10,535,0,1
1777735330128,403,用户登录,200,,常规接口测试-50并发 1-31,text,true,,319,218,45,50,http://localhost:8080/api/auth/login,364,0,0
1777735329965,573,高级筛选搜索,200,,常规接口测试-50并发 1-45,text,true,,5782,232,45,50,http://localhost:8080/api/post/list/filter?category=运动健身&pageNum=1&pageSize=10,537,0,1
1777735330146,403,用户登录,200,,常规接口测试-50并发 1-42,text,true,,319,218,45,50,http://localhost:8080/api/auth/login,364,0,0
1777735330071,482,关键词搜索,400,,常规接口测试-50并发 1-18,text,false,,332,183,45,50,http://localhost:8080/api/search/keyword?q=篮球,442,0,0
1777735330158,408,用户登录,200,,常规接口测试-50并发 1-12,text,true,,319,218,45,50,http://localhost:8080/api/auth/login,365,0,0
1777735329260,1326,获取帖子列表,200,,常规接口测试-50并发 1-35,text,true,,5517,179,45,50,http://localhost:8080/api/post/list?pageNum=1&pageSize=10,1274,0,0
1777735330104,501,关键词搜索,400,,常规接口测试-50并发 1-34,text,false,,332,183,45,50,http://localhost:8080/api/search/keyword?q=篮球,442,0,0
1777735330208,468,用户注册,200,,常规接口测试-50并发 1-17,text,true,,722,253,45,50,http://localhost:8080/api/auth/register,404,0,0
1777735330235,453,用户登录,200,,常规接口测试-50并发 1-43,text,true,,319,218,45,50,http://localhost:8080/api/auth/login,395,0,0
1777735330226,467,用户注册,200,,常规接口测试-50并发 1-32,text,true,,724,253,45,50,http://localhost:8080/api/auth/register,410,0,0
1777735330182,519,关键词搜索,400,,常规接口测试-50并发 1-25,text,false,,332,183,45,50,http://localhost:8080/api/search/keyword?q=篮球,462,0,0
1777735330185,524,关键词搜索,400,,常规接口测试-50并发 1-47,text,false,,332,183,45,50,http://localhost:8080/api/search/keyword?q=篮球,474,0,0
1777735330105,641,高级筛选搜索,200,,常规接口测试-50并发 1-33,text,true,,5782,232,45,50,http://localhost:8080/api/post/list/filter?category=运动健身&pageNum=1&pageSize=10,577,0,1
1777735330205,544,关键词搜索,400,,常规接口测试-50并发 1-26,text,false,,332,183,45,50,http://localhost:8080/api/search/keyword?q=篮球,480,0,0
1777735330246,543,关键词搜索,400,,常规接口测试-50并发 1-10,text,false,,332,183,45,50,http://localhost:8080/api/search/keyword?q=篮球,503,0,0
1777735330182,620,高级筛选搜索,200,,常规接口测试-50并发 1-7,text,true,,5782,232,45,50,http://localhost:8080/api/post/list/filter?category=运动健身&pageNum=1&pageSize=10,580,0,1
1777735330179,629,高级筛选搜索,200,,常规接口测试-50并发 1-46,text,true,,5782,232,45,50,http://localhost:8080/api/post/list/filter?category=运动健身&pageNum=1&pageSize=10,587,0,0
1777735330339,473,用户登录,200,,常规接口测试-50并发 1-9,text,true,,319,218,45,50,http://localhost:8080/api/auth/login,432,0,0
1777735330198,620,高级筛选搜索,200,,常规接口测试-50并发 1-24,text,true,,5782,232,45,50,http://localhost:8080/api/post/list/filter?category=运动健身&pageNum=1&pageSize=10,581,0,1
1777735330346,478,用户注册,200,,常规接口测试-50并发 1-44,text,true,,724,253,45,50,http://localhost:8080/api/auth/register,439,0,0
1777735329435,1402,获取帖子列表,200,,常规接口测试-50并发 1-8,text,true,,5517,179,45,50,http://localhost:8080/api/post/list?pageNum=1&pageSize=10,1360,0,0
1777735330291,550,关键词搜索,400,,常规接口测试-50并发 1-19,text,false,,332,183,45,50,http://localhost:8080/api/search/keyword?q=篮球,508,0,0
1777735330378,477,用户登录,200,,常规接口测试-50并发 1-23,text,true,,319,218,45,50,http://localhost:8080/api/auth/login,437,0,0
1777735330311,544,关键词搜索,400,,常规接口测试-50并发 1-48,text,false,,332,183,45,50,http://localhost:8080/api/search/keyword?q=篮球,506,0,0
1777735330389,639,关键词搜索,400,,常规接口测试-50并发 1-14,text,false,,332,183,45,50,http://localhost:8080/api/search/keyword?q=篮球,531,0,0
1777735330524,514,用户注册,200,,常规接口测试-50并发 1-13,text,true,,724,253,45,50,http://localhost:8080/api/auth/register,424,0,0
1777735329524,1522,获取帖子列表,200,,常规接口测试-50并发 1-49,text,true,,5517,179,45,50,http://localhost:8080/api/post/list?pageNum=1&pageSize=10,1434,0,0
1777735330538,512,用户注册,200,,常规接口测试-50并发 1-45,text,true,,724,253,45,50,http://localhost:8080/api/auth/register,430,0,0
1777735330587,518,关键词搜索,400,,常规接口测试-50并发 1-35,text,false,,332,183,45,50,http://localhost:8080/api/search/keyword?q=篮球,474,0,0
1777735329611,1506,获取帖子列表,200,,常规接口测试-50并发 1-6,text,true,,5517,179,45,50,http://localhost:8080/api/post/list?pageNum=1&pageSize=10,1472,0,0
1777735330677,447,用户登录,200,,常规接口测试-50并发 1-17,text,true,,319,218,45,50,http://localhost:8080/api/auth/login,409,0,0
1777735329606,1521,获取帖子列表,200,,常规接口测试-50并发 1-20,text,true,,5517,179,45,50,http://localhost:8080/api/post/list?pageNum=1&pageSize=10,1482,0,0
1777735329565,1562,获取帖子列表,200,,常规接口测试-50并发 1-36,text,true,,5517,179,45,50,http://localhost:8080/api/post/list?pageNum=1&pageSize=10,1526,0,0
1777735330693,448,用户登录,200,,常规接口测试-50并发 1-32,text,true,,319,218,45,50,http://localhost:8080/api/auth/login,407,0,0
1777735330553,619,高级筛选搜索,200,,常规接口测试-50并发 1-18,text,true,,5782,232,45,50,http://localhost:8080/api/post/list/filter?category=运动健身&pageNum=1&pageSize=10,582,0,0
1777735329630,1554,获取帖子列表,200,,常规接口测试-50并发 1-27,text,true,,5517,179,45,50,http://localhost:8080/api/post/list?pageNum=1&pageSize=10,1518,0,0
1777735330746,438,用户注册,200,,常规接口测试-50并发 1-33,text,true,,724,253,45,50,http://localhost:8080/api/auth/register,403,0,0
1777735330605,584,高级筛选搜索,200,,常规接口测试-50并发 1-34,text,true,,5782,232,45,50,http://localhost:8080/api/post/list/filter?category=运动健身&pageNum=1&pageSize=10,548,0,1
1777735329695,1499,获取帖子列表,200,,常规接口测试-50并发 1-37,text,true,,5517,179,45,50,http://localhost:8080/api/post/list?pageNum=1&pageSize=10,1463,0,0
1777735329741,1483,获取帖子列表,200,,常规接口测试-50并发 1-11,text,true,,5517,179,45,50,http://localhost:8080/api/post/list?pageNum=1&pageSize=10,1440,0,0
1777735329716,1513,获取帖子列表,200,,常规接口测试-50并发 1-50,text,true,,5517,179,45,50,http://localhost:8080/api/post/list?pageNum=1&pageSize=10,1470,0,0
1777735330802,432,用户注册,200,,常规接口测试-50并发 1-7,text,true,,724,253,45,50,http://localhost:8080/api/auth/register,393,0,0
1777735330809,427,用户注册,200,,常规接口测试-50并发 1-46,text,true,,724,253,45,50,http://localhost:8080/api/auth/register,389,0,0
1777735330824,420,用户登录,200,,常规接口测试-50并发 1-44,text,true,,319,218,45,50,http://localhost:8080/api/auth/login,379,0,0
1777735329757,1498,获取帖子列表,200,,常规接口测试-50并发 1-15,text,true,,5517,179,45,50,http://localhost:8080/api/post/list?pageNum=1&pageSize=10,1465,0,0
1777735330819,438,用户注册,200,,常规接口测试-50并发 1-24,text,true,,724,253,45,50,http://localhost:8080/api/auth/register,404,0,0
1777735330702,577,高级筛选搜索,200,,常规接口测试-50并发 1-25,text,true,,5782,232,45,50,http://localhost:8080/api/post/list/filter?category=运动健身&pageNum=1&pageSize=10,546,0,0
1777735329799,1484,获取帖子列表,200,,常规接口测试-50并发 1-38,text,true,,5517,179,45,50,http://localhost:8080/api/post/list?pageNum=1&pageSize=10,1451,0,0
1777735330838,452,关键词搜索,400,,常规接口测试-50并发 1-8,text,false,,332,183,45,50,http://localhost:8080/api/search/keyword?q=篮球,414,0,0
1777735330709,606,高级筛选搜索,200,,常规接口测试-50并发 1-47,text,true,,5782,232,45,50,http://localhost:8080/api/post/list/filter?category=运动健身&pageNum=1&pageSize=10,554,0,1
1777735329858,1484,获取帖子列表,200,,常规接口测试-50并发 1-21,text,true,,5517,179,45,50,http://localhost:8080/api/post/list?pageNum=1&pageSize=10,1419,0,0
1777735329816,1536,获取帖子列表,200,,常规接口测试-50并发 1-28,text,true,,5517,179,45,50,http://localhost:8080/api/post/list?pageNum=1&pageSize=10,1471,0,0
1777735330749,633,高级筛选搜索,200,,常规接口测试-50并发 1-26,text,true,,5782,232,45,50,http://localhost:8080/api/post/list/filter?category=运动健身&pageNum=1&pageSize=10,580,0,0
1777735331038,355,用户登录,200,,常规接口测试-50并发 1-13,text,true,,319,218,45,50,http://localhost:8080/api/auth/login,302,0,0
1777735330789,608,高级筛选搜索,200,,常规接口测试-50并发 1-10,text,true,,5782,232,45,50,http://localhost:8080/api/post/list/filter?category=运动健身&pageNum=1&pageSize=10,561,0,1
1777735331050,349,用户登录,200,,常规接口测试-50并发 1-45,text,true,,319,218,45,50,http://localhost:8080/api/auth/login,306,0,0
1777735330841,568,高级筛选搜索,200,,常规接口测试-50并发 1-19,text,true,,5782,232,45,50,http://localhost:8080/api/post/list/filter?category=运动健身&pageNum=1&pageSize=10,543,0,1
1777735330855,567,高级筛选搜索,200,,常规接口测试-50并发 1-48,text,true,,5782,232,45,50,http://localhost:8080/api/post/list/filter?category=运动健身&pageNum=1&pageSize=10,545,0,1
1777735331047,391,关键词搜索,400,,常规接口测试-50并发 1-49,text,false,,332,183,45,50,http://localhost:8080/api/search/keyword?q=篮球,366,0,0
1777735329963,1482,获取帖子列表,200,,常规接口测试-50并发 1-39,text,true,,5517,179,45,50,http://localhost:8080/api/post/list?pageNum=1&pageSize=10,1456,0,0
1777735331029,425,高级筛选搜索,200,,常规接口测试-50并发 1-14,text,true,,5782,232,45,50,http://localhost:8080/api/post/list/filter?category=运动健身&pageNum=1&pageSize=10,399,0,1
1777735331172,301,用户注册,200,,常规接口测试-50并发 1-18,text,true,,724,253,45,50,http://localhost:8080/api/auth/register,276,0,0
1777735330012,1463,获取帖子列表,200,,常规接口测试-50并发 1-29,text,true,,5517,179,45,50,http://localhost:8080/api/post/list?pageNum=1&pageSize=10,1438,0,0
1777735331106,370,高级筛选搜索,200,,常规接口测试-50并发 1-35,text,true,,5782,232,45,50,http://localhost:8080/api/post/list/filter?category=运动健身&pageNum=1&pageSize=10,346,0,0
1777735331185,296,用户登录,200,,常规接口测试-50并发 1-33,text,true,,319,218,45,50,http://localhost:8080/api/auth/login,271,0,0
1777735331118,366,关键词搜索,400,,常规接口测试-50并发 1-6,text,false,,332,183,45,50,http://localhost:8080/api/search/keyword?q=篮球,339,0,0
1777735331127,363,关键词搜索,400,,常规接口测试-50并发 1-20,text,false,,332,183,45,50,http://localhost:8080/api/search/keyword?q=篮球,332,0,0
1777735330065,1426,获取帖子列表,200,,常规接口测试-50并发 1-40,text,true,,5517,179,45,50,http://localhost:8080/api/post/list?pageNum=1&pageSize=10,1396,0,0
1777735331127,366,关键词搜索,400,,常规接口测试-50并发 1-36,text,false,,332,183,45,50,http://localhost:8080/api/search/keyword?q=篮球,335,0,0
1777735330142,1352,获取帖子列表,200,,常规接口测试-50并发 1-30,text,true,,5517,179,45,50,http://localhost:8080/api/post/list?pageNum=1&pageSize=10,1322,0,0
1777735331190,304,用户注册,200,,常规接口测试-50并发 1-34,text,true,,724,253,45,50,http://localhost:8080/api/auth/register,274,0,0
1777735330124,1374,获取帖子列表,200,,常规接口测试-50并发 1-16,text,true,,5517,179,45,50,http://localhost:8080/api/post/list?pageNum=1&pageSize=10,1344,0,0
1777735330195,1321,获取帖子列表,200,,常规接口测试-50并发 1-22,text,true,,5517,179,45,50,http://localhost:8080/api/post/list?pageNum=1&pageSize=10,1284,0,0
1777735331234,290,用户登录,200,,常规接口测试-50并发 1-7,text,true,,319,218,45,50,http://localhost:8080/api/auth/login,259,0,0
1777735331236,294,用户登录,200,,常规接口测试-50并发 1-46,text,true,,319,218,45,50,http://localhost:8080/api/auth/login,261,0,0
1777735330237,1299,获取帖子列表,200,,常规接口测试-50并发 1-41,text,true,,5517,179,45,50,http://localhost:8080/api/post/list?pageNum=1&pageSize=10,1266,0,0
1777735331184,360,关键词搜索,400,,常规接口测试-50并发 1-27,text,false,,332,183,45,50,http://localhost:8080/api/search/keyword?q=篮球,326,0,0
1777735331257,296,用户登录,200,,常规接口测试-50并发 1-24,text,true,,319,218,45,50,http://localhost:8080/api/auth/login,262,0,0
1777735331195,360,关键词搜索,400,,常规接口测试-50并发 1-37,text,false,,332,183,45,50,http://localhost:8080/api/search/keyword?q=篮球,326,0,0
1777735331224,347,关键词搜索,400,,常规接口测试-50并发 1-11,text,false,,332,183,45,50,http://localhost:8080/api/search/keyword?q=篮球,318,0,0
1777735331229,347,关键词搜索,400,,常规接口测试-50并发 1-50,text,false,,332,183,45,50,http://localhost:8080/api/search/keyword?q=篮球,318,0,0
1777735331279,301,用户注册,200,,常规接口测试-50并发 1-25,text,true,,724,253,45,50,http://localhost:8080/api/auth/register,273,0,0
1777735331315,309,用户注册,200,,常规接口测试-50并发 1-47,text,true,,724,253,45,50,http://localhost:8080/api/auth/register,250,0,0
1777735331255,377,关键词搜索,400,,常规接口测试-50并发 1-15,text,false,,332,183,45,50,http://localhost:8080/api/search/keyword?q=篮球,314,0,0
1777735331343,319,关键词搜索,400,,常规接口测试-50并发 1-21,text,false,,332,183,45,50,http://localhost:8080/api/search/keyword?q=篮球,266,0,0
1777735331283,382,关键词搜索,400,,常规接口测试-50并发 1-38,text,false,,332,183,45,50,http://localhost:8080/api/search/keyword?q=篮球,334,0,0
1777735331383,296,用户注册,200,,常规接口测试-50并发 1-26,text,true,,724,253,45,50,http://localhost:8080/api/auth/register,249,0,0
1777735331410,270,用户注册,200,,常规接口测试-50并发 1-19,text,true,,724,253,45,50,http://localhost:8080/api/auth/register,225,0,0
1777735331397,293,用户注册,200,,常规接口测试-50并发 1-10,text,true,,724,253,45,50,http://localhost:8080/api/auth/register,251,0,0
1777735331352,352,关键词搜索,400,,常规接口测试-50并发 1-28,text,false,,332,183,45,50,http://localhost:8080/api/search/keyword?q=篮球,321,0,0
1777735331290,426,高级筛选搜索,200,,常规接口测试-50并发 1-8,text,true,,5782,232,45,50,http://localhost:8080/api/post/list/filter?category=运动健身&pageNum=1&pageSize=10,396,0,1
1777735331422,303,用户注册,200,,常规接口测试-50并发 1-48,text,true,,724,253,45,50,http://localhost:8080/api/auth/register,272,0,0
1777735330531,1231,获取帖子列表,200,,常规接口测试-50并发 1-31,text,true,,5517,179,45,50,http://localhost:8080/api/post/list?pageNum=1&pageSize=10,1195,0,0
1777735331454,315,用户注册,200,,常规接口测试-50并发 1-14,text,true,,724,253,45,50,http://localhost:8080/api/auth/register,276,0,0
1777735330549,1222,获取帖子列表,200,,常规接口测试-50并发 1-42,text,true,,5517,179,45,50,http://localhost:8080/api/post/list?pageNum=1&pageSize=10,1185,0,0
1777735330566,1213,获取帖子列表,200,,常规接口测试-50并发 1-12,text,true,,5517,179,45,50,http://localhost:8080/api/post/list?pageNum=1&pageSize=10,1176,0,0
1777735331474,329,用户登录,200,,常规接口测试-50并发 1-18,text,true,,319,218,45,50,http://localhost:8080/api/auth/login,285,0,0
1777735331477,345,用户注册,200,,常规接口测试-50并发 1-35,text,true,,724,253,45,50,http://localhost:8080/api/auth/register,290,0,0
1777735331494,340,用户登录,200,,常规接口测试-50并发 1-34,text,true,,319,218,45,50,http://localhost:8080/api/auth/login,279,0,0
1777735331445,395,关键词搜索,400,,常规接口测试-50并发 1-39,text,false,,332,183,45,50,http://localhost:8080/api/search/keyword?q=篮球,330,0,0
1777735331438,408,高级筛选搜索,200,,常规接口测试-50并发 1-49,text,true,,5782,232,45,50,http://localhost:8080/api/post/list/filter?category=运动健身&pageNum=1&pageSize=10,341,0,0
1777735330689,1175,获取帖子列表,200,,常规接口测试-50并发 1-43,text,true,,5517,179,45,50,http://localhost:8080/api/post/list?pageNum=1&pageSize=10,1107,0,0
1777735331475,435,关键词搜索,400,,常规接口测试-50并发 1-29,text,false,,332,183,45,50,http://localhost:8080/api/search/keyword?q=篮球,385,0,0
1777735331492,434,关键词搜索,400,,常规接口测试-50并发 1-40,text,false,,332,183,45,50,http://localhost:8080/api/search/keyword?q=篮球,382,0,0
1777735331494,442,关键词搜索,400,,常规接口测试-50并发 1-30,text,false,,332,183,45,50,http://localhost:8080/api/search/keyword?q=篮球,391,0,0
1777735331499,441,关键词搜索,400,,常规接口测试-50并发 1-16,text,false,,332,183,45,50,http://localhost:8080/api/search/keyword?q=篮球,397,0,0
1777735330855,1090,获取帖子列表,200,,常规接口测试-50并发 1-23,text,true,,5517,179,45,50,http://localhost:8080/api/post/list?pageNum=1&pageSize=10,1051,0,0
1777735331516,432,关键词搜索,400,,常规接口测试-50并发 1-22,text,false,,332,183,45,50,http://localhost:8080/api/search/keyword?q=篮球,396,0,0
1777735331484,470,高级筛选搜索,200,,常规接口测试-50并发 1-6,text,true,,5782,232,45,50,http://localhost:8080/api/post/list/filter?category=运动健身&pageNum=1&pageSize=10,439,0,1
1777735331580,378,用户登录,200,,常规接口测试-50并发 1-25,text,true,,319,218,44,49,http://localhost:8080/api/auth/login,350,0,0
1777735331493,466,高级筛选搜索,200,,常规接口测试-50并发 1-36,text,true,,5782,232,44,49,http://localhost:8080/api/post/list/filter?category=运动健身&pageNum=1&pageSize=10,440,0,1
1777735331490,469,高级筛选搜索,200,,常规接口测试-50并发 1-20,text,true,,5782,232,44,49,http://localhost:8080/api/post/list/filter?category=运动健身&pageNum=1&pageSize=10,444,0,1
1777735330812,1157,获取帖子列表,200,,常规接口测试-50并发 1-9,text,true,,5517,179,44,49,http://localhost:8080/api/post/list?pageNum=1&pageSize=10,1131,0,0
1777735331624,348,用户登录,200,,常规接口测试-50并发 1-47,text,true,,319,218,44,49,http://localhost:8080/api/auth/login,322,0,0
1777735331536,436,关键词搜索,400,,常规接口测试-50并发 1-41,text,false,,332,183,44,49,http://localhost:8080/api/search/keyword?q=篮球,411,0,0
1777735331571,404,高级筛选搜索,200,,常规接口测试-50并发 1-11,text,true,,5782,232,44,49,http://localhost:8080/api/post/list/filter?category=运动健身&pageNum=1&pageSize=10,403,0,1
1777735331544,442,高级筛选搜索,200,,常规接口测试-50并发 1-27,text,true,,5782,232,44,49,http://localhost:8080/api/post/list/filter?category=运动健身&pageNum=1&pageSize=10,418,0,1
1777735331555,434,高级筛选搜索,200,,常规接口测试-50并发 1-37,text,true,,5782,232,44,49,http://localhost:8080/api/post/list/filter?category=运动健身&pageNum=1&pageSize=10,411,0,1
1777735331679,320,用户登录,200,,常规接口测试-50并发 1-26,text,true,,319,218,44,49,http://localhost:8080/api/auth/login,296,0,0
1777735331680,322,用户登录,200,,常规接口测试-50并发 1-19,text,true,,319,218,44,49,http://localhost:8080/api/auth/login,297,0,0
1777735331576,428,高级筛选搜索,200,,常规接口测试-50并发 1-50,text,true,,5782,232,44,49,http://localhost:8080/api/post/list/filter?category=运动健身&pageNum=1&pageSize=10,403,0,0
1777735331665,342,高级筛选搜索,200,,常规接口测试-50并发 1-38,text,true,,5782,232,44,49,http://localhost:8080/api/post/list/filter?category=运动健身&pageNum=1&pageSize=10,317,0,1
1777735331690,318,用户登录,200,,常规接口测试-50并发 1-10,text,true,,319,218,44,49,http://localhost:8080/api/auth/login,292,0,0
1777735331725,286,用户登录,200,,常规接口测试-50并发 1-48,text,true,,319,218,44,49,http://localhost:8080/api/auth/login,259,0,0
1777735331633,388,高级筛选搜索,200,,常规接口测试-50并发 1-15,text,true,,5782,232,44,49,http://localhost:8080/api/post/list/filter?category=运动健身&pageNum=1&pageSize=10,361,0,0
1777735331662,367,高级筛选搜索,200,,常规接口测试-50并发 1-21,text,true,,5782,232,44,49,http://localhost:8080/api/post/list/filter?category=运动健身&pageNum=1&pageSize=10,341,0,1
1777735331717,323,用户注册,200,,常规接口测试-50并发 1-8,text,true,,724,253,44,49,http://localhost:8080/api/auth/register,296,0,0
1777735331141,904,获取帖子列表,200,,常规接口测试-50并发 1-32,text,true,,5517,179,44,49,http://localhost:8080/api/post/list?pageNum=1&pageSize=10,876,0,0
1777735331124,922,获取帖子列表,200,,常规接口测试-50并发 1-17,text,true,,5517,179,44,49,http://localhost:8080/api/post/list?pageNum=1&pageSize=10,894,0,0
1777735331769,311,用户登录,200,,常规接口测试-50并发 1-14,text,true,,319,218,44,49,http://localhost:8080/api/auth/login,278,0,0
1777735331704,397,高级筛选搜索,200,,常规接口测试-50并发 1-28,text,true,,5782,232,44,49,http://localhost:8080/api/post/list/filter?category=运动健身&pageNum=1&pageSize=10,359,0,1
1777735331822,295,用户登录,200,,常规接口测试-50并发 1-35,text,true,,319,218,44,49,http://localhost:8080/api/auth/login,259,0,0
1777735331762,371,关键词搜索,400,,常规接口测试-50并发 1-31,text,false,,332,183,44,49,http://localhost:8080/api/search/keyword?q=篮球,339,0,0
1777735331846,294,用户注册,200,,常规接口测试-50并发 1-49,text,true,,724,253,44,49,http://localhost:8080/api/auth/register,261,0,0
1777735331771,375,关键词搜索,400,,常规接口测试-50并发 1-42,text,false,,332,183,44,49,http://localhost:8080/api/search/keyword?q=篮球,340,0,0
1777735331779,379,关键词搜索,400,,常规接口测试-50并发 1-12,text,false,,332,183,44,49,http://localhost:8080/api/search/keyword?q=篮球,340,0,0
1777735331244,934,获取帖子列表,200,,常规接口测试-50并发 1-44,text,true,,5517,179,44,49,http://localhost:8080/api/post/list?pageNum=1&pageSize=10,895,0,0
1777735331865,335,关键词搜索,400,,常规接口测试-50并发 1-43,text,false,,332,183,44,49,http://localhost:8080/api/search/keyword?q=篮球,302,0,0
1777735331959,269,用户注册,200,,常规接口测试-50并发 1-36,text,true,,723,252,44,49,http://localhost:8080/api/auth/register,237,0,0
1777735331959,271,用户注册,200,,常规接口测试-50并发 1-20,text,true,,720,253,44,49,http://localhost:8080/api/auth/register,240,0,0
1777735331840,392,高级筛选搜索,200,,常规接口测试-50并发 1-39,text,true,,5782,232,44,49,http://localhost:8080/api/post/list/filter?category=运动健身&pageNum=1&pageSize=10,361,0,0
1777735331393,847,获取帖子列表,200,,常规接口测试-50并发 1-13,text,true,,5517,179,44,49,http://localhost:8080/api/post/list?pageNum=1&pageSize=10,814,0,0
1777735331910,336,高级筛选搜索,200,,常规接口测试-50并发 1-29,text,true,,5782,232,44,49,http://localhost:8080/api/post/list/filter?category=运动健身&pageNum=1&pageSize=10,300,0,1
1777735331975,273,用户注册,200,,常规接口测试-50并发 1-11,text,true,,724,253,44,49,http://localhost:8080/api/auth/register,238,0,0
1777735331945,321,关键词搜索,400,,常规接口测试-50并发 1-23,text,false,,332,183,44,49,http://localhost:8080/api/search/keyword?q=篮球,285,0,0
1777735331986,287,用户注册,200,,常规接口测试-50并发 1-27,text,true,,724,253,44,49,http://localhost:8080/api/auth/register,248,0,0
1777735331989,286,用户注册,200,,常规接口测试-50并发 1-37,text,true,,724,253,44,49,http://localhost:8080/api/auth/register,246,0,0
1777735331399,895,获取帖子列表,200,,常规接口测试-50并发 1-45,text,true,,5517,179,44,49,http://localhost:8080/api/post/list?pageNum=1&pageSize=10,852,0,0
1777735332004,294,用户注册,200,,常规接口测试-50并发 1-50,text,true,,724,253,44,49,http://localhost:8080/api/auth/register,249,0,0
1777735331926,375,高级筛选搜索,200,,常规接口测试-50并发 1-40,text,true,,5782,232,44,49,http://localhost:8080/api/post/list/filter?category=运动健身&pageNum=1&pageSize=10,329,0,1
1777735331969,337,关键词搜索,400,,常规接口测试-50并发 1-9,text,false,,332,183,44,49,http://localhost:8080/api/search/keyword?q=篮球,291,0,0
1777735332007,302,用户注册,200,,常规接口测试-50并发 1-38,text,true,,724,253,44,49,http://localhost:8080/api/auth/register,255,0,0
1777735331940,376,高级筛选搜索,200,,常规接口测试-50并发 1-16,text,true,,5782,232,44,49,http://localhost:8080/api/post/list/filter?category=运动健身&pageNum=1&pageSize=10,335,0,0
1777735332021,304,用户注册,200,,常规接口测试-50并发 1-15,text,true,,724,253,44,49,http://localhost:8080/api/auth/register,267,0,0
1777735332040,293,用户登录,200,,常规接口测试-50并发 1-8,text,true,,319,218,44,49,http://localhost:8080/api/auth/login,260,0,0
1777735331948,386,高级筛选搜索,200,,常规接口测试-50并发 1-22,text,true,,5782,232,44,49,http://localhost:8080/api/post/list/filter?category=运动健身&pageNum=1&pageSize=10,354,0,1
1777735332029,308,用户注册,200,,常规接口测试-50并发 1-21,text,true,,724,253,44,49,http://localhost:8080/api/auth/register,275,0,0
1777735331936,403,高级筛选搜索,200,,常规接口测试-50并发 1-30,text,true,,5782,232,44,49,http://localhost:8080/api/post/list/filter?category=运动健身&pageNum=1&pageSize=10,372,0,1
1777735331972,423,高级筛选搜索,200,,常规接口测试-50并发 1-41,text,true,,5782,232,44,49,http://localhost:8080/api/post/list/filter?category=运动健身&pageNum=1&pageSize=10,381,0,1
1777735332045,357,关键词搜索,400,,常规接口测试-50并发 1-32,text,false,,332,183,44,49,http://localhost:8080/api/search/keyword?q=篮球,315,0,0
1777735332046,359,关键词搜索,400,,常规接口测试-50并发 1-17,text,false,,332,183,44,49,http://localhost:8080/api/search/keyword?q=篮球,318,0,0
1777735332101,307,用户注册,200,,常规接口测试-50并发 1-28,text,true,,723,252,44,49,http://localhost:8080/api/auth/register,269,0,0
1777735331481,945,获取帖子列表,200,,常规接口测试-50并发 1-33,text,true,,5517,179,44,49,http://localhost:8080/api/post/list?pageNum=1&pageSize=10,914,0,0
1777735332141,287,用户登录,200,,常规接口测试-50并发 1-49,text,true,,319,218,44,49,http://localhost:8080/api/auth/login,257,0,0
1777735331524,935,获取帖子列表,200,,常规接口测试-50并发 1-7,text,true,,5517,179,44,49,http://localhost:8080/api/post/list?pageNum=1&pageSize=10,904,0,0
1777735331553,956,获取帖子列表,200,,常规接口测试-50并发 1-24,text,true,,5517,179,44,49,http://localhost:8080/api/post/list?pageNum=1&pageSize=10,913,0,0
1777735331530,990,获取帖子列表,200,,常规接口测试-50并发 1-46,text,true,,5517,179,44,49,http://localhost:8080/api/post/list?pageNum=1&pageSize=10,949,0,0
1777735332228,296,用户登录,200,,常规接口测试-50并发 1-36,text,true,,319,218,44,49,http://localhost:8080/api/auth/login,253,0,0
1777735332230,296,用户登录,200,,常规接口测试-50并发 1-20,text,true,,319,218,44,49,http://localhost:8080/api/auth/login,253,0,0
1777735332178,354,关键词搜索,400,,常规接口测试-50并发 1-44,text,false,,332,183,44,49,http://localhost:8080/api/search/keyword?q=篮球,309,0,0
1777735332146,387,高级筛选搜索,200,,常规接口测试-50并发 1-42,text,true,,5782,232,44,49,http://localhost:8080/api/post/list/filter?category=运动健身&pageNum=1&pageSize=10,342,0,1
1777735332232,321,用户注册,200,,常规接口测试-50并发 1-39,text,true,,724,253,44,49,http://localhost:8080/api/auth/register,279,0,0
1777735332133,421,高级筛选搜索,200,,常规接口测试-50并发 1-31,text,true,,5782,232,44,49,http://localhost:8080/api/post/list/filter?category=运动健身&pageNum=1&pageSize=10,378,0,0
1777735332249,313,用户登录,200,,常规接口测试-50并发 1-11,text,true,,319,218,44,49,http://localhost:8080/api/auth/login,269,0,0
1777735332158,404,高级筛选搜索,200,,常规接口测试-50并发 1-12,text,true,,5782,232,44,49,http://localhost:8080/api/post/list/filter?category=运动健身&pageNum=1&pageSize=10,362,0,1
1777735332246,325,用户注册,200,,常规接口测试-50并发 1-29,text,true,,724,253,44,49,http://localhost:8080/api/auth/register,275,0,0
1777735332273,309,用户登录,200,,常规接口测试-50并发 1-27,text,true,,319,218,44,49,http://localhost:8080/api/auth/login,262,0,0
1777735332275,313,用户登录,200,,常规接口测试-50并发 1-37,text,true,,319,218,44,49,http://localhost:8080/api/auth/login,267,0,0
1777735332298,301,用户登录,200,,常规接口测试-50并发 1-50,text,true,,319,218,44,49,http://localhost:8080/api/auth/login,262,0,0
1777735332309,299,用户登录,200,,常规接口测试-50并发 1-38,text,true,,319,218,44,49,http://localhost:8080/api/auth/login,265,0,0
1777735332241,369,关键词搜索,400,,常规接口测试-50并发 1-13,text,false,,332,183,44,49,http://localhost:8080/api/search/keyword?q=篮球,337,0,0
1777735332340,279,用户注册,200,,常规接口测试-50并发 1-30,text,true,,724,253,44,49,http://localhost:8080/api/auth/register,248,0,0
1777735332200,425,高级筛选搜索,200,,常规接口测试-50并发 1-43,text,true,,5782,232,44,49,http://localhost:8080/api/post/list/filter?category=运动健身&pageNum=1&pageSize=10,391,0,1
1777735332316,313,用户注册,200,,常规接口测试-50并发 1-16,text,true,,723,252,44,49,http://localhost:8080/api/auth/register,279,0,0
1777735332302,329,用户注册,200,,常规接口测试-50并发 1-40,text,true,,723,252,44,49,http://localhost:8080/api/auth/register,295,0,0
1777735332326,305,用户登录,200,,常规接口测试-50并发 1-15,text,true,,319,218,44,49,http://localhost:8080/api/auth/login,272,0,0
1777735332337,301,用户登录,200,,常规接口测试-50并发 1-21,text,true,,319,218,44,49,http://localhost:8080/api/auth/login,268,0,0
1777735332334,315,用户注册,200,,常规接口测试-50并发 1-22,text,true,,723,252,44,49,http://localhost:8080/api/auth/register,284,0,0
1777735332294,360,关键词搜索,400,,常规接口测试-50并发 1-45,text,false,,332,183,44,49,http://localhost:8080/api/search/keyword?q=篮球,330,0,0
1777735332266,416,高级筛选搜索,200,,常规接口测试-50并发 1-23,text,true,,5782,232,44,49,http://localhost:8080/api/post/list/filter?category=运动健身&pageNum=1&pageSize=10,385,0,1
1777735332396,296,用户注册,200,,常规接口测试-50并发 1-41,text,true,,724,253,44,49,http://localhost:8080/api/auth/register,264,0,0
1777735332408,292,用户登录,200,,常规接口测试-50并发 1-28,text,true,,319,218,44,49,http://localhost:8080/api/auth/login,261,0,0
1777735332306,417,高级筛选搜索,200,,常规接口测试-50并发 1-9,text,true,,5782,232,44,49,http://localhost:8080/api/post/list/filter?category=运动健身&pageNum=1&pageSize=10,380,0,0
1777735332426,359,关键词搜索,400,,常规接口测试-50并发 1-33,text,false,,332,183,44,49,http://localhost:8080/api/search/keyword?q=篮球,319,0,0
1777735331803,1020,获取帖子列表,200,,常规接口测试-50并发 1-18,text,true,,5517,179,44,49,http://localhost:8080/api/post/list?pageNum=1&pageSize=10,981,0,0
1777735332460,368,关键词搜索,400,,常规接口测试-50并发 1-7,text,false,,332,183,44,49,http://localhost:8080/api/search/keyword?q=篮球,328,0,0
1777735332405,429,高级筛选搜索,200,,常规接口测试-50并发 1-17,text,true,,5782,232,44,49,http://localhost:8080/api/post/list/filter?category=运动健身&pageNum=1&pageSize=10,390,0,1
1777735331835,1000,获取帖子列表,200,,常规接口测试-50并发 1-34,text,true,,5517,179,44,49,http://localhost:8080/api/post/list?pageNum=1&pageSize=10,961,0,0
1777735332403,433,高级筛选搜索,200,,常规接口测试-50并发 1-32,text,true,,5782,232,44,49,http://localhost:8080/api/post/list/filter?category=运动健身&pageNum=1&pageSize=10,395,0,0
1777735332533,316,用户注册,200,,常规接口测试-50并发 1-42,text,true,,724,253,44,49,http://localhost:8080/api/auth/register,281,0,0
1777735332553,299,用户登录,200,,常规接口测试-50并发 1-39,text,true,,319,218,44,49,http://localhost:8080/api/auth/login,262,0,0
1777735332554,314,用户注册,200,,常规接口测试-50并发 1-31,text,true,,724,253,44,49,http://localhost:8080/api/auth/register,275,0,0
1777735332571,297,用户登录,200,,常规接口测试-50并发 1-29,text,true,,319,218,44,49,http://localhost:8080/api/auth/login,259,0,0
1777735332563,314,用户注册,200,,常规接口测试-50并发 1-12,text,true,,723,252,44,49,http://localhost:8080/api/auth/register,277,0,0
1777735332509,374,关键词搜索,400,,常规接口测试-50并发 1-24,text,false,,332,183,44,49,http://localhost:8080/api/search/keyword?q=篮球,336,0,0
1777735332520,379,关键词搜索,400,,常规接口测试-50并发 1-46,text,false,,332,183,44,49,http://localhost:8080/api/search/keyword?q=篮球,335,0,0
1777735332620,306,用户登录,200,,常规接口测试-50并发 1-30,text,true,,319,218,44,49,http://localhost:8080/api/auth/login,267,0,0
1777735332629,304,用户登录,200,,常规接口测试-50并发 1-16,text,true,,319,218,44,49,http://localhost:8080/api/auth/login,273,0,0
1777735332631,310,用户登录,200,,常规接口测试-50并发 1-40,text,true,,319,218,44,49,http://localhost:8080/api/auth/login,278,0,0
1777735332625,325,用户注册,200,,常规接口测试-50并发 1-43,text,true,,724,253,44,49,http://localhost:8080/api/auth/register,291,0,0
1777735332649,310,用户登录,200,,常规接口测试-50并发 1-22,text,true,,319,218,44,49,http://localhost:8080/api/auth/login,275,0,0
1777735332682,298,用户注册,200,,常规接口测试-50并发 1-23,text,true,,724,253,44,49,http://localhost:8080/api/auth/register,262,0,0
1777735332532,449,高级筛选搜索,200,,常规接口测试-50并发 1-44,text,true,,5782,232,44,49,http://localhost:8080/api/post/list/filter?category=运动健身&pageNum=1&pageSize=10,414,0,1
1777735331958,1044,获取帖子列表,200,,常规接口测试-50并发 1-25,text,true,,5517,179,44,49,http://localhost:8080/api/post/list?pageNum=1&pageSize=10,1007,0,0
1777735332692,331,用户登录,200,,常规接口测试-50并发 1-41,text,true,,319,218,44,49,http://localhost:8080/api/auth/login,285,0,0
1777735331972,1076,获取帖子列表,200,,常规接口测试-50并发 1-47,text,true,,5517,179,44,49,http://localhost:8080/api/post/list?pageNum=1&pageSize=10,1022,0,0
1777735332723,341,用户注册,200,,常规接口测试-50并发 1-9,text,true,,724,253,44,49,http://localhost:8080/api/auth/register,289,0,0
1777735332610,462,高级筛选搜索,200,,常规接口测试-50并发 1-13,text,true,,5782,232,44,49,http://localhost:8080/api/post/list/filter?category=运动健身&pageNum=1&pageSize=10,411,0,1
1777735331999,1090,获取帖子列表,200,,常规接口测试-50并发 1-26,text,true,,5517,179,44,49,http://localhost:8080/api/post/list?pageNum=1&pageSize=10,1046,0,0
1777735332002,1099,获取帖子列表,200,,常规接口测试-50并发 1-19,text,true,,5517,179,44,49,http://localhost:8080/api/post/list?pageNum=1&pageSize=10,1055,0,0
1777735332011,1100,获取帖子列表,200,,常规接口测试-50并发 1-48,text,true,,5517,179,44,49,http://localhost:8080/api/post/list?pageNum=1&pageSize=10,1057,0,0
1777735332008,1111,获取帖子列表,200,,常规接口测试-50并发 1-10,text,true,,5517,179,44,49,http://localhost:8080/api/post/list?pageNum=1&pageSize=10,1069,0,0
1777735332654,477,高级筛选搜索,200,,常规接口测试-50并发 1-45,text,true,,5782,232,44,49,http://localhost:8080/api/post/list/filter?category=运动健身&pageNum=1&pageSize=10,434,0,1
1777735332834,363,用户注册,200,,常规接口测试-50并发 1-17,text,true,,724,253,44,49,http://localhost:8080/api/auth/register,323,0,0
1777735332081,1118,获取帖子列表,200,,常规接口测试-50并发 1-14,text,true,,5517,179,44,49,http://localhost:8080/api/post/list?pageNum=1&pageSize=10,1078,0,0
1777735332836,367,用户注册,200,,常规接口测试-50并发 1-32,text,true,,724,253,44,49,http://localhost:8080/api/auth/register,327,0,0
1777735332849,357,用户登录,200,,常规接口测试-50并发 1-42,text,true,,319,218,44,49,http://localhost:8080/api/auth/login,318,0,0
1777735332868,367,用户登录,200,,常规接口测试-50并发 1-31,text,true,,319,218,44,49,http://localhost:8080/api/auth/login,319,0,0
1777735332878,376,用户登录,200,,常规接口测试-50并发 1-12,text,true,,319,218,44,49,http://localhost:8080/api/auth/login,318,0,0
1777735332824,458,关键词搜索,400,,常规接口测试-50并发 1-18,text,false,,332,183,44,49,http://localhost:8080/api/search/keyword?q=篮球,389,0,0
1777735332117,1168,获取帖子列表,200,,常规接口测试-50并发 1-35,text,true,,5517,179,44,49,http://localhost:8080/api/post/list?pageNum=1&pageSize=10,1105,0,0
1777735332836,450,关键词搜索,400,,常规接口测试-50并发 1-34,text,false,,332,183,44,49,http://localhost:8080/api/search/keyword?q=篮球,389,0,0
1777735332950,347,用户登录,200,,常规接口测试-50并发 1-43,text,true,,319,218,44,49,http://localhost:8080/api/auth/login,294,0,0
1777735332785,534,高级筛选搜索,200,,常规接口测试-50并发 1-33,text,true,,5782,232,44,49,http://localhost:8080/api/post/list/filter?category=运动健身&pageNum=1&pageSize=10,492,0,1
1777735332828,532,高级筛选搜索,200,,常规接口测试-50并发 1-7,text,true,,5782,232,44,49,http://localhost:8080/api/post/list/filter?category=运动健身&pageNum=1&pageSize=10,494,0,1
1777735332980,393,用户登录,200,,常规接口测试-50并发 1-23,text,true,,319,218,43,48,http://localhost:8080/api/auth/login,354,0,0
1777735332981,409,用户注册,200,,常规接口测试-50并发 1-44,text,true,,724,253,43,48,http://localhost:8080/api/auth/register,370,0,0
1777735332883,520,高级筛选搜索,200,,常规接口测试-50并发 1-24,text,true,,5782,232,43,48,http://localhost:8080/api/post/list/filter?category=运动健身&pageNum=1&pageSize=10,483,0,1
1777735332899,516,高级筛选搜索,200,,常规接口测试-50并发 1-46,text,true,,5782,232,43,48,http://localhost:8080/api/post/list/filter?category=运动健身&pageNum=1&pageSize=10,480,0,1
1777735333064,372,用户登录,200,,常规接口测试-50并发 1-9,text,true,,319,218,43,48,http://localhost:8080/api/auth/login,333,0,0
1777735333003,523,关键词搜索,400,,常规接口测试-50并发 1-25,text,false,,332,183,43,48,http://localhost:8080/api/search/keyword?q=篮球,408,0,0
1777735333072,497,用户注册,200,,常规接口测试-50并发 1-13,text,true,,724,253,43,48,http://localhost:8080/api/auth/register,346,0,0
1777735333049,563,关键词搜索,400,,常规接口测试-50并发 1-47,text,false,,332,183,43,48,http://localhost:8080/api/search/keyword?q=篮球,466,0,0
1777735333101,519,关键词搜索,400,,常规接口测试-50并发 1-19,text,false,,332,183,43,48,http://localhost:8080/api/search/keyword?q=篮球,463,0,0
1777735333132,505,用户注册,200,,常规接口测试-50并发 1-45,text,true,,724,253,43,48,http://localhost:8080/api/auth/register,459,0,0
1777735333090,582,关键词搜索,400,,常规接口测试-50并发 1-26,text,false,,332,183,43,48,http://localhost:8080/api/search/keyword?q=篮球,522,0,0
1777735333112,593,关键词搜索,400,,常规接口测试-50并发 1-48,text,false,,332,183,43,48,http://localhost:8080/api/search/keyword?q=篮球,522,0,0
1777735333197,522,用户登录,200,,常规接口测试-50并发 1-17,text,true,,319,218,43,48,http://localhost:8080/api/auth/login,454,0,0
1777735333119,604,关键词搜索,400,,常规接口测试-50并发 1-10,text,false,,332,183,43,48,http://localhost:8080/api/search/keyword?q=篮球,536,0,0
1777735333203,529,用户登录,200,,常规接口测试-50并发 1-32,text,true,,319,218,43,48,http://localhost:8080/api/auth/login,459,0,0
1777735332333,1425,获取帖子列表,200,,常规接口测试-50并发 1-8,text,true,,5517,179,43,48,http://localhost:8080/api/post/list?pageNum=1&pageSize=10,1379,0,0
1777735333199,594,关键词搜索,400,,常规接口测试-50并发 1-14,text,false,,332,183,43,48,http://localhost:8080/api/search/keyword?q=篮球,555,0,0
1777735332428,1398,获取帖子列表,200,,常规接口测试-50并发 1-49,text,true,,5517,179,43,48,http://localhost:8080/api/post/list?pageNum=1&pageSize=10,1345,0,0
1777735333319,528,用户注册,200,,常规接口测试-50并发 1-33,text,true,,724,253,43,48,http://localhost:8080/api/auth/register,474,0,0
1777735333285,608,关键词搜索,400,,常规接口测试-50并发 1-35,text,false,,332,183,43,48,http://localhost:8080/api/search/keyword?q=篮球,537,0,0
1777735333283,636,高级筛选搜索,200,,常规接口测试-50并发 1-18,text,true,,5782,232,43,48,http://localhost:8080/api/post/list/filter?category=运动健身&pageNum=1&pageSize=10,585,0,0
1777735333391,533,用户登录,200,,常规接口测试-50并发 1-44,text,true,,319,218,43,48,http://localhost:8080/api/auth/login,486,0,0
1777735333286,644,高级筛选搜索,200,,常规接口测试-50并发 1-34,text,true,,5782,232,43,48,http://localhost:8080/api/post/list/filter?category=运动健身&pageNum=1&pageSize=10,604,0,0
1777735332527,1416,获取帖子列表,200,,常规接口测试-50并发 1-20,text,true,,5517,179,43,48,http://localhost:8080/api/post/list?pageNum=1&pageSize=10,1379,0,0
1777735332524,1441,获取帖子列表,200,,常规接口测试-50并发 1-36,text,true,,5517,179,43,48,http://localhost:8080/api/post/list?pageNum=1&pageSize=10,1403,0,0
1777735333415,557,用户注册,200,,常规接口测试-50并发 1-46,text,true,,723,252,43,48,http://localhost:8080/api/auth/register,519,0,0
1777735333403,569,用户注册,200,,常规接口测试-50并发 1-24,text,true,,724,253,43,48,http://localhost:8080/api/auth/register,532,0,0
1777735332562,1420,获取帖子列表,200,,常规接口测试-50并发 1-11,text,true,,5517,179,43,48,http://localhost:8080/api/post/list?pageNum=1&pageSize=10,1383,0,0
1777735332582,1403,获取帖子列表,200,,常规接口测试-50并发 1-27,text,true,,5517,179,43,48,http://localhost:8080/api/post/list?pageNum=1&pageSize=10,1368,0,0
1777735332588,1406,获取帖子列表,200,,常规接口测试-50并发 1-37,text,true,,5517,179,43,48,http://localhost:8080/api/post/list?pageNum=1&pageSize=10,1368,0,0
1777735333569,428,用户登录,200,,常规接口测试-50并发 1-13,text,true,,319,218,43,48,http://localhost:8080/api/auth/login,391,0,0
1777735332599,1415,获取帖子列表,200,,常规接口测试-50并发 1-50,text,true,,5517,179,43,48,http://localhost:8080/api/post/list?pageNum=1&pageSize=10,1379,0,0
1777735332608,1415,获取帖子列表,200,,常规接口测试-50并发 1-38,text,true,,5517,179,43,48,http://localhost:8080/api/post/list?pageNum=1&pageSize=10,1380,0,0
1777735333637,386,用户登录,200,,常规接口测试-50并发 1-45,text,true,,319,218,43,48,http://localhost:8080/api/auth/login,354,0,0
1777735332638,1400,获取帖子列表,200,,常规接口测试-50并发 1-21,text,true,,5517,179,43,48,http://localhost:8080/api/post/list?pageNum=1&pageSize=10,1363,0,0
1777735332631,1419,获取帖子列表,200,,常规接口测试-50并发 1-15,text,true,,5517,179,43,48,http://localhost:8080/api/post/list?pageNum=1&pageSize=10,1378,0,0
1777735333526,565,高级筛选搜索,200,,常规接口测试-50并发 1-25,text,true,,5782,232,43,48,http://localhost:8080/api/post/list/filter?category=运动健身&pageNum=1&pageSize=10,506,0,1
1777735332701,1497,获取帖子列表,200,,常规接口测试-50并发 1-28,text,true,,5517,179,43,48,http://localhost:8080/api/post/list?pageNum=1&pageSize=10,1382,0,0
1777735333620,610,高级筛选搜索,200,,常规接口测试-50并发 1-19,text,true,,5782,232,43,48,http://localhost:8080/api/post/list/filter?category=运动健身&pageNum=1&pageSize=10,574,0,1
1777735333848,385,用户登录,200,,常规接口测试-50并发 1-33,text,true,,319,218,43,48,http://localhost:8080/api/auth/login,383,0,0
1777735333612,627,高级筛选搜索,200,,常规接口测试-50并发 1-47,text,true,,5782,232,43,48,http://localhost:8080/api/post/list/filter?category=运动健身&pageNum=1&pageSize=10,599,0,1
1777735333758,495,关键词搜索,400,,常规接口测试-50并发 1-8,text,false,,332,183,43,48,http://localhost:8080/api/search/keyword?q=篮球,469,0,0
1777735333672,606,高级筛选搜索,200,,常规接口测试-50并发 1-26,text,true,,5782,232,43,48,http://localhost:8080/api/post/list/filter?category=运动健身&pageNum=1&pageSize=10,579,0,1
1777735333706,584,高级筛选搜索,200,,常规接口测试-50并发 1-48,text,true,,5782,232,43,48,http://localhost:8080/api/post/list/filter?category=运动健身&pageNum=1&pageSize=10,556,0,0
1777735333919,373,用户注册,200,,常规接口测试-50并发 1-18,text,true,,724,253,43,48,http://localhost:8080/api/auth/register,345,0,0
1777735333723,571,高级筛选搜索,200,,常规接口测试-50并发 1-10,text,true,,5782,232,43,48,http://localhost:8080/api/post/list/filter?category=运动健身&pageNum=1&pageSize=10,544,0,1
1777735333827,469,关键词搜索,400,,常规接口测试-50并发 1-49,text,false,,332,183,43,48,http://localhost:8080/api/search/keyword?q=篮球,441,0,0
1777735332869,1431,获取帖子列表,200,,常规接口测试-50并发 1-29,text,true,,5517,179,43,48,http://localhost:8080/api/post/list?pageNum=1&pageSize=10,1403,0,0
1777735333931,370,用户注册,200,,常规接口测试-50并发 1-34,text,true,,724,253,43,48,http://localhost:8080/api/auth/register,341,0,0
1777735332853,1452,获取帖子列表,200,,常规接口测试-50并发 1-39,text,true,,5517,179,43,48,http://localhost:8080/api/post/list?pageNum=1&pageSize=10,1422,0,0
1777735333794,514,高级筛选搜索,200,,常规接口测试-50并发 1-14,text,true,,5782,232,43,48,http://localhost:8080/api/post/list/filter?category=运动健身&pageNum=1&pageSize=10,483,0,0
1777735332926,1389,获取帖子列表,200,,常规接口测试-50并发 1-30,text,true,,5517,179,43,48,http://localhost:8080/api/post/list?pageNum=1&pageSize=10,1360,0,0
1777735333893,435,高级筛选搜索,200,,常规接口测试-50并发 1-35,text,true,,5782,232,43,48,http://localhost:8080/api/post/list/filter?category=运动健身&pageNum=1&pageSize=10,410,0,1
1777735333972,357,用户登录,200,,常规接口测试-50并发 1-24,text,true,,319,218,43,48,http://localhost:8080/api/auth/login,332,0,0
1777735333972,359,用户登录,200,,常规接口测试-50并发 1-46,text,true,,319,218,43,48,http://localhost:8080/api/auth/login,335,0,0
1777735332942,1398,获取帖子列表,200,,常规接口测试-50并发 1-40,text,true,,5517,179,43,48,http://localhost:8080/api/post/list?pageNum=1&pageSize=10,1371,0,0
1777735332933,1410,获取帖子列表,200,,常规接口测试-50并发 1-16,text,true,,5517,179,43,48,http://localhost:8080/api/post/list?pageNum=1&pageSize=10,1384,0,0
1777735333943,408,关键词搜索,400,,常规接口测试-50并发 1-20,text,false,,332,183,43,48,http://localhost:8080/api/search/keyword?q=篮球,381,0,0
1777735332960,1400,获取帖子列表,200,,常规接口测试-50并发 1-22,text,true,,5517,179,43,48,http://localhost:8080/api/post/list?pageNum=1&pageSize=10,1375,0,0
1777735333966,411,关键词搜索,400,,常规接口测试-50并发 1-36,text,false,,332,183,43,48,http://localhost:8080/api/search/keyword?q=篮球,380,0,0
1777735333023,1366,获取帖子列表,200,,常规接口测试-50并发 1-41,text,true,,5517,179,43,48,http://localhost:8080/api/post/list?pageNum=1&pageSize=10,1330,0,0
1777735333982,411,关键词搜索,400,,常规接口测试-50并发 1-11,text,false,,332,183,43,48,http://localhost:8080/api/search/keyword?q=篮球,374,0,0
1777735333985,414,关键词搜索,400,,常规接口测试-50并发 1-27,text,false,,332,183,43,48,http://localhost:8080/api/search/keyword?q=篮球,377,0,0
1777735333994,411,关键词搜索,400,,常规接口测试-50并发 1-37,text,false,,332,183,43,48,http://localhost:8080/api/search/keyword?q=篮球,382,0,0
1777735334015,398,关键词搜索,400,,常规接口测试-50并发 1-50,text,false,,332,183,43,48,http://localhost:8080/api/search/keyword?q=篮球,371,0,0
1777735334092,330,用户注册,200,,常规接口测试-50并发 1-25,text,true,,724,253,43,48,http://localhost:8080/api/auth/register,303,0,0
1777735334024,402,关键词搜索,400,,常规接口测试-50并发 1-38,text,false,,332,183,43,48,http://localhost:8080/api/search/keyword?q=篮球,376,0,0
1777735334038,396,关键词搜索,400,,常规接口测试-50并发 1-21,text,false,,332,183,43,48,http://localhost:8080/api/search/keyword?q=篮球,369,0,0
1777735334051,385,关键词搜索,400,,常规接口测试-50并发 1-15,text,false,,332,183,43,48,http://localhost:8080/api/search/keyword?q=篮球,360,0,0
1777735334231,249,用户注册,200,,常规接口测试-50并发 1-19,text,true,,722,251,43,48,http://localhost:8080/api/auth/register,213,0,0
1777735334239,249,用户注册,200,,常规接口测试-50并发 1-47,text,true,,724,253,43,48,http://localhost:8080/api/auth/register,219,0,0
1777735333235,1268,获取帖子列表,200,,常规接口测试-50并发 1-31,text,true,,5517,179,43,48,http://localhost:8080/api/post/list?pageNum=1&pageSize=10,1232,0,0
1777735334198,306,关键词搜索,400,,常规接口测试-50并发 1-28,text,false,,332,183,43,48,http://localhost:8080/api/search/keyword?q=篮球,269,0,0
1777735333207,1300,获取帖子列表,200,,常规接口测试-50并发 1-42,text,true,,5517,179,43,48,http://localhost:8080/api/post/list?pageNum=1&pageSize=10,1263,0,0
1777735333254,1277,获取帖子列表,200,,常规接口测试-50并发 1-12,text,true,,5517,179,43,48,http://localhost:8080/api/post/list?pageNum=1&pageSize=10,1226,0,0
1777735334301,244,用户登录,200,,常规接口测试-50并发 1-34,text,true,,319,218,43,48,http://localhost:8080/api/auth/login,186,0,0
1777735334279,303,用户注册,200,,常规接口测试-50并发 1-26,text,true,,724,253,43,48,http://localhost:8080/api/auth/register,233,0,0
1777735334292,299,用户登录,200,,常规接口测试-50并发 1-18,text,true,,319,218,43,48,http://localhost:8080/api/auth/login,228,0,0
1777735334290,316,用户注册,200,,常规接口测试-50并发 1-48,text,true,,724,253,43,48,http://localhost:8080/api/auth/register,247,0,0
1777735334294,320,用户注册,200,,常规接口测试-50并发 1-10,text,true,,724,253,43,48,http://localhost:8080/api/auth/register,262,0,0
1777735334308,318,用户注册,200,,常规接口测试-50并发 1-14,text,true,,724,253,43,48,http://localhost:8080/api/auth/register,279,0,0
1777735333297,1334,获取帖子列表,200,,常规接口测试-50并发 1-43,text,true,,5517,179,43,48,http://localhost:8080/api/post/list?pageNum=1&pageSize=10,1300,0,0
1777735334328,312,用户注册,200,,常规接口测试-50并发 1-35,text,true,,724,253,43,48,http://localhost:8080/api/auth/register,283,0,0
1777735334254,388,高级筛选搜索,200,,常规接口测试-50并发 1-8,text,true,,5782,232,43,48,http://localhost:8080/api/post/list/filter?category=运动健身&pageNum=1&pageSize=10,359,0,0
1777735334300,370,关键词搜索,400,,常规接口测试-50并发 1-29,text,false,,332,183,42,47,http://localhost:8080/api/search/keyword?q=篮球,333,0,0
1777735334306,369,关键词搜索,400,,常规接口测试-50并发 1-39,text,false,,332,183,42,47,http://localhost:8080/api/search/keyword?q=篮球,331,0,0
1777735333373,1313,获取帖子列表,200,,常规接口测试-50并发 1-23,text,true,,5517,179,42,47,http://localhost:8080/api/post/list?pageNum=1&pageSize=10,1270,0,0
1777735334296,399,高级筛选搜索,200,,常规接口测试-50并发 1-49,text,true,,5782,232,42,47,http://localhost:8080/api/post/list/filter?category=运动健身&pageNum=1&pageSize=10,352,0,1
1777735334316,384,关键词搜索,400,,常规接口测试-50并发 1-30,text,false,,332,183,42,47,http://localhost:8080/api/search/keyword?q=篮球,336,0,0
1777735333436,1285,获取帖子列表,200,,常规接口测试-50并发 1-9,text,true,,5517,179,42,47,http://localhost:8080/api/post/list?pageNum=1&pageSize=10,1258,0,0
1777735334340,381,关键词搜索,400,,常规接口测试-50并发 1-40,text,false,,332,183,42,47,http://localhost:8080/api/search/keyword?q=篮球,353,0,0
1777735334343,385,关键词搜索,400,,常规接口测试-50并发 1-16,text,false,,332,183,42,47,http://localhost:8080/api/search/keyword?q=篮球,360,0,0
1777735334352,382,高级筛选搜索,200,,常规接口测试-50并发 1-20,text,true,,5782,232,42,47,http://localhost:8080/api/post/list/filter?category=运动健身&pageNum=1&pageSize=10,355,0,0
1777735333719,1032,获取帖子列表,200,,常规接口测试-50并发 1-17,text,true,,5517,179,42,47,http://localhost:8080/api/post/list?pageNum=1&pageSize=10,998,0,0
1777735334422,331,用户登录,200,,常规接口测试-50并发 1-25,text,true,,319,218,42,47,http://localhost:8080/api/auth/login,296,0,0
1777735334360,394,关键词搜索,400,,常规接口测试-50并发 1-22,text,false,,332,183,42,47,http://localhost:8080/api/search/keyword?q=篮球,359,0,0
1777735334378,379,高级筛选搜索,200,,常规接口测试-50并发 1-36,text,true,,5782,232,42,47,http://localhost:8080/api/post/list/filter?category=运动健身&pageNum=1&pageSize=10,344,0,0
1777735334389,376,关键词搜索,400,,常规接口测试-50并发 1-41,text,false,,332,183,42,47,http://localhost:8080/api/search/keyword?q=篮球,350,0,0
1777735334393,397,高级筛选搜索,200,,常规接口测试-50并发 1-11,text,true,,5782,232,42,47,http://localhost:8080/api/post/list/filter?category=运动健身&pageNum=1&pageSize=10,369,0,1
1777735333732,1060,获取帖子列表,200,,常规接口测试-50并发 1-32,text,true,,5517,179,42,47,http://localhost:8080/api/post/list?pageNum=1&pageSize=10,1032,0,0
1777735334399,393,高级筛选搜索,200,,常规接口测试-50并发 1-27,text,true,,5782,232,42,47,http://localhost:8080/api/post/list/filter?category=运动健身&pageNum=1&pageSize=10,368,0,1
1777735334480,315,用户登录,200,,常规接口测试-50并发 1-19,text,true,,319,218,42,47,http://localhost:8080/api/auth/login,294,0,0
1777735334405,391,高级筛选搜索,200,,常规接口测试-50并发 1-37,text,true,,5782,232,42,47,http://localhost:8080/api/post/list/filter?category=运动健身&pageNum=1&pageSize=10,370,0,1
1777735334488,314,用户登录,200,,常规接口测试-50并发 1-47,text,true,,319,218,42,47,http://localhost:8080/api/auth/login,293,0,0
1777735334413,396,高级筛选搜索,200,,常规接口测试-50并发 1-50,text,true,,5782,232,42,47,http://localhost:8080/api/post/list/filter?category=运动健身&pageNum=1&pageSize=10,373,0,1
1777735334435,384,高级筛选搜索,200,,常规接口测试-50并发 1-21,text,true,,5782,232,42,47,http://localhost:8080/api/post/list/filter?category=运动健身&pageNum=1&pageSize=10,360,0,0
1777735334427,407,高级筛选搜索,200,,常规接口测试-50并发 1-38,text,true,,5782,232,42,47,http://localhost:8080/api/post/list/filter?category=运动健身&pageNum=1&pageSize=10,381,0,0
1777735334436,405,高级筛选搜索,200,,常规接口测试-50并发 1-15,text,true,,5782,232,42,47,http://localhost:8080/api/post/list/filter?category=运动健身&pageNum=1&pageSize=10,376,0,0
1777735334582,264,用户登录,200,,常规接口测试-50并发 1-26,text,true,,319,218,42,47,http://localhost:8080/api/auth/login,232,0,0
1777735334607,260,用户登录,200,,常规接口测试-50并发 1-48,text,true,,319,218,42,47,http://localhost:8080/api/auth/login,219,0,0
1777735334614,263,用户登录,200,,常规接口测试-50并发 1-10,text,true,,319,218,42,47,http://localhost:8080/api/auth/login,222,0,0
1777735334503,377,关键词搜索,400,,常规接口测试-50并发 1-31,text,false,,332,183,42,47,http://localhost:8080/api/search/keyword?q=篮球,335,0,0
1777735334507,374,关键词搜索,400,,常规接口测试-50并发 1-42,text,false,,332,183,42,47,http://localhost:8080/api/search/keyword?q=篮球,332,0,0
1777735333924,962,获取帖子列表,200,,常规接口测试-50并发 1-44,text,true,,5517,179,42,47,http://localhost:8080/api/post/list?pageNum=1&pageSize=10,919,0,0
1777735334626,268,用户登录,200,,常规接口测试-50并发 1-14,text,true,,319,218,42,47,http://localhost:8080/api/auth/login,226,0,0
1777735334531,366,关键词搜索,400,,常规接口测试-50并发 1-12,text,false,,332,183,42,47,http://localhost:8080/api/search/keyword?q=篮球,324,0,0
1777735334505,402,高级筛选搜索,200,,常规接口测试-50并发 1-28,text,true,,5782,232,42,47,http://localhost:8080/api/post/list/filter?category=运动健身&pageNum=1&pageSize=10,360,0,0
1777735334641,268,用户登录,200,,常规接口测试-50并发 1-35,text,true,,319,218,42,47,http://localhost:8080/api/auth/login,228,0,0
1777735333998,927,获取帖子列表,200,,常规接口测试-50并发 1-13,text,true,,5517,179,42,47,http://localhost:8080/api/post/list?pageNum=1&pageSize=10,904,0,0
1777735334024,909,获取帖子列表,200,,常规接口测试-50并发 1-45,text,true,,5517,179,42,47,http://localhost:8080/api/post/list?pageNum=1&pageSize=10,884,0,0
1777735334631,318,关键词搜索,400,,常规接口测试-50并发 1-43,text,false,,332,183,42,47,http://localhost:8080/api/search/keyword?q=篮球,292,0,0
1777735334695,257,用户注册,200,,常规接口测试-50并发 1-49,text,true,,722,253,42,47,http://localhost:8080/api/auth/register,234,0,0
1777735334675,299,高级筛选搜索,200,,常规接口测试-50并发 1-39,text,true,,5782,232,42,47,http://localhost:8080/api/post/list/filter?category=运动健身&pageNum=1&pageSize=10,277,0,1
1777735334734,242,用户注册,200,,常规接口测试-50并发 1-20,text,true,,724,253,42,47,http://localhost:8080/api/auth/register,219,0,0
1777735334687,290,关键词搜索,400,,常规接口测试-50并发 1-23,text,false,,332,183,42,47,http://localhost:8080/api/search/keyword?q=篮球,267,0,0
1777735334670,309,高级筛选搜索,200,,常规接口测试-50并发 1-29,text,true,,5782,232,42,47,http://localhost:8080/api/post/list/filter?category=运动健身&pageNum=1&pageSize=10,286,0,1
1777735334233,757,获取帖子列表,200,,常规接口测试-50并发 1-33,text,true,,5517,179,42,47,http://localhost:8080/api/post/list?pageNum=1&pageSize=10,732,0,0
1777735334700,290,高级筛选搜索,200,,常规接口测试-50并发 1-30,text,true,,5782,232,42,47,http://localhost:8080/api/post/list/filter?category=运动健身&pageNum=1&pageSize=10,265,0,1
1777735334757,234,用户注册,200,,常规接口测试-50并发 1-36,text,true,,724,253,42,47,http://localhost:8080/api/auth/register,209,0,0
1777735334721,284,高级筛选搜索,200,,常规接口测试-50并发 1-40,text,true,,5782,232,42,47,http://localhost:8080/api/post/list/filter?category=运动健身&pageNum=1&pageSize=10,257,0,0
1777735334721,294,关键词搜索,400,,常规接口测试-50并发 1-9,text,false,,332,183,42,47,http://localhost:8080/api/search/keyword?q=篮球,264,0,0
1777735334728,288,高级筛选搜索,200,,常规接口测试-50并发 1-16,text,true,,5782,232,42,47,http://localhost:8080/api/post/list/filter?category=运动健身&pageNum=1&pageSize=10,257,0,1
1777735334751,285,关键词搜索,400,,常规接口测试-50并发 1-17,text,false,,332,183,42,47,http://localhost:8080/api/search/keyword?q=篮球,251,0,0
1777735334331,711,获取帖子列表,200,,常规接口测试-50并发 1-46,text,true,,5517,179,42,47,http://localhost:8080/api/post/list?pageNum=1&pageSize=10,679,0,0
1777735334790,254,用户注册,200,,常规接口测试-50并发 1-11,text,true,,724,253,42,47,http://localhost:8080/api/auth/register,223,0,0
1777735334792,254,用户注册,200,,常规接口测试-50并发 1-27,text,true,,723,252,42,47,http://localhost:8080/api/auth/register,222,0,0
1777735334796,260,用户注册,200,,常规接口测试-50并发 1-37,text,true,,724,253,42,47,http://localhost:8080/api/auth/register,229,0,0
1777735334809,258,用户注册,200,,常规接口测试-50并发 1-50,text,true,,724,253,42,47,http://localhost:8080/api/auth/register,225,0,0
1777735334755,320,高级筛选搜索,200,,常规接口测试-50并发 1-22,text,true,,5782,232,42,47,http://localhost:8080/api/post/list/filter?category=运动健身&pageNum=1&pageSize=10,285,0,0
1777735334819,264,用户注册,200,,常规接口测试-50并发 1-21,text,true,,724,253,42,47,http://localhost:8080/api/auth/register,230,0,0
1777735334329,757,获取帖子列表,200,,常规接口测试-50并发 1-24,text,true,,5517,179,42,47,http://localhost:8080/api/post/list?pageNum=1&pageSize=10,722,0,0
1777735334792,301,关键词搜索,400,,常规接口测试-50并发 1-32,text,false,,332,183,42,47,http://localhost:8080/api/search/keyword?q=篮球,266,0,0
1777735334765,329,高级筛选搜索,200,,常规接口测试-50并发 1-41,text,true,,5782,232,42,47,http://localhost:8080/api/post/list/filter?category=运动健身&pageNum=1&pageSize=10,293,0,1
1777735334835,260,用户注册,200,,常规接口测试-50并发 1-38,text,true,,724,253,42,47,http://localhost:8080/api/auth/register,225,0,0
1777735334841,255,用户注册,200,,常规接口测试-50并发 1-15,text,true,,724,253,42,47,http://localhost:8080/api/auth/register,221,0,0
1777735334908,245,用户注册,200,,常规接口测试-50并发 1-28,text,true,,724,253,42,47,http://localhost:8080/api/auth/register,216,0,0
1777735334886,301,关键词搜索,400,,常规接口测试-50并发 1-44,text,false,,332,183,42,47,http://localhost:8080/api/search/keyword?q=篮球,262,0,0
1777735334952,268,用户登录,200,,常规接口测试-50并发 1-49,text,true,,319,218,42,47,http://localhost:8080/api/auth/login,221,0,0
1777735334881,356,高级筛选搜索,200,,常规接口测试-50并发 1-42,text,true,,5782,232,42,47,http://localhost:8080/api/post/list/filter?category=运动健身&pageNum=1&pageSize=10,323,0,1
1777735334926,319,关键词搜索,400,,常规接口测试-50并发 1-13,text,false,,332,183,42,47,http://localhost:8080/api/search/keyword?q=篮球,289,0,0
1777735334880,367,高级筛选搜索,200,,常规接口测试-50并发 1-31,text,true,,5782,232,42,47,http://localhost:8080/api/post/list/filter?category=运动健身&pageNum=1&pageSize=10,338,0,1
1777735334934,316,关键词搜索,400,,常规接口测试-50并发 1-45,text,false,,332,183,42,47,http://localhost:8080/api/search/keyword?q=篮球,288,0,0
1777735334977,276,用户登录,200,,常规接口测试-50并发 1-20,text,true,,319,218,42,47,http://localhost:8080/api/auth/login,247,0,0
1777735334898,361,高级筛选搜索,200,,常规接口测试-50并发 1-12,text,true,,5782,232,42,47,http://localhost:8080/api/post/list/filter?category=运动健身&pageNum=1&pageSize=10,332,0,1
1777735334975,285,用户注册,200,,常规接口测试-50并发 1-39,text,true,,724,253,42,47,http://localhost:8080/api/auth/register,257,0,0
1777735334980,285,用户注册,200,,常规接口测试-50并发 1-29,text,true,,723,252,42,47,http://localhost:8080/api/auth/register,255,0,0
1777735334991,280,用户登录,200,,常规接口测试-50并发 1-36,text,true,,319,218,42,47,http://localhost:8080/api/auth/login,254,0,0
1777735334991,289,用户注册,200,,常规接口测试-50并发 1-30,text,true,,724,253,42,47,http://localhost:8080/api/auth/register,260,0,0
1777735335005,295,用户注册,200,,常规接口测试-50并发 1-40,text,true,,724,253,42,47,http://localhost:8080/api/auth/register,258,0,0
1777735335017,288,用户注册,200,,常规接口测试-50并发 1-16,text,true,,724,253,42,47,http://localhost:8080/api/auth/register,253,0,0
1777735334949,368,高级筛选搜索,200,,常规接口测试-50并发 1-43,text,true,,5782,232,42,47,http://localhost:8080/api/post/list/filter?category=运动健身&pageNum=1&pageSize=10,337,0,1
1777735335045,273,用户登录,200,,常规接口测试-50并发 1-11,text,true,,319,218,42,47,http://localhost:8080/api/auth/login,243,0,0
1777735335046,276,用户登录,200,,常规接口测试-50并发 1-27,text,true,,319,218,42,47,http://localhost:8080/api/auth/login,245,0,0
1777735334990,340,关键词搜索,400,,常规接口测试-50并发 1-33,text,false,,332,183,42,47,http://localhost:8080/api/search/keyword?q=篮球,309,0,0
1777735335056,279,用户登录,200,,常规接口测试-50并发 1-37,text,true,,319,218,42,47,http://localhost:8080/api/auth/login,246,0,0
1777735335068,290,用户登录,200,,常规接口测试-50并发 1-50,text,true,,319,218,42,47,http://localhost:8080/api/auth/login,246,0,0
1777735335083,292,用户登录,200,,常规接口测试-50并发 1-21,text,true,,319,218,42,47,http://localhost:8080/api/auth/login,245,0,0
1777735335075,305,用户注册,200,,常规接口测试-50并发 1-22,text,true,,722,253,42,47,http://localhost:8080/api/auth/register,263,0,0
1777735334545,836,获取帖子列表,200,,常规接口测试-50并发 1-34,text,true,,5517,179,42,47,http://localhost:8080/api/post/list?pageNum=1&pageSize=10,795,0,0
1777735334978,404,高级筛选搜索,200,,常规接口测试-50并发 1-23,text,true,,5782,232,42,47,http://localhost:8080/api/post/list/filter?category=运动健身&pageNum=1&pageSize=10,364,0,0
1777735335096,290,用户登录,200,,常规接口测试-50并发 1-15,text,true,,319,218,42,47,http://localhost:8080/api/auth/login,254,0,0
1777735335095,293,用户登录,200,,常规接口测试-50并发 1-38,text,true,,319,218,42,47,http://localhost:8080/api/auth/login,258,0,0
1777735335016,376,高级筛选搜索,200,,常规接口测试-50并发 1-9,text,true,,5782,232,42,47,http://localhost:8080/api/post/list/filter?category=运动健身&pageNum=1&pageSize=10,343,0,0
1777735335042,351,关键词搜索,400,,常规接口测试-50并发 1-46,text,false,,332,183,41,46,http://localhost:8080/api/search/keyword?q=篮球,318,0,0
1777735335094,304,用户注册,200,,常规接口测试-50并发 1-41,text,true,,724,253,41,46,http://localhost:8080/api/auth/register,273,0,0
1777735335036,381,高级筛选搜索,200,,常规接口测试-50并发 1-17,text,true,,5782,232,41,46,http://localhost:8080/api/post/list/filter?category=运动健身&pageNum=1&pageSize=10,352,0,1
1777735335086,342,关键词搜索,400,,常规接口测试-50并发 1-24,text,false,,332,183,41,46,http://localhost:8080/api/search/keyword?q=篮球,315,0,0
1777735334591,841,获取帖子列表,200,,常规接口测试-50并发 1-18,text,true,,5517,179,41,46,http://localhost:8080/api/post/list?pageNum=1&pageSize=10,815,0,0
1777735335153,285,用户登录,200,,常规接口测试-50并发 1-28,text,true,,319,218,41,46,http://localhost:8080/api/auth/login,260,0,0
1777735335093,352,高级筛选搜索,200,,常规接口测试-50并发 1-32,text,true,,5782,232,41,46,http://localhost:8080/api/post/list/filter?category=运动健身&pageNum=1&pageSize=10,329,0,1
1777735335237,309,用户注册,200,,常规接口测试-50并发 1-42,text,true,,724,253,41,46,http://localhost:8080/api/auth/register,265,0,0
1777735335248,305,用户注册,200,,常规接口测试-50并发 1-31,text,true,,724,253,41,46,http://localhost:8080/api/auth/register,264,0,0
1777735335260,296,用户登录,200,,常规接口测试-50并发 1-39,text,true,,319,218,41,46,http://localhost:8080/api/auth/login,255,0,0
1777735335265,299,用户登录,200,,常规接口测试-50并发 1-29,text,true,,319,218,41,46,http://localhost:8080/api/auth/login,261,0,0
1777735335187,380,高级筛选搜索,200,,常规接口测试-50并发 1-44,text,true,,5782,232,41,46,http://localhost:8080/api/post/list/filter?category=运动健身&pageNum=1&pageSize=10,342,0,1
1777735335259,315,用户注册,200,,常规接口测试-50并发 1-12,text,true,,724,253,41,46,http://localhost:8080/api/auth/register,284,0,0
1777735335305,271,用户登录,200,,常规接口测试-50并发 1-16,text,true,,319,218,41,46,http://localhost:8080/api/auth/login,242,0,0
1777735335280,299,用户登录,200,,常规接口测试-50并发 1-30,text,true,,319,218,41,46,http://localhost:8080/api/auth/login,269,0,0
1777735335300,292,用户登录,200,,常规接口测试-50并发 1-40,text,true,,319,218,41,46,http://localhost:8080/api/auth/login,259,0,0
1777735334753,850,获取帖子列表,200,,常规接口测试-50并发 1-25,text,true,,5517,179,41,46,http://localhost:8080/api/post/list?pageNum=1&pageSize=10,816,0,0
1777735335317,322,用户注册,200,,常规接口测试-50并发 1-43,text,true,,724,253,41,46,http://localhost:8080/api/auth/register,275,0,0
1777735335381,317,用户登录,200,,常规接口测试-50并发 1-22,text,true,,319,218,41,46,http://localhost:8080/api/auth/login,263,0,0
1777735335250,458,高级筛选搜索,200,,常规接口测试-50并发 1-45,text,true,,5782,232,41,46,http://localhost:8080/api/post/list/filter?category=运动健身&pageNum=1&pageSize=10,407,0,0
1777735335245,465,高级筛选搜索,200,,常规接口测试-50并发 1-13,text,true,,5782,232,41,46,http://localhost:8080/api/post/list/filter?category=运动健身&pageNum=1&pageSize=10,415,0,1
1777735335417,307,用户注册,200,,常规接口测试-50并发 1-17,text,true,,722,253,41,46,http://localhost:8080/api/auth/register,266,0,0
1777735335382,344,用户注册,200,,常规接口测试-50并发 1-23,text,true,,724,253,41,46,http://localhost:8080/api/auth/register,305,0,0
1777735335399,336,用户登录,200,,常规接口测试-50并发 1-41,text,true,,319,218,41,46,http://localhost:8080/api/auth/login,298,0,0
1777735334802,936,获取帖子列表,200,,常规接口测试-50并发 1-47,text,true,,5517,179,41,46,http://localhost:8080/api/post/list?pageNum=1&pageSize=10,902,0,0
1777735334795,948,获取帖子列表,200,,常规接口测试-50并发 1-19,text,true,,5517,179,41,46,http://localhost:8080/api/post/list?pageNum=1&pageSize=10,916,0,0
1777735335381,378,关键词搜索,400,,常规接口测试-50并发 1-34,text,false,,332,183,41,46,http://localhost:8080/api/search/keyword?q=篮球,347,0,0
1777735335446,360,用户注册,200,,常规接口测试-50并发 1-32,text,true,,723,252,41,46,http://localhost:8080/api/auth/register,305,0,0
1777735335330,479,高级筛选搜索,200,,常规接口测试-50并发 1-33,text,true,,5782,232,41,46,http://localhost:8080/api/post/list/filter?category=运动健身&pageNum=1&pageSize=10,422,0,0
1777735334846,1000,获取帖子列表,200,,常规接口测试-50并发 1-26,text,true,,5517,179,41,46,http://localhost:8080/api/post/list?pageNum=1&pageSize=10,950,0,0
1777735335432,419,关键词搜索,400,,常规接口测试-50并发 1-18,text,false,,332,183,41,46,http://localhost:8080/api/search/keyword?q=篮球,371,0,0
1777735335394,471,高级筛选搜索,200,,常规接口测试-50并发 1-46,text,true,,5782,232,41,46,http://localhost:8080/api/post/list/filter?category=运动健身&pageNum=1&pageSize=10,422,0,0
1777735334895,987,获取帖子列表,200,,常规接口测试-50并发 1-14,text,true,,5517,179,41,46,http://localhost:8080/api/post/list?pageNum=1&pageSize=10,936,0,0
1777735334867,1022,获取帖子列表,200,,常规接口测试-50并发 1-48,text,true,,5517,179,41,46,http://localhost:8080/api/post/list?pageNum=1&pageSize=10,969,0,0
1777735335429,476,高级筛选搜索,200,,常规接口测试-50并发 1-24,text,true,,5782,232,41,46,http://localhost:8080/api/post/list/filter?category=运动健身&pageNum=1&pageSize=10,415,0,0
1777735335546,367,用户登录,200,,常规接口测试-50并发 1-42,text,true,,319,218,41,46,http://localhost:8080/api/auth/login,303,0,0
1777735335553,384,用户登录,200,,常规接口测试-50并发 1-31,text,true,,319,218,41,46,http://localhost:8080/api/auth/login,317,0,0
1777735334910,1034,获取帖子列表,200,,常规接口测试-50并发 1-35,text,true,,5517,179,41,46,http://localhost:8080/api/post/list?pageNum=1&pageSize=10,967,0,0
1777735334877,1067,获取帖子列表,200,,常规接口测试-50并发 1-10,text,true,,5517,179,41,46,http://localhost:8080/api/post/list?pageNum=1&pageSize=10,1002,0,0
1777735335574,391,用户登录,200,,常规接口测试-50并发 1-12,text,true,,319,218,41,46,http://localhost:8080/api/auth/login,350,0,0
1777735335567,405,用户注册,200,,常规接口测试-50并发 1-44,text,true,,724,253,41,46,http://localhost:8080/api/auth/register,374,0,0
1777735335639,383,用户登录,200,,常规接口测试-50并发 1-43,text,true,,319,218,41,46,http://localhost:8080/api/auth/login,348,0,0
1777735335603,451,关键词搜索,400,,常规接口测试-50并发 1-25,text,false,,332,183,41,46,http://localhost:8080/api/search/keyword?q=篮球,413,0,0
1777735335708,355,用户注册,200,,常规接口测试-50并发 1-45,text,true,,724,253,41,46,http://localhost:8080/api/auth/register,320,0,0
1777735335710,357,用户注册,200,,常规接口测试-50并发 1-13,text,true,,724,253,41,46,http://localhost:8080/api/auth/register,320,0,0
1777735335725,346,用户登录,200,,常规接口测试-50并发 1-17,text,true,,319,218,41,46,http://localhost:8080/api/auth/login,312,0,0
1777735335726,356,用户登录,200,,常规接口测试-50并发 1-23,text,true,,319,218,41,46,http://localhost:8080/api/auth/login,318,0,0
1777735335806,391,用户登录,200,,常规接口测试-50并发 1-32,text,true,,319,218,41,46,http://localhost:8080/api/auth/login,327,0,0
1777735335738,472,关键词搜索,400,,常规接口测试-50并发 1-47,text,false,,332,183,41,46,http://localhost:8080/api/search/keyword?q=篮球,422,0,0
1777735335743,469,关键词搜索,400,,常规接口测试-50并发 1-19,text,false,,332,183,41,46,http://localhost:8080/api/search/keyword?q=篮球,419,0,0
1777735335809,410,用户注册,200,,常规接口测试-50并发 1-33,text,true,,724,253,41,46,http://localhost:8080/api/auth/register,366,0,0
1777735335905,329,用户注册,200,,常规接口测试-50并发 1-24,text,true,,724,253,41,46,http://localhost:8080/api/auth/register,298,0,0
1777735335865,401,用户注册,200,,常规接口测试-50并发 1-46,text,true,,724,253,41,46,http://localhost:8080/api/auth/register,360,0,0
1777735335220,1078,获取帖子列表,200,,常规接口测试-50并发 1-49,text,true,,5517,179,41,46,http://localhost:8080/api/post/list?pageNum=1&pageSize=10,1033,0,0
1777735335846,455,关键词搜索,400,,常规接口测试-50并发 1-26,text,false,,332,183,41,46,http://localhost:8080/api/search/keyword?q=篮球,414,0,0
1777735335972,345,用户登录,200,,常规接口测试-50并发 1-44,text,true,,319,218,41,46,http://localhost:8080/api/auth/login,314,0,0
1777735335882,436,关键词搜索,400,,常规接口测试-50并发 1-14,text,false,,332,183,41,46,http://localhost:8080/api/search/keyword?q=篮球,405,0,0
1777735335890,430,关键词搜索,400,,常规接口测试-50并发 1-48,text,false,,332,183,41,46,http://localhost:8080/api/search/keyword?q=篮球,399,0,0
1777735335759,567,高级筛选搜索,200,,常规接口测试-50并发 1-34,text,true,,5782,232,41,46,http://localhost:8080/api/post/list/filter?category=运动健身&pageNum=1&pageSize=10,535,0,1
1777735335944,391,关键词搜索,400,,常规接口测试-50并发 1-35,text,false,,332,183,41,46,http://localhost:8080/api/search/keyword?q=篮球,363,0,0
1777735335944,394,关键词搜索,400,,常规接口测试-50并发 1-10,text,false,,332,183,41,46,http://localhost:8080/api/search/keyword?q=篮球,368,0,0
1777735335852,500,高级筛选搜索,200,,常规接口测试-50并发 1-18,text,true,,5782,232,41,46,http://localhost:8080/api/post/list/filter?category=运动健身&pageNum=1&pageSize=10,472,0,0
1777735336064,332,用户登录,200,,常规接口测试-50并发 1-45,text,true,,319,218,41,46,http://localhost:8080/api/auth/login,303,0,0
1777735336067,339,用户登录,200,,常规接口测试-50并发 1-13,text,true,,319,218,41,46,http://localhost:8080/api/auth/login,309,0,0
1777735335253,1174,获取帖子列表,200,,常规接口测试-50并发 1-20,text,true,,5517,179,41,46,http://localhost:8080/api/post/list?pageNum=1&pageSize=10,1140,0,0
1777735335375,1088,获取帖子列表,200,,常规接口测试-50并发 1-21,text,true,,5517,179,41,46,http://localhost:8080/api/post/list?pageNum=1&pageSize=10,1037,0,0
1777735335271,1247,获取帖子列表,200,,常规接口测试-50并发 1-36,text,true,,5517,179,41,46,http://localhost:8080/api/post/list?pageNum=1&pageSize=10,1170,0,0
1777735335322,1209,获取帖子列表,200,,常规接口测试-50并发 1-27,text,true,,5517,179,41,46,http://localhost:8080/api/post/list?pageNum=1&pageSize=10,1124,0,0
1777735335318,1291,获取帖子列表,200,,常规接口测试-50并发 1-11,text,true,,5517,179,41,46,http://localhost:8080/api/post/list?pageNum=1&pageSize=10,1159,0,0
1777735335335,1298,获取帖子列表,200,,常规接口测试-50并发 1-37,text,true,,5517,179,41,46,http://localhost:8080/api/post/list?pageNum=1&pageSize=10,1163,0,0
1777735336219,433,用户登录,200,,常规接口测试-50并发 1-33,text,true,,319,218,41,46,http://localhost:8080/api/auth/login,295,0,0
1777735335389,1280,获取帖子列表,200,,常规接口测试-50并发 1-38,text,true,,5517,179,41,46,http://localhost:8080/api/post/list?pageNum=1&pageSize=10,1280,0,0
1777735336234,437,用户登录,200,,常规接口测试-50并发 1-24,text,true,,319,218,41,46,http://localhost:8080/api/auth/login,366,0,0
1777735335358,1313,获取帖子列表,200,,常规接口测试-50并发 1-50,text,true,,5517,179,41,46,http://localhost:8080/api/post/list?pageNum=1&pageSize=10,1245,0,0
1777735336266,439,用户登录,200,,常规接口测试-50并发 1-46,text,true,,319,218,41,46,http://localhost:8080/api/auth/login,390,0,0
1777735336054,665,高级筛选搜索,200,,常规接口测试-50并发 1-25,text,true,,5782,232,41,46,http://localhost:8080/api/post/list/filter?category=运动健身&pageNum=1&pageSize=10,611,0,1
1777735335387,1334,获取帖子列表,200,,常规接口测试-50并发 1-15,text,true,,5517,179,41,46,http://localhost:8080/api/post/list?pageNum=1&pageSize=10,1278,0,0
1777735335438,1325,获取帖子列表,200,,常规接口测试-50并发 1-28,text,true,,5517,179,41,46,http://localhost:8080/api/post/list?pageNum=1&pageSize=10,1298,0,0
1777735336210,557,高级筛选搜索,200,,常规接口测试-50并发 1-47,text,true,,5782,232,41,46,http://localhost:8080/api/post/list/filter?category=运动健身&pageNum=1&pageSize=10,528,0,1
1777735336326,444,用户注册,200,,常规接口测试-50并发 1-34,text,true,,724,253,41,46,http://localhost:8080/api/auth/register,417,0,0
1777735336213,576,高级筛选搜索,200,,常规接口测试-50并发 1-19,text,true,,5782,232,41,46,http://localhost:8080/api/post/list/filter?category=运动健身&pageNum=1&pageSize=10,538,0,0
1777735336298,502,关键词搜索,400,,常规接口测试-50并发 1-49,text,false,,332,183,41,46,http://localhost:8080/api/search/keyword?q=篮球,465,0,0
1777735336352,452,用户注册,200,,常规接口测试-50并发 1-18,text,true,,724,253,41,46,http://localhost:8080/api/auth/register,416,0,0
1777735336301,513,高级筛选搜索,200,,常规接口测试-50并发 1-26,text,true,,5782,232,41,46,http://localhost:8080/api/post/list/filter?category=运动健身&pageNum=1&pageSize=10,483,0,1
1777735336318,498,高级筛选搜索,200,,常规接口测试-50并发 1-14,text,true,,5782,232,41,46,http://localhost:8080/api/post/list/filter?category=运动健身&pageNum=1&pageSize=10,470,0,1
1777735336320,524,高级筛选搜索,200,,常规接口测试-50并发 1-48,text,true,,5782,232,41,46,http://localhost:8080/api/post/list/filter?category=运动健身&pageNum=1&pageSize=10,494,0,0
1777735335565,1287,获取帖子列表,200,,常规接口测试-50并发 1-29,text,true,,5517,179,41,46,http://localhost:8080/api/post/list?pageNum=1&pageSize=10,1284,0,0
1777735335579,1278,获取帖子列表,200,,常规接口测试-50并发 1-30,text,true,,5517,179,41,46,http://localhost:8080/api/post/list?pageNum=1&pageSize=10,1244,0,0
1777735335556,1316,获取帖子列表,200,,常规接口测试-50并发 1-39,text,true,,5517,179,41,46,http://localhost:8080/api/post/list?pageNum=1&pageSize=10,1284,0,0
1777735336338,534,高级筛选搜索,200,,常规接口测试-50并发 1-10,text,true,,5782,232,41,46,http://localhost:8080/api/post/list/filter?category=运动健身&pageNum=1&pageSize=10,503,0,1
1777735336335,539,高级筛选搜索,200,,常规接口测试-50并发 1-35,text,true,,5782,232,40,45,http://localhost:8080/api/post/list/filter?category=运动健身&pageNum=1&pageSize=10,507,0,0
1777735335576,1309,获取帖子列表,200,,常规接口测试-50并发 1-16,text,true,,5517,179,40,45,http://localhost:8080/api/post/list?pageNum=1&pageSize=10,1276,0,0
1777735335592,1301,获取帖子列表,200,,常规接口测试-50并发 1-40,text,true,,5517,179,40,45,http://localhost:8080/api/post/list?pageNum=1&pageSize=10,1266,0,0
1777735336427,537,关键词搜索,400,,常规接口测试-50并发 1-20,text,false,,332,183,40,45,http://localhost:8080/api/search/keyword?q=篮球,482,0,0
1777735336463,537,关键词搜索,400,,常规接口测试-50并发 1-21,text,false,,332,183,40,45,http://localhost:8080/api/search/keyword?q=篮球,490,0,0
1777735336633,378,关键词搜索,400,,常规接口测试-50并发 1-37,text,false,,332,183,40,45,http://localhost:8080/api/search/keyword?q=篮球,332,0,0
1777735336518,494,关键词搜索,400,,常规接口测试-50并发 1-36,text,false,,332,183,40,45,http://localhost:8080/api/search/keyword?q=篮球,451,0,0
1777735336532,496,关键词搜索,400,,常规接口测试-50并发 1-27,text,false,,332,183,40,45,http://localhost:8080/api/search/keyword?q=篮球,452,0,0
1777735336609,441,关键词搜索,400,,常规接口测试-50并发 1-11,text,false,,332,183,40,45,http://localhost:8080/api/search/keyword?q=篮球,398,0,0
1777735336719,336,用户注册,200,,常规接口测试-50并发 1-25,text,true,,724,253,40,45,http://localhost:8080/api/auth/register,298,0,0
1777735335699,1364,获取帖子列表,200,,常规接口测试-50并发 1-22,text,true,,5517,179,40,45,http://localhost:8080/api/post/list?pageNum=1&pageSize=10,1338,0,0
1777735336669,397,关键词搜索,400,,常规接口测试-50并发 1-38,text,false,,332,183,40,45,http://localhost:8080/api/search/keyword?q=篮球,377,0,0
1777735336671,398,关键词搜索,400,,常规接口测试-50并发 1-50,text,false,,332,183,40,45,http://localhost:8080/api/search/keyword?q=篮球,378,0,0
1777735336770,306,用户登录,200,,常规接口测试-50并发 1-34,text,true,,319,218,40,45,http://localhost:8080/api/auth/login,286,0,0
1777735336767,309,用户注册,200,,常规接口测试-50并发 1-47,text,true,,724,253,40,45,http://localhost:8080/api/auth/register,291,0,0
1777735336722,363,关键词搜索,400,,常规接口测试-50并发 1-15,text,false,,332,183,40,45,http://localhost:8080/api/search/keyword?q=篮球,342,0,0
1777735336789,305,用户注册,200,,常规接口测试-50并发 1-19,text,true,,723,252,40,45,http://localhost:8080/api/auth/register,279,0,0
1777735335735,1370,获取帖子列表,200,,常规接口测试-50并发 1-41,text,true,,5517,179,40,45,http://localhost:8080/api/post/list?pageNum=1&pageSize=10,1339,0,0
1777735336804,303,用户登录,200,,常规接口测试-50并发 1-18,text,true,,319,218,40,45,http://localhost:8080/api/auth/login,271,0,0
1777735335937,1174,获取帖子列表,200,,常规接口测试-50并发 1-31,text,true,,5517,179,40,45,http://localhost:8080/api/post/list?pageNum=1&pageSize=10,1142,0,0
1777735336814,300,用户注册,200,,常规接口测试-50并发 1-26,text,true,,724,253,40,45,http://localhost:8080/api/auth/register,269,0,0
1777735336816,302,用户注册,200,,常规接口测试-50并发 1-14,text,true,,722,253,40,45,http://localhost:8080/api/auth/register,276,0,0
1777735336763,357,关键词搜索,400,,常规接口测试-50并发 1-28,text,false,,332,183,40,45,http://localhost:8080/api/search/keyword?q=篮球,332,0,0
1777735335913,1216,获取帖子列表,200,,常规接口测试-50并发 1-42,text,true,,5517,179,40,45,http://localhost:8080/api/post/list?pageNum=1&pageSize=10,1197,0,0
1777735336844,294,用户注册,200,,常规接口测试-50并发 1-48,text,true,,724,253,40,45,http://localhost:8080/api/auth/register,272,0,0
1777735335965,1179,获取帖子列表,200,,常规接口测试-50并发 1-12,text,true,,5517,179,40,45,http://localhost:8080/api/post/list?pageNum=1&pageSize=10,1155,0,0
1777735336800,349,高级筛选搜索,200,,常规接口测试-50并发 1-49,text,true,,5782,232,40,45,http://localhost:8080/api/post/list/filter?category=运动健身&pageNum=1&pageSize=10,326,0,1
1777735336875,297,用户注册,200,,常规接口测试-50并发 1-35,text,true,,724,253,40,45,http://localhost:8080/api/auth/register,272,0,0
1777735336022,1162,获取帖子列表,200,,常规接口测试-50并发 1-43,text,true,,5517,179,40,45,http://localhost:8080/api/post/list?pageNum=1&pageSize=10,1136,0,0
1777735336885,300,关键词搜索,400,,常规接口测试-50并发 1-16,text,false,,332,183,40,45,http://localhost:8080/api/search/keyword?q=篮球,274,0,0
1777735336852,335,关键词搜索,400,,常规接口测试-50并发 1-29,text,false,,332,183,40,45,http://localhost:8080/api/search/keyword?q=篮球,308,0,0
1777735336857,336,关键词搜索,400,,常规接口测试-50并发 1-30,text,false,,332,183,40,45,http://localhost:8080/api/search/keyword?q=篮球,309,0,0
1777735336873,330,关键词搜索,400,,常规接口测试-50并发 1-39,text,false,,332,183,40,45,http://localhost:8080/api/search/keyword?q=篮球,301,0,0
1777735336894,329,关键词搜索,400,,常规接口测试-50并发 1-40,text,false,,332,183,40,45,http://localhost:8080/api/search/keyword?q=篮球,295,0,0
1777735336082,1143,获取帖子列表,200,,常规接口测试-50并发 1-23,text,true,,5517,179,40,45,http://localhost:8080/api/post/list?pageNum=1&pageSize=10,1111,0,0
1777735336071,1157,获取帖子列表,200,,常规接口测试-50并发 1-17,text,true,,5517,179,40,45,http://localhost:8080/api/post/list?pageNum=1&pageSize=10,1124,0,0
1777735336197,1042,获取帖子列表,200,,常规接口测试-50并发 1-32,text,true,,5517,179,40,45,http://localhost:8080/api/post/list?pageNum=1&pageSize=10,1013,0,0
1777735337055,211,用户登录,200,,常规接口测试-50并发 1-25,text,true,,319,218,40,45,http://localhost:8080/api/auth/login,186,0,0
1777735336964,321,高级筛选搜索,200,,常规接口测试-50并发 1-20,text,true,,5782,232,40,45,http://localhost:8080/api/post/list/filter?category=运动健身&pageNum=1&pageSize=10,299,0,0
1777735337076,213,用户登录,200,,常规接口测试-50并发 1-47,text,true,,319,218,40,45,http://localhost:8080/api/auth/login,191,0,0
1777735337119,193,用户登录,200,,常规接口测试-50并发 1-14,text,true,,319,218,40,45,http://localhost:8080/api/auth/login,164,0,0
1777735337094,219,用户登录,200,,常规接口测试-50并发 1-19,text,true,,319,218,40,45,http://localhost:8080/api/auth/login,190,0,0
1777735337063,313,关键词搜索,400,,常规接口测试-50并发 1-22,text,false,,332,183,40,45,http://localhost:8080/api/search/keyword?q=篮球,229,0,0
1777735336317,1061,获取帖子列表,200,,常规接口测试-50并发 1-44,text,true,,5517,179,40,45,http://localhost:8080/api/post/list?pageNum=1&pageSize=10,976,0,0
1777735337000,380,高级筛选搜索,200,,常规接口测试-50并发 1-21,text,true,,5782,232,40,45,http://localhost:8080/api/post/list/filter?category=运动健身&pageNum=1&pageSize=10,295,0,1
1777735337011,370,高级筛选搜索,200,,常规接口测试-50并发 1-37,text,true,,5782,232,40,45,http://localhost:8080/api/post/list/filter?category=运动健身&pageNum=1&pageSize=10,284,0,0
1777735337012,375,高级筛选搜索,200,,常规接口测试-50并发 1-36,text,true,,5782,232,40,45,http://localhost:8080/api/post/list/filter?category=运动健身&pageNum=1&pageSize=10,292,0,1
1777735337114,276,用户登录,200,,常规接口测试-50并发 1-26,text,true,,319,218,40,45,http://localhost:8080/api/auth/login,195,0,0
1777735337028,365,高级筛选搜索,200,,常规接口测试-50并发 1-27,text,true,,5782,232,40,45,http://localhost:8080/api/post/list/filter?category=运动健身&pageNum=1&pageSize=10,287,0,1
1777735337050,355,高级筛选搜索,200,,常规接口测试-50并发 1-11,text,true,,5782,232,40,45,http://localhost:8080/api/post/list/filter?category=运动健身&pageNum=1&pageSize=10,333,0,0
1777735337138,271,用户登录,200,,常规接口测试-50并发 1-48,text,true,,319,218,39,44,http://localhost:8080/api/auth/login,251,0,0
1777735337105,306,关键词搜索,400,,常规接口测试-50并发 1-41,text,false,,332,183,39,44,http://localhost:8080/api/search/keyword?q=篮球,286,0,0
1777735337112,303,关键词搜索,400,,常规接口测试-50并发 1-31,text,false,,332,183,39,44,http://localhost:8080/api/search/keyword?q=篮球,284,0,0
1777735337149,276,用户注册,200,,常规接口测试-50并发 1-49,text,true,,724,253,39,44,http://localhost:8080/api/auth/register,259,0,0
1777735337067,360,高级筛选搜索,200,,常规接口测试-50并发 1-38,text,true,,5782,232,39,44,http://localhost:8080/api/post/list/filter?category=运动健身&pageNum=1&pageSize=10,342,0,0
1777735337172,258,用户登录,200,,常规接口测试-50并发 1-35,text,true,,319,218,39,44,http://localhost:8080/api/auth/login,241,0,0
1777735337130,300,关键词搜索,400,,常规接口测试-50并发 1-42,text,false,,332,183,39,44,http://localhost:8080/api/search/keyword?q=篮球,284,0,0
1777735337070,364,高级筛选搜索,200,,常规接口测试-50并发 1-50,text,true,,5782,232,39,44,http://localhost:8080/api/post/list/filter?category=运动健身&pageNum=1&pageSize=10,349,0,0
1777735337086,352,高级筛选搜索,200,,常规接口测试-50并发 1-15,text,true,,5782,232,39,44,http://localhost:8080/api/post/list/filter?category=运动健身&pageNum=1&pageSize=10,338,0,0
1777735337144,295,关键词搜索,400,,常规接口测试-50并发 1-12,text,false,,332,183,39,44,http://localhost:8080/api/search/keyword?q=篮球,281,0,0
1777735337121,331,高级筛选搜索,200,,常规接口测试-50并发 1-28,text,true,,5782,232,39,44,http://localhost:8080/api/post/list/filter?category=运动健身&pageNum=1&pageSize=10,312,0,0
1777735336396,1059,获取帖子列表,200,,常规接口测试-50并发 1-45,text,true,,5517,179,39,44,http://localhost:8080/api/post/list?pageNum=1&pageSize=10,1039,0,0
1777735336406,1052,获取帖子列表,200,,常规接口测试-50并发 1-13,text,true,,5517,179,39,44,http://localhost:8080/api/post/list?pageNum=1&pageSize=10,1030,0,0
1777735337185,304,关键词搜索,400,,常规接口测试-50并发 1-43,text,false,,332,183,39,44,http://localhost:8080/api/search/keyword?q=篮球,268,0,0
1777735337187,305,高级筛选搜索,200,,常规接口测试-50并发 1-29,text,true,,5782,232,39,44,http://localhost:8080/api/post/list/filter?category=运动健身&pageNum=1&pageSize=10,266,0,1
1777735337228,312,关键词搜索,400,,常规接口测试-50并发 1-17,text,false,,332,183,39,44,http://localhost:8080/api/search/keyword?q=篮球,272,0,0
1777735337225,315,关键词搜索,400,,常规接口测试-50并发 1-23,text,false,,332,183,39,44,http://localhost:8080/api/search/keyword?q=篮球,274,0,0
1777735336652,891,获取帖子列表,200,,常规接口测试-50并发 1-33,text,true,,5517,179,39,44,http://localhost:8080/api/post/list?pageNum=1&pageSize=10,850,0,0
1777735337185,359,高级筛选搜索,200,,常规接口测试-50并发 1-16,text,true,,5782,232,39,44,http://localhost:8080/api/post/list/filter?category=运动健身&pageNum=1&pageSize=10,319,0,1
1777735337193,356,高级筛选搜索,200,,常规接口测试-50并发 1-30,text,true,,5782,232,39,44,http://localhost:8080/api/post/list/filter?category=运动健身&pageNum=1&pageSize=10,317,0,1
1777735337203,350,高级筛选搜索,200,,常规接口测试-50并发 1-39,text,true,,5782,232,39,44,http://localhost:8080/api/post/list/filter?category=运动健身&pageNum=1&pageSize=10,314,0,1
1777735337239,315,关键词搜索,400,,常规接口测试-50并发 1-32,text,false,,332,183,39,44,http://localhost:8080/api/search/keyword?q=篮球,282,0,0
1777735336671,889,获取帖子列表,200,,常规接口测试-50并发 1-24,text,true,,5517,179,39,44,http://localhost:8080/api/post/list?pageNum=1&pageSize=10,860,0,0
1777735337285,289,用户注册,200,,常规接口测试-50并发 1-20,text,true,,724,253,39,44,http://localhost:8080/api/auth/register,261,0,0
1777735337223,358,高级筛选搜索,200,,常规接口测试-50并发 1-40,text,true,,5782,232,39,44,http://localhost:8080/api/post/list/filter?category=运动健身&pageNum=1&pageSize=10,329,0,0
1777735337380,233,用户注册,200,,常规接口测试-50并发 1-21,text,true,,724,253,39,44,http://localhost:8080/api/auth/register,193,0,0
1777735337381,236,用户注册,200,,常规接口测试-50并发 1-37,text,true,,724,253,39,44,http://localhost:8080/api/auth/register,195,0,0
1777735336705,925,获取帖子列表,200,,常规接口测试-50并发 1-46,text,true,,5517,179,39,44,http://localhost:8080/api/post/list?pageNum=1&pageSize=10,875,0,0
1777735337387,250,用户注册,200,,常规接口测试-50并发 1-36,text,true,,724,253,39,44,http://localhost:8080/api/auth/register,197,0,0
1777735337393,255,用户注册,200,,常规接口测试-50并发 1-27,text,true,,724,253,39,44,http://localhost:8080/api/auth/register,198,0,0
1777735337376,299,高级筛选搜索,200,,常规接口测试-50并发 1-22,text,true,,5782,232,39,44,http://localhost:8080/api/post/list/filter?category=运动健身&pageNum=1&pageSize=10,269,0,0
1777735337378,303,关键词搜索,400,,常规接口测试-50并发 1-44,text,false,,332,183,39,44,http://localhost:8080/api/search/keyword?q=篮球,274,0,0
1777735337426,265,用户登录,200,,常规接口测试-50并发 1-49,text,true,,319,218,39,44,http://localhost:8080/api/auth/login,240,0,0
1777735337427,286,用户注册,200,,常规接口测试-50并发 1-38,text,true,,724,253,39,44,http://localhost:8080/api/auth/register,255,0,0
1777735337434,292,用户注册,200,,常规接口测试-50并发 1-50,text,true,,724,253,39,44,http://localhost:8080/api/auth/register,268,0,0
1777735337438,291,用户注册,200,,常规接口测试-50并发 1-15,text,true,,724,253,39,44,http://localhost:8080/api/auth/register,267,0,0
1777735337453,292,用户注册,200,,常规接口测试-50并发 1-28,text,true,,724,253,39,44,http://localhost:8080/api/auth/register,266,0,0
1777735337411,339,高级筛选搜索,200,,常规接口测试-50并发 1-41,text,true,,5782,232,39,44,http://localhost:8080/api/post/list/filter?category=运动健身&pageNum=1&pageSize=10,313,0,0
1777735337415,345,高级筛选搜索,200,,常规接口测试-50并发 1-31,text,true,,5782,232,39,44,http://localhost:8080/api/post/list/filter?category=运动健身&pageNum=1&pageSize=10,317,0,1
1777735337492,283,用户注册,200,,常规接口测试-50并发 1-29,text,true,,724,253,39,44,http://localhost:8080/api/auth/register,255,0,0
1777735337455,331,关键词搜索,400,,常规接口测试-50并发 1-45,text,false,,332,183,39,44,http://localhost:8080/api/search/keyword?q=篮球,308,0,0
1777735337458,332,关键词搜索,400,,常规接口测试-50并发 1-13,text,false,,332,183,39,44,http://localhost:8080/api/search/keyword?q=篮球,309,0,0
1777735337431,382,高级筛选搜索,200,,常规接口测试-50并发 1-42,text,true,,5782,232,39,44,http://localhost:8080/api/post/list/filter?category=运动健身&pageNum=1&pageSize=10,349,0,0
1777735337544,272,用户注册,200,,常规接口测试-50并发 1-16,text,true,,723,252,39,44,http://localhost:8080/api/auth/register,236,0,0
1777735337440,385,高级筛选搜索,200,,常规接口测试-50并发 1-12,text,true,,5782,232,39,44,http://localhost:8080/api/post/list/filter?category=运动健身&pageNum=1&pageSize=10,348,0,1
1777735337549,283,用户注册,200,,常规接口测试-50并发 1-30,text,true,,724,253,38,43,http://localhost:8080/api/auth/register,243,0,0
1777735337553,285,用户注册,200,,常规接口测试-50并发 1-39,text,true,,724,253,38,43,http://localhost:8080/api/auth/register,246,0,0
1777735337575,272,用户登录,200,,常规接口测试-50并发 1-20,text,true,,319,218,38,43,http://localhost:8080/api/auth/login,234,0,0
1777735337581,289,用户注册,200,,常规接口测试-50并发 1-40,text,true,,724,253,38,43,http://localhost:8080/api/auth/register,254,0,0
1777735337543,328,关键词搜索,400,,常规接口测试-50并发 1-33,text,false,,332,183,38,43,http://localhost:8080/api/search/keyword?q=篮球,293,0,0
1777735337613,267,用户登录,200,,常规接口测试-50并发 1-21,text,true,,319,218,38,43,http://localhost:8080/api/auth/login,233,0,0
1777735337617,267,用户登录,200,,常规接口测试-50并发 1-37,text,true,,319,218,38,43,http://localhost:8080/api/auth/login,233,0,0
1777735337637,251,用户登录,200,,常规接口测试-50并发 1-36,text,true,,319,218,38,43,http://localhost:8080/api/auth/login,220,0,0
1777735337560,331,关键词搜索,400,,常规接口测试-50并发 1-24,text,false,,332,183,38,43,http://localhost:8080/api/search/keyword?q=篮球,302,0,0
1777735337489,404,高级筛选搜索,200,,常规接口测试-50并发 1-43,text,true,,5782,232,38,43,http://localhost:8080/api/post/list/filter?category=运动健身&pageNum=1&pageSize=10,376,0,1
1777735337648,247,用户登录,200,,常规接口测试-50并发 1-27,text,true,,319,218,38,43,http://localhost:8080/api/auth/login,220,0,0
1777735337675,242,用户注册,200,,常规接口测试-50并发 1-22,text,true,,724,253,38,43,http://localhost:8080/api/auth/register,223,0,0
1777735337540,380,高级筛选搜索,200,,常规接口测试-50并发 1-23,text,true,,5782,232,38,43,http://localhost:8080/api/post/list/filter?category=运动健身&pageNum=1&pageSize=10,361,0,1
1777735337540,381,高级筛选搜索,200,,常规接口测试-50并发 1-17,text,true,,5782,232,38,43,http://localhost:8080/api/post/list/filter?category=运动健身&pageNum=1&pageSize=10,362,0,1
1777735337630,292,关键词搜索,400,,常规接口测试-50并发 1-46,text,false,,332,183,38,43,http://localhost:8080/api/search/keyword?q=篮球,272,0,0
1777735337555,375,高级筛选搜索,200,,常规接口测试-50并发 1-32,text,true,,5782,232,38,43,http://localhost:8080/api/post/list/filter?category=运动健身&pageNum=1&pageSize=10,353,0,0
1777735337076,861,获取帖子列表,200,,常规接口测试-50并发 1-34,text,true,,5517,179,38,43,http://localhost:8080/api/post/list?pageNum=1&pageSize=10,834,0,0
1777735337713,235,用户登录,200,,常规接口测试-50并发 1-38,text,true,,319,218,38,43,http://localhost:8080/api/auth/login,206,0,0
1777735337107,847,获取帖子列表,200,,常规接口测试-50并发 1-18,text,true,,5517,179,38,43,http://localhost:8080/api/post/list?pageNum=1&pageSize=10,820,0,0
1777735337726,231,用户登录,200,,常规接口测试-50并发 1-50,text,true,,319,218,38,43,http://localhost:8080/api/auth/login,209,0,0
1777735337729,231,用户登录,200,,常规接口测试-50并发 1-15,text,true,,319,218,38,43,http://localhost:8080/api/auth/login,210,0,0
1777735337681,282,高级筛选搜索,200,,常规接口测试-50并发 1-44,text,true,,5782,232,38,43,http://localhost:8080/api/post/list/filter?category=运动健身&pageNum=1&pageSize=10,260,0,0
1777735337745,229,用户登录,200,,常规接口测试-50并发 1-28,text,true,,319,218,38,43,http://localhost:8080/api/auth/login,207,0,0
1777735337750,236,用户注册,200,,常规接口测试-50并发 1-41,text,true,,724,253,38,43,http://localhost:8080/api/auth/register,212,0,0
1777735337761,243,用户注册,200,,常规接口测试-50并发 1-31,text,true,,724,253,38,43,http://localhost:8080/api/auth/register,213,0,0
1777735337775,232,用户登录,200,,常规接口测试-50并发 1-29,text,true,,319,218,38,43,http://localhost:8080/api/auth/login,203,0,0
1777735337817,222,用户登录,200,,常规接口测试-50并发 1-16,text,true,,319,218,38,43,http://localhost:8080/api/auth/login,194,0,0
1777735337814,237,用户注册,200,,常规接口测试-50并发 1-42,text,true,,724,253,38,43,http://localhost:8080/api/auth/register,203,0,0
1777735337833,223,用户登录,200,,常规接口测试-50并发 1-30,text,true,,319,218,38,43,http://localhost:8080/api/auth/login,189,0,0
1777735337838,225,用户登录,200,,常规接口测试-50并发 1-39,text,true,,319,218,38,43,http://localhost:8080/api/auth/login,189,0,0
1777735337870,234,用户登录,200,,常规接口测试-50并发 1-40,text,true,,319,218,38,43,http://localhost:8080/api/auth/login,188,0,0
1777735337893,219,用户注册,200,,常规接口测试-50并发 1-43,text,true,,724,253,38,43,http://localhost:8080/api/auth/register,171,0,0
1777735337289,860,获取帖子列表,200,,常规接口测试-50并发 1-47,text,true,,5517,179,38,43,http://localhost:8080/api/post/list?pageNum=1&pageSize=10,817,0,0
1777735337266,898,获取帖子列表,200,,常规接口测试-50并发 1-25,text,true,,5517,179,38,43,http://localhost:8080/api/post/list?pageNum=1&pageSize=10,856,0,0
1777735337790,389,高级筛选搜索,200,,常规接口测试-50并发 1-13,text,true,,5782,232,38,43,http://localhost:8080/api/post/list/filter?category=运动健身&pageNum=1&pageSize=10,347,0,1
1777735337312,872,获取帖子列表,200,,常规接口测试-50并发 1-14,text,true,,5517,179,37,42,http://localhost:8080/api/post/list?pageNum=1&pageSize=10,832,0,0
1777735337917,272,用户登录,200,,常规接口测试-50并发 1-22,text,true,,319,218,37,42,http://localhost:8080/api/auth/login,236,0,0
1777735337787,405,高级筛选搜索,200,,常规接口测试-50并发 1-45,text,true,,5782,232,37,42,http://localhost:8080/api/post/list/filter?category=运动健身&pageNum=1&pageSize=10,372,0,0
1777735337921,274,用户注册,200,,常规接口测试-50并发 1-23,text,true,,724,253,37,42,http://localhost:8080/api/auth/register,245,0,0
1777735337921,276,用户注册,200,,常规接口测试-50并发 1-17,text,true,,722,253,37,42,http://localhost:8080/api/auth/register,248,0,0
1777735337313,888,获取帖子列表,200,,常规接口测试-50并发 1-19,text,true,,5517,179,37,42,http://localhost:8080/api/post/list?pageNum=1&pageSize=10,865,0,0
1777735337931,275,用户注册,200,,常规接口测试-50并发 1-32,text,true,,724,253,37,42,http://localhost:8080/api/auth/register,252,0,0
1777735337871,356,高级筛选搜索,200,,常规接口测试-50并发 1-33,text,true,,5782,232,37,42,http://localhost:8080/api/post/list/filter?category=运动健身&pageNum=1&pageSize=10,326,0,1
1777735337891,351,高级筛选搜索,200,,常规接口测试-50并发 1-24,text,true,,5782,232,37,42,http://localhost:8080/api/post/list/filter?category=运动健身&pageNum=1&pageSize=10,313,0,0
1777735337390,858,获取帖子列表,200,,常规接口测试-50并发 1-26,text,true,,5517,179,37,42,http://localhost:8080/api/post/list?pageNum=1&pageSize=10,817,0,0
1777735337964,298,用户注册,200,,常规接口测试-50并发 1-44,text,true,,724,253,37,42,http://localhost:8080/api/auth/register,248,0,0
1777735337922,357,高级筛选搜索,200,,常规接口测试-50并发 1-46,text,true,,5782,232,37,42,http://localhost:8080/api/post/list/filter?category=运动健身&pageNum=1&pageSize=10,301,0,1
1777735337937,352,关键词搜索,400,,常规接口测试-50并发 1-34,text,false,,332,183,37,42,http://localhost:8080/api/search/keyword?q=篮球,296,0,0
1777735337410,881,获取帖子列表,200,,常规接口测试-50并发 1-48,text,true,,5517,179,37,42,http://localhost:8080/api/post/list?pageNum=1&pageSize=10,825,0,0
1777735337986,310,用户登录,200,,常规接口测试-50并发 1-41,text,true,,319,218,37,42,http://localhost:8080/api/auth/login,253,0,0
1777735337954,361,关键词搜索,400,,常规接口测试-50并发 1-18,text,false,,332,183,37,42,http://localhost:8080/api/search/keyword?q=篮球,315,0,0
1777735338004,315,用户登录,200,,常规接口测试-50并发 1-31,text,true,,319,218,37,42,http://localhost:8080/api/auth/login,272,0,0
1777735337430,900,获取帖子列表,200,,常规接口测试-50并发 1-35,text,true,,5517,179,37,42,http://localhost:8080/api/post/list?pageNum=1&pageSize=10,871,0,0
1777735338051,312,用户登录,200,,常规接口测试-50并发 1-42,text,true,,319,218,37,42,http://localhost:8080/api/auth/login,284,0,0
1777735338113,281,用户登录,200,,常规接口测试-50并发 1-43,text,true,,319,218,37,42,http://localhost:8080/api/auth/login,255,0,0
1777735338196,283,用户登录,200,,常规接口测试-50并发 1-23,text,true,,319,218,37,42,http://localhost:8080/api/auth/login,240,0,0
1777735338197,284,用户登录,200,,常规接口测试-50并发 1-17,text,true,,319,218,37,42,http://localhost:8080/api/auth/login,242,0,0
1777735338192,292,用户注册,200,,常规接口测试-50并发 1-45,text,true,,724,253,37,42,http://localhost:8080/api/auth/register,250,0,0
1777735338149,338,关键词搜索,400,,常规接口测试-50并发 1-47,text,false,,332,183,37,42,http://localhost:8080/api/search/keyword?q=篮球,293,0,0
1777735338164,329,关键词搜索,400,,常规接口测试-50并发 1-25,text,false,,332,183,37,42,http://localhost:8080/api/search/keyword?q=篮球,289,0,0
1777735338206,290,用户登录,200,,常规接口测试-50并发 1-32,text,true,,319,218,37,42,http://localhost:8080/api/auth/login,255,0,0
1777735338185,326,关键词搜索,400,,常规接口测试-50并发 1-14,text,false,,332,183,37,42,http://localhost:8080/api/search/keyword?q=篮球,299,0,0
1777735338228,293,用户注册,200,,常规接口测试-50并发 1-33,text,true,,723,252,37,42,http://localhost:8080/api/auth/register,262,0,0
1777735338263,290,用户登录,200,,常规接口测试-50并发 1-44,text,true,,319,218,37,42,http://localhost:8080/api/auth/login,237,0,0
1777735338243,313,用户注册,200,,常规接口测试-50并发 1-24,text,true,,724,253,37,42,http://localhost:8080/api/auth/register,257,0,0
1777735338201,358,关键词搜索,400,,常规接口测试-50并发 1-19,text,false,,332,183,37,42,http://localhost:8080/api/search/keyword?q=篮球,302,0,0
1777735338280,299,用户注册,200,,常规接口测试-50并发 1-46,text,true,,723,252,37,42,http://localhost:8080/api/auth/register,239,0,0
1777735337691,893,获取帖子列表,200,,常规接口测试-50并发 1-49,text,true,,5517,179,37,42,http://localhost:8080/api/post/list?pageNum=1&pageSize=10,848,0,0
1777735338250,351,关键词搜索,400,,常规接口测试-50并发 1-26,text,false,,332,183,37,42,http://localhost:8080/api/search/keyword?q=篮球,317,0,0
1777735338292,326,关键词搜索,400,,常规接口测试-50并发 1-48,text,false,,332,183,37,42,http://localhost:8080/api/search/keyword?q=篮球,297,0,0
1777735338331,320,关键词搜索,400,,常规接口测试-50并发 1-35,text,false,,332,183,37,42,http://localhost:8080/api/search/keyword?q=篮球,291,0,0
1777735338290,392,高级筛选搜索,200,,常规接口测试-50并发 1-34,text,true,,5782,232,37,42,http://localhost:8080/api/post/list/filter?category=运动健身&pageNum=1&pageSize=10,369,0,1
1777735338316,384,高级筛选搜索,200,,常规接口测试-50并发 1-18,text,true,,5782,232,37,42,http://localhost:8080/api/post/list/filter?category=运动健身&pageNum=1&pageSize=10,362,0,0
1777735338485,240,用户登录,200,,常规接口测试-50并发 1-45,text,true,,319,218,37,42,http://localhost:8080/api/auth/login,221,0,0
1777735338523,232,用户登录,200,,常规接口测试-50并发 1-33,text,true,,319,218,37,42,http://localhost:8080/api/auth/login,211,0,0
1777735338557,209,用户登录,200,,常规接口测试-50并发 1-24,text,true,,319,218,37,42,http://localhost:8080/api/auth/login,194,0,0
1777735338580,194,用户登录,200,,常规接口测试-50并发 1-46,text,true,,319,218,37,42,http://localhost:8080/api/auth/login,177,0,0
1777735338585,214,关键词搜索,400,,常规接口测试-50并发 1-49,text,false,,332,183,37,42,http://localhost:8080/api/search/keyword?q=篮球,200,0,0
1777735337881,970,获取帖子列表,200,,常规接口测试-50并发 1-21,text,true,,5517,179,37,42,http://localhost:8080/api/post/list?pageNum=1&pageSize=10,949,0,0
1777735338682,193,用户注册,200,,常规接口测试-50并发 1-34,text,true,,724,253,37,42,http://localhost:8080/api/auth/register,177,0,0
1777735337895,983,获取帖子列表,200,,常规接口测试-50并发 1-27,text,true,,5517,179,37,42,http://localhost:8080/api/post/list?pageNum=1&pageSize=10,968,0,0
1777735337884,996,获取帖子列表,200,,常规接口测试-50并发 1-37,text,true,,5517,179,37,42,http://localhost:8080/api/post/list?pageNum=1&pageSize=10,981,0,0
1777735338700,188,用户注册,200,,常规接口测试-50并发 1-18,text,true,,724,253,37,42,http://localhost:8080/api/auth/register,170,0,0
1777735337848,1041,获取帖子列表,200,,常规接口测试-50并发 1-20,text,true,,5517,179,37,42,http://localhost:8080/api/post/list?pageNum=1&pageSize=10,1024,0,0
1777735338494,450,高级筛选搜索,200,,常规接口测试-50并发 1-25,text,true,,5782,232,37,42,http://localhost:8080/api/post/list/filter?category=运动健身&pageNum=1&pageSize=10,430,0,0
1777735338488,483,高级筛选搜索,200,,常规接口测试-50并发 1-47,text,true,,5782,232,37,42,http://localhost:8080/api/post/list/filter?category=运动健身&pageNum=1&pageSize=10,459,0,1
1777735338512,470,高级筛选搜索,200,,常规接口测试-50并发 1-14,text,true,,5782,232,37,42,http://localhost:8080/api/post/list/filter?category=运动健身&pageNum=1&pageSize=10,445,0,1
1777735337888,1093,获取帖子列表,200,,常规接口测试-50并发 1-36,text,true,,5517,179,37,42,http://localhost:8080/api/post/list?pageNum=1&pageSize=10,1071,0,0
1777735338601,425,高级筛选搜索,200,,常规接口测试-50并发 1-26,text,true,,5782,232,36,41,http://localhost:8080/api/post/list/filter?category=运动健身&pageNum=1&pageSize=10,396,0,1
1777735338561,472,高级筛选搜索,200,,常规接口测试-50并发 1-19,text,true,,5782,232,36,41,http://localhost:8080/api/post/list/filter?category=运动健身&pageNum=1&pageSize=10,443,0,1
1777735337948,1098,获取帖子列表,200,,常规接口测试-50并发 1-38,text,true,,5517,179,36,41,http://localhost:8080/api/post/list?pageNum=1&pageSize=10,1066,0,0
1777735338619,437,高级筛选搜索,200,,常规接口测试-50并发 1-48,text,true,,5782,232,36,41,http://localhost:8080/api/post/list/filter?category=运动健身&pageNum=1&pageSize=10,410,0,0
1777735338875,205,用户登录,200,,常规接口测试-50并发 1-34,text,true,,319,218,36,41,http://localhost:8080/api/auth/login,172,0,0
1777735338852,232,关键词搜索,400,,常规接口测试-50并发 1-21,text,false,,332,183,36,41,http://localhost:8080/api/search/keyword?q=篮球,199,0,0
1777735338888,234,用户登录,200,,常规接口测试-50并发 1-18,text,true,,319,218,36,41,http://localhost:8080/api/auth/login,190,0,0
1777735338651,496,高级筛选搜索,200,,常规接口测试-50并发 1-35,text,true,,5782,232,36,41,http://localhost:8080/api/post/list/filter?category=运动健身&pageNum=1&pageSize=10,451,0,1
1777735337974,1180,获取帖子列表,200,,常规接口测试-50并发 1-28,text,true,,5517,179,36,41,http://localhost:8080/api/post/list?pageNum=1&pageSize=10,1135,0,0
1777735338879,280,关键词搜索,400,,常规接口测试-50并发 1-27,text,false,,332,183,36,41,http://localhost:8080/api/search/keyword?q=篮球,234,0,0
1777735338881,283,关键词搜索,400,,常规接口测试-50并发 1-37,text,false,,332,183,36,41,http://localhost:8080/api/search/keyword?q=篮球,237,0,0
1777735338890,282,关键词搜索,400,,常规接口测试-50并发 1-20,text,false,,332,183,36,41,http://localhost:8080/api/search/keyword?q=篮球,246,0,0
1777735337961,1219,获取帖子列表,200,,常规接口测试-50并发 1-15,text,true,,5517,179,36,41,http://localhost:8080/api/post/list?pageNum=1&pageSize=10,1188,0,0
1777735337957,1231,获取帖子列表,200,,常规接口测试-50并发 1-50,text,true,,5517,179,36,41,http://localhost:8080/api/post/list?pageNum=1&pageSize=10,1204,0,0
1777735338944,268,用户注册,200,,常规接口测试-50并发 1-25,text,true,,724,253,36,41,http://localhost:8080/api/auth/register,248,0,0
1777735338799,428,高级筛选搜索,200,,常规接口测试-50并发 1-49,text,true,,5782,232,36,41,http://localhost:8080/api/post/list/filter?category=运动健身&pageNum=1&pageSize=10,401,0,0
1777735338971,265,用户注册,200,,常规接口测试-50并发 1-47,text,true,,724,253,36,41,http://localhost:8080/api/auth/register,239,0,0
1777735338982,297,关键词搜索,400,,常规接口测试-50并发 1-36,text,false,,332,183,36,41,http://localhost:8080/api/search/keyword?q=篮球,271,0,0
1777735338007,1274,获取帖子列表,200,,常规接口测试-50并发 1-29,text,true,,5517,179,36,41,http://localhost:8080/api/post/list?pageNum=1&pageSize=10,1248,0,0
1777735339026,265,用户注册,200,,常规接口测试-50并发 1-26,text,true,,724,253,36,41,http://localhost:8080/api/auth/register,241,0,0
1777735339033,264,用户注册,200,,常规接口测试-50并发 1-19,text,true,,723,252,36,41,http://localhost:8080/api/auth/register,239,0,0
1777735338056,1257,获取帖子列表,200,,常规接口测试-50并发 1-30,text,true,,5517,179,36,41,http://localhost:8080/api/post/list?pageNum=1&pageSize=10,1234,0,0
1777735339056,261,用户注册,200,,常规接口测试-50并发 1-48,text,true,,724,253,36,41,http://localhost:8080/api/auth/register,238,0,0
1777735338039,1286,获取帖子列表,200,,常规接口测试-50并发 1-16,text,true,,5517,179,36,41,http://localhost:8080/api/post/list?pageNum=1&pageSize=10,1260,0,0
1777735338063,1275,获取帖子列表,200,,常规接口测试-50并发 1-39,text,true,,5517,179,36,41,http://localhost:8080/api/post/list?pageNum=1&pageSize=10,1244,0,0
1777735339047,296,关键词搜索,400,,常规接口测试-50并发 1-38,text,false,,332,183,36,41,http://localhost:8080/api/search/keyword?q=篮球,267,0,0
1777735339148,230,用户注册,200,,常规接口测试-50并发 1-35,text,true,,724,253,36,41,http://localhost:8080/api/auth/register,201,0,0
1777735338104,1289,获取帖子列表,200,,常规接口测试-50并发 1-40,text,true,,5517,179,36,41,http://localhost:8080/api/post/list?pageNum=1&pageSize=10,1252,0,0
1777735339156,272,关键词搜索,400,,常规接口测试-50并发 1-28,text,false,,332,183,36,41,http://localhost:8080/api/search/keyword?q=篮球,243,0,0
1777735339212,231,用户登录,200,,常规接口测试-50并发 1-25,text,true,,319,218,36,41,http://localhost:8080/api/auth/login,210,0,0
1777735339181,266,关键词搜索,400,,常规接口测试-50并发 1-15,text,false,,332,183,36,41,http://localhost:8080/api/search/keyword?q=篮球,243,0,0
1777735339190,264,关键词搜索,400,,常规接口测试-50并发 1-50,text,false,,332,183,36,41,http://localhost:8080/api/search/keyword?q=篮球,238,0,0
1777735339237,227,用户登录,200,,常规接口测试-50并发 1-47,text,true,,319,218,36,41,http://localhost:8080/api/auth/login,199,0,0
1777735339227,237,用户注册,200,,常规接口测试-50并发 1-49,text,true,,724,253,36,41,http://localhost:8080/api/auth/register,209,0,0
1777735339085,413,高级筛选搜索,200,,常规接口测试-50并发 1-21,text,true,,5782,232,36,41,http://localhost:8080/api/post/list/filter?category=运动健身&pageNum=1&pageSize=10,379,0,0
1777735339159,353,高级筛选搜索,200,,常规接口测试-50并发 1-27,text,true,,5782,232,36,41,http://localhost:8080/api/post/list/filter?category=运动健身&pageNum=1&pageSize=10,330,0,1
1777735338189,1324,获取帖子列表,200,,常规接口测试-50并发 1-22,text,true,,5517,179,36,41,http://localhost:8080/api/post/list?pageNum=1&pageSize=10,1302,0,0
1777735339173,343,高级筛选搜索,200,,常规接口测试-50并发 1-20,text,true,,5782,232,36,41,http://localhost:8080/api/post/list/filter?category=运动健身&pageNum=1&pageSize=10,323,0,0
1777735339291,230,用户登录,200,,常规接口测试-50并发 1-26,text,true,,319,218,36,41,http://localhost:8080/api/auth/login,213,0,0
1777735339164,361,高级筛选搜索,200,,常规接口测试-50并发 1-37,text,true,,5782,232,36,41,http://localhost:8080/api/post/list/filter?category=运动健身&pageNum=1&pageSize=10,342,0,1
1777735339317,210,用户登录,200,,常规接口测试-50并发 1-48,text,true,,319,218,36,41,http://localhost:8080/api/auth/login,190,0,0
1777735339297,237,用户登录,200,,常规接口测试-50并发 1-19,text,true,,319,218,36,41,http://localhost:8080/api/auth/login,214,0,0
1777735338298,1244,获取帖子列表,200,,常规接口测试-50并发 1-41,text,true,,5517,179,36,41,http://localhost:8080/api/post/list?pageNum=1&pageSize=10,1223,0,0
1777735339283,267,关键词搜索,400,,常规接口测试-50并发 1-29,text,false,,332,183,36,41,http://localhost:8080/api/search/keyword?q=篮球,248,0,0
1777735338321,1249,获取帖子列表,200,,常规接口测试-50并发 1-31,text,true,,5517,179,36,41,http://localhost:8080/api/post/list?pageNum=1&pageSize=10,1221,0,0
1777735339339,249,关键词搜索,400,,常规接口测试-50并发 1-39,text,false,,332,183,36,41,http://localhost:8080/api/search/keyword?q=篮球,213,0,0
1777735339314,279,关键词搜索,400,,常规接口测试-50并发 1-30,text,false,,332,183,36,41,http://localhost:8080/api/search/keyword?q=篮球,246,0,0
1777735339279,326,高级筛选搜索,200,,常规接口测试-50并发 1-36,text,true,,5782,232,36,41,http://localhost:8080/api/post/list/filter?category=运动健身&pageNum=1&pageSize=10,298,0,1
1777735339378,233,用户登录,200,,常规接口测试-50并发 1-35,text,true,,319,218,36,41,http://localhost:8080/api/auth/login,204,0,0
1777735339326,286,关键词搜索,400,,常规接口测试-50并发 1-16,text,false,,332,183,36,41,http://localhost:8080/api/search/keyword?q=篮球,257,0,0
1777735338364,1264,获取帖子列表,200,,常规接口测试-50并发 1-42,text,true,,5517,179,36,41,http://localhost:8080/api/post/list?pageNum=1&pageSize=10,1234,0,0
1777735338396,1339,获取帖子列表,200,,常规接口测试-50并发 1-43,text,true,,5517,179,36,41,http://localhost:8080/api/post/list?pageNum=1&pageSize=10,1286,0,0
1777735339394,345,关键词搜索,400,,常规接口测试-50并发 1-40,text,false,,332,183,36,41,http://localhost:8080/api/search/keyword?q=篮球,289,0,0
1777735338483,1264,获取帖子列表,200,,常规接口测试-50并发 1-17,text,true,,5517,179,36,41,http://localhost:8080/api/post/list?pageNum=1&pageSize=10,1210,0,0
1777735338480,1273,获取帖子列表,200,,常规接口测试-50并发 1-23,text,true,,5517,179,36,41,http://localhost:8080/api/post/list?pageNum=1&pageSize=10,1242,0,0
1777735339464,292,用户登录,200,,常规接口测试-50并发 1-49,text,true,,319,218,36,41,http://localhost:8080/api/auth/login,262,0,0
1777735339343,414,高级筛选搜索,200,,常规接口测试-50并发 1-38,text,true,,5782,232,36,41,http://localhost:8080/api/post/list/filter?category=运动健身&pageNum=1&pageSize=10,385,0,1
1777735338497,1283,获取帖子列表,200,,常规接口测试-50并发 1-32,text,true,,5517,179,36,41,http://localhost:8080/api/post/list?pageNum=1&pageSize=10,1253,0,0
1777735339498,306,用户注册,200,,常规接口测试-50并发 1-21,text,true,,724,253,36,41,http://localhost:8080/api/auth/register,269,0,0
1777735338553,1264,获取帖子列表,200,,常规接口测试-50并发 1-44,text,true,,5517,179,36,41,http://localhost:8080/api/post/list?pageNum=1&pageSize=10,1239,0,0
1777735338766,1053,获取帖子列表,200,,常规接口测试-50并发 1-24,text,true,,5517,179,36,41,http://localhost:8080/api/post/list?pageNum=1&pageSize=10,1033,0,0
1777735339513,307,用户注册,200,,常规接口测试-50并发 1-27,text,true,,723,252,36,41,http://localhost:8080/api/auth/register,286,0,0
1777735339516,306,用户注册,200,,常规接口测试-50并发 1-20,text,true,,724,253,36,41,http://localhost:8080/api/auth/register,286,0,0
1777735339514,313,关键词搜索,400,,常规接口测试-50并发 1-22,text,false,,332,183,36,41,http://localhost:8080/api/search/keyword?q=篮球,292,0,0
1777735339525,302,用户注册,200,,常规接口测试-50并发 1-37,text,true,,724,253,36,41,http://localhost:8080/api/auth/register,282,0,0
1777735339428,417,高级筛选搜索,200,,常规接口测试-50并发 1-28,text,true,,5782,232,36,41,http://localhost:8080/api/post/list/filter?category=运动健身&pageNum=1&pageSize=10,390,0,0
1777735339448,407,高级筛选搜索,200,,常规接口测试-50并发 1-15,text,true,,5782,232,36,41,http://localhost:8080/api/post/list/filter?category=运动健身&pageNum=1&pageSize=10,373,0,0
1777735339455,400,高级筛选搜索,200,,常规接口测试-50并发 1-50,text,true,,5782,232,36,41,http://localhost:8080/api/post/list/filter?category=运动健身&pageNum=1&pageSize=10,367,0,0
1777735338725,1144,获取帖子列表,200,,常规接口测试-50并发 1-45,text,true,,5517,179,35,40,http://localhost:8080/api/post/list?pageNum=1&pageSize=10,1110,0,0
1777735338755,1116,获取帖子列表,200,,常规接口测试-50并发 1-33,text,true,,5517,179,35,40,http://localhost:8080/api/post/list?pageNum=1&pageSize=10,1086,0,0
1777735338774,1109,获取帖子列表,200,,常规接口测试-50并发 1-46,text,true,,5517,179,35,40,http://localhost:8080/api/post/list?pageNum=1&pageSize=10,1089,0,0
1777735339570,320,关键词搜索,400,,常规接口测试-50并发 1-31,text,false,,332,183,35,40,http://localhost:8080/api/search/keyword?q=篮球,297,0,0
1777735339543,351,关键词搜索,400,,常规接口测试-50并发 1-41,text,false,,332,183,35,40,http://localhost:8080/api/search/keyword?q=篮球,327,0,0
1777735339606,299,用户注册,200,,常规接口测试-50并发 1-36,text,true,,724,253,35,40,http://localhost:8080/api/auth/register,275,0,0
1777735339550,379,高级筛选搜索,200,,常规接口测试-50并发 1-29,text,true,,5782,232,35,40,http://localhost:8080/api/post/list/filter?category=运动健身&pageNum=1&pageSize=10,362,0,1
1777735339589,359,高级筛选搜索,200,,常规接口测试-50并发 1-39,text,true,,5782,232,35,40,http://localhost:8080/api/post/list/filter?category=运动健身&pageNum=1&pageSize=10,333,0,0
1777735339629,329,关键词搜索,400,,常规接口测试-50并发 1-42,text,false,,332,183,35,40,http://localhost:8080/api/search/keyword?q=篮球,298,0,0
1777735339594,378,高级筛选搜索,200,,常规接口测试-50并发 1-30,text,true,,5782,232,35,40,http://localhost:8080/api/post/list/filter?category=运动健身&pageNum=1&pageSize=10,344,0,0
1777735339758,221,用户注册,200,,常规接口测试-50并发 1-38,text,true,,724,253,35,40,http://localhost:8080/api/auth/register,199,0,0
1777735339612,377,高级筛选搜索,200,,常规接口测试-50并发 1-16,text,true,,5782,232,35,40,http://localhost:8080/api/post/list/filter?category=运动健身&pageNum=1&pageSize=10,357,0,1
1777735339735,259,关键词搜索,400,,常规接口测试-50并发 1-43,text,false,,332,183,34,39,http://localhost:8080/api/search/keyword?q=篮球,238,0,0
1777735339747,252,关键词搜索,400,,常规接口测试-50并发 1-17,text,false,,332,183,34,39,http://localhost:8080/api/search/keyword?q=篮球,230,0,0
1777735339804,210,用户登录,200,,常规接口测试-50并发 1-21,text,true,,319,218,34,39,http://localhost:8080/api/auth/login,182,0,0
1777735339827,190,用户登录,200,,常规接口测试-50并发 1-37,text,true,,319,218,34,39,http://localhost:8080/api/auth/login,160,0,0
1777735339753,266,关键词搜索,400,,常规接口测试-50并发 1-23,text,false,,332,183,34,39,http://localhost:8080/api/search/keyword?q=篮球,235,0,0
1777735339081,942,获取帖子列表,200,,常规接口测试-50并发 1-34,text,true,,5517,179,34,39,http://localhost:8080/api/post/list?pageNum=1&pageSize=10,910,0,0
1777735339820,213,用户登录,200,,常规接口测试-50并发 1-27,text,true,,319,218,34,39,http://localhost:8080/api/auth/login,180,0,0
1777735339780,260,关键词搜索,400,,常规接口测试-50并发 1-32,text,false,,332,183,34,39,http://localhost:8080/api/search/keyword?q=篮球,225,0,0
1777735339822,220,用户登录,200,,常规接口测试-50并发 1-20,text,true,,319,218,34,39,http://localhost:8080/api/auth/login,188,0,0
1777735339846,209,用户注册,200,,常规接口测试-50并发 1-28,text,true,,724,253,34,39,http://localhost:8080/api/auth/register,186,0,0
1777735339739,321,高级筛选搜索,200,,常规接口测试-50并发 1-40,text,true,,5782,232,34,39,http://localhost:8080/api/post/list/filter?category=运动健身&pageNum=1&pageSize=10,303,0,1
1777735339855,206,用户注册,200,,常规接口测试-50并发 1-50,text,true,,724,253,34,39,http://localhost:8080/api/auth/register,189,0,0
1777735339817,250,关键词搜索,400,,常规接口测试-50并发 1-44,text,false,,332,183,34,39,http://localhost:8080/api/search/keyword?q=篮球,233,0,0
1777735339819,249,关键词搜索,400,,常规接口测试-50并发 1-24,text,false,,332,183,34,39,http://localhost:8080/api/search/keyword?q=篮球,233,0,0
1777735339123,951,获取帖子列表,200,,常规接口测试-50并发 1-18,text,true,,5517,179,34,39,http://localhost:8080/api/post/list?pageNum=1&pageSize=10,934,0,0
1777735339905,188,用户登录,200,,常规接口测试-50并发 1-36,text,true,,319,218,34,39,http://localhost:8080/api/auth/login,168,0,0
1777735339827,272,高级筛选搜索,200,,常规接口测试-50并发 1-22,text,true,,5782,232,34,39,http://localhost:8080/api/post/list/filter?category=运动健身&pageNum=1&pageSize=10,253,0,1
1777735339869,234,关键词搜索,400,,常规接口测试-50并发 1-45,text,false,,332,183,34,39,http://localhost:8080/api/search/keyword?q=篮球,212,0,0
1777735339872,233,关键词搜索,400,,常规接口测试-50并发 1-33,text,false,,332,183,34,39,http://localhost:8080/api/search/keyword?q=篮球,211,0,0
1777735339883,230,关键词搜索,400,,常规接口测试-50并发 1-46,text,false,,332,183,34,39,http://localhost:8080/api/search/keyword?q=篮球,204,0,0
1777735339890,249,高级筛选搜索,200,,常规接口测试-50并发 1-31,text,true,,5782,232,34,39,http://localhost:8080/api/post/list/filter?category=运动健身&pageNum=1&pageSize=10,225,0,1
1777735339929,215,用户注册,200,,常规接口测试-50并发 1-29,text,true,,724,253,34,39,http://localhost:8080/api/auth/register,191,0,0
1777735339949,219,用户注册,200,,常规接口测试-50并发 1-39,text,true,,723,252,34,39,http://localhost:8080/api/auth/register,185,0,0
1777735339894,284,高级筛选搜索,200,,常规接口测试-50并发 1-41,text,true,,5782,232,34,39,http://localhost:8080/api/post/list/filter?category=运动健身&pageNum=1&pageSize=10,243,0,1
1777735339980,214,用户登录,200,,常规接口测试-50并发 1-38,text,true,,319,218,34,39,http://localhost:8080/api/auth/login,175,0,0
1777735339972,225,用户注册,200,,常规接口测试-50并发 1-30,text,true,,718,253,34,39,http://localhost:8080/api/auth/register,186,0,0
1777735340055,220,用户登录,200,,常规接口测试-50并发 1-28,text,true,,319,218,34,39,http://localhost:8080/api/auth/login,188,0,0
1777735340062,218,用户登录,200,,常规接口测试-50并发 1-50,text,true,,319,218,34,39,http://localhost:8080/api/auth/login,188,0,0
1777735340024,260,关键词搜索,400,,常规接口测试-50并发 1-34,text,false,,332,183,34,39,http://localhost:8080/api/search/keyword?q=篮球,230,0,0
1777735340061,226,用户注册,200,,常规接口测试-50并发 1-40,text,true,,724,253,34,39,http://localhost:8080/api/auth/register,199,0,0
1777735339958,338,高级筛选搜索,200,,常规接口测试-50并发 1-42,text,true,,5782,232,34,39,http://localhost:8080/api/post/list/filter?category=运动健身&pageNum=1&pageSize=10,311,0,1
1777735340019,291,高级筛选搜索,200,,常规接口测试-50并发 1-23,text,true,,5782,232,34,39,http://localhost:8080/api/post/list/filter?category=运动健身&pageNum=1&pageSize=10,268,0,1
1777735339444,913,获取帖子列表,200,,常规接口测试-50并发 1-25,text,true,,5517,179,34,39,http://localhost:8080/api/post/list?pageNum=1&pageSize=10,852,0,0
1777735339994,370,高级筛选搜索,200,,常规接口测试-50并发 1-43,text,true,,5782,232,34,39,http://localhost:8080/api/post/list/filter?category=运动健身&pageNum=1&pageSize=10,308,0,1
1777735339999,368,高级筛选搜索,200,,常规接口测试-50并发 1-17,text,true,,5782,232,34,39,http://localhost:8080/api/post/list/filter?category=运动健身&pageNum=1&pageSize=10,305,0,1
1777735339464,910,获取帖子列表,200,,常规接口测试-50并发 1-47,text,true,,5517,179,33,38,http://localhost:8080/api/post/list?pageNum=1&pageSize=10,848,0,0
1777735340074,309,关键词搜索,400,,常规接口测试-50并发 1-18,text,false,,332,183,33,38,http://localhost:8080/api/search/keyword?q=篮球,287,0,0
1777735340100,284,用户注册,200,,常规接口测试-50并发 1-22,text,true,,724,253,33,38,http://localhost:8080/api/auth/register,262,0,0
1777735340040,347,高级筛选搜索,200,,常规接口测试-50并发 1-32,text,true,,5782,232,33,38,http://localhost:8080/api/post/list/filter?category=运动健身&pageNum=1&pageSize=10,327,0,1
1777735339527,881,获取帖子列表,200,,常规接口测试-50并发 1-48,text,true,,5517,179,33,38,http://localhost:8080/api/post/list?pageNum=1&pageSize=10,861,0,0
1777735340145,266,用户登录,200,,常规接口测试-50并发 1-29,text,true,,319,218,33,38,http://localhost:8080/api/auth/login,243,0,0
1777735340139,279,用户注册,200,,常规接口测试-50并发 1-31,text,true,,722,253,33,38,http://localhost:8080/api/auth/register,252,0,0
1777735339521,899,获取帖子列表,200,,常规接口测试-50并发 1-26,text,true,,5517,179,33,38,http://localhost:8080/api/post/list?pageNum=1&pageSize=10,872,0,0
1777735340168,253,用户登录,200,,常规接口测试-50并发 1-39,text,true,,319,218,33,38,http://localhost:8080/api/auth/login,226,0,0
1777735340067,354,高级筛选搜索,200,,常规接口测试-50并发 1-44,text,true,,5782,232,33,38,http://localhost:8080/api/post/list/filter?category=运动健身&pageNum=1&pageSize=10,328,0,1
1777735340069,355,高级筛选搜索,200,,常规接口测试-50并发 1-24,text,true,,5782,232,33,38,http://localhost:8080/api/post/list/filter?category=运动健身&pageNum=1&pageSize=10,330,0,0
1777735339534,891,获取帖子列表,200,,常规接口测试-50并发 1-19,text,true,,5517,179,33,38,http://localhost:8080/api/post/list?pageNum=1&pageSize=10,866,0,0
1777735340197,236,用户登录,200,,常规接口测试-50并发 1-30,text,true,,319,218,33,38,http://localhost:8080/api/auth/login,216,0,0
1777735340178,261,用户注册,200,,常规接口测试-50并发 1-41,text,true,,724,253,33,38,http://localhost:8080/api/auth/register,244,0,0
1777735340113,357,高级筛选搜索,200,,常规接口测试-50并发 1-46,text,true,,5782,232,33,38,http://localhost:8080/api/post/list/filter?category=运动健身&pageNum=1&pageSize=10,331,0,1
1777735340106,370,高级筛选搜索,200,,常规接口测试-50并发 1-33,text,true,,5782,232,33,38,http://localhost:8080/api/post/list/filter?category=运动健身&pageNum=1&pageSize=10,343,0,0
1777735340103,374,高级筛选搜索,200,,常规接口测试-50并发 1-45,text,true,,5782,232,33,38,http://localhost:8080/api/post/list/filter?category=运动健身&pageNum=1&pageSize=10,347,0,1
1777735340287,217,用户登录,200,,常规接口测试-50并发 1-40,text,true,,319,218,33,38,http://localhost:8080/api/auth/login,199,0,0
1777735339611,899,获取帖子列表,200,,常规接口测试-50并发 1-35,text,true,,5517,179,33,38,http://localhost:8080/api/post/list?pageNum=1&pageSize=10,879,0,0
1777735340296,225,用户注册,200,,常规接口测试-50并发 1-42,text,true,,724,253,33,38,http://localhost:8080/api/auth/register,204,0,0
1777735340310,228,用户注册,200,,常规接口测试-50并发 1-23,text,true,,724,253,33,38,http://localhost:8080/api/auth/register,200,0,0
1777735340364,198,用户注册,200,,常规接口测试-50并发 1-43,text,true,,724,253,33,38,http://localhost:8080/api/auth/register,159,0,0
1777735340384,199,用户登录,200,,常规接口测试-50并发 1-22,text,true,,319,218,33,38,http://localhost:8080/api/auth/login,163,0,0
1777735340358,235,关键词搜索,400,,常规接口测试-50并发 1-25,text,false,,332,183,33,38,http://localhost:8080/api/search/keyword?q=篮球,205,0,0
1777735340387,209,用户注册,200,,常规接口测试-50并发 1-32,text,true,,724,253,33,38,http://localhost:8080/api/auth/register,183,0,0
1777735340375,229,关键词搜索,400,,常规接口测试-50并发 1-47,text,false,,332,183,33,38,http://localhost:8080/api/search/keyword?q=篮球,213,0,0
1777735340285,320,高级筛选搜索,200,,常规接口测试-50并发 1-34,text,true,,5782,232,33,38,http://localhost:8080/api/post/list/filter?category=运动健身&pageNum=1&pageSize=10,304,0,0
1777735340419,192,用户登录,200,,常规接口测试-50并发 1-31,text,true,,319,218,33,38,http://localhost:8080/api/auth/login,176,0,0
1777735339757,862,获取帖子列表,200,,常规接口测试-50并发 1-49,text,true,,5517,179,33,38,http://localhost:8080/api/post/list?pageNum=1&pageSize=10,844,0,0
1777735340421,201,用户注册,200,,常规接口测试-50并发 1-44,text,true,,724,253,33,38,http://localhost:8080/api/auth/register,183,0,0
1777735340425,201,用户注册,200,,常规接口测试-50并发 1-24,text,true,,724,253,33,38,http://localhost:8080/api/auth/register,182,0,0
1777735340439,197,用户登录,200,,常规接口测试-50并发 1-41,text,true,,319,218,33,38,http://localhost:8080/api/auth/login,174,0,0
1777735340409,235,关键词搜索,400,,常规接口测试-50并发 1-48,text,false,,332,183,33,38,http://localhost:8080/api/search/keyword?q=篮球,209,0,0
1777735340420,231,关键词搜索,400,,常规接口测试-50并发 1-26,text,false,,332,183,33,38,http://localhost:8080/api/search/keyword?q=篮球,205,0,0
1777735340425,236,关键词搜索,400,,常规接口测试-50并发 1-19,text,false,,332,183,33,38,http://localhost:8080/api/search/keyword?q=篮球,215,0,0
1777735340384,282,高级筛选搜索,200,,常规接口测试-50并发 1-18,text,true,,5782,232,33,38,http://localhost:8080/api/post/list/filter?category=运动健身&pageNum=1&pageSize=10,264,0,0
1777735340471,202,用户注册,200,,常规接口测试-50并发 1-46,text,true,,724,253,32,37,http://localhost:8080/api/auth/register,183,0,0
1777735340478,204,用户注册,200,,常规接口测试-50并发 1-45,text,true,,724,253,32,37,http://localhost:8080/api/auth/register,184,0,0
1777735340476,211,用户注册,200,,常规接口测试-50并发 1-33,text,true,,724,253,32,37,http://localhost:8080/api/auth/register,190,0,0
1777735340521,196,用户登录,200,,常规接口测试-50并发 1-42,text,true,,319,218,32,37,http://localhost:8080/api/auth/login,176,0,0
1777735340538,194,用户登录,200,,常规接口测试-50并发 1-23,text,true,,319,218,32,37,http://localhost:8080/api/auth/login,174,0,0
1777735340510,228,关键词搜索,400,,常规接口测试-50并发 1-35,text,false,,332,183,32,37,http://localhost:8080/api/search/keyword?q=篮球,210,0,0
1777735340562,179,用户登录,200,,常规接口测试-50并发 1-43,text,true,,319,218,32,37,http://localhost:8080/api/auth/login,160,0,0
1777735340596,178,用户登录,200,,常规接口测试-50并发 1-32,text,true,,319,218,32,37,http://localhost:8080/api/auth/login,153,0,0
1777735340606,193,用户注册,200,,常规接口测试-50并发 1-34,text,true,,724,253,32,37,http://localhost:8080/api/auth/register,176,0,0
1777735340623,196,用户登录,200,,常规接口测试-50并发 1-44,text,true,,319,218,32,37,http://localhost:8080/api/auth/login,167,0,0
1777735340626,193,用户登录,200,,常规接口测试-50并发 1-24,text,true,,319,218,32,37,http://localhost:8080/api/auth/login,166,0,0
1777735340619,207,关键词搜索,400,,常规接口测试-50并发 1-49,text,false,,332,183,32,37,http://localhost:8080/api/search/keyword?q=篮球,177,0,0
1777735340673,196,用户登录,200,,常规接口测试-50并发 1-46,text,true,,319,218,32,37,http://localhost:8080/api/auth/login,177,0,0
1777735340683,198,用户登录,200,,常规接口测试-50并发 1-45,text,true,,319,218,32,37,http://localhost:8080/api/auth/login,175,0,0
1777735340687,211,用户登录,200,,常规接口测试-50并发 1-33,text,true,,319,218,32,37,http://localhost:8080/api/auth/login,179,0,0
1777735340018,893,获取帖子列表,200,,常规接口测试-50并发 1-37,text,true,,5517,179,32,37,http://localhost:8080/api/post/list?pageNum=1&pageSize=10,860,0,0
1777735340015,907,获取帖子列表,200,,常规接口测试-50并发 1-21,text,true,,5517,179,32,37,http://localhost:8080/api/post/list?pageNum=1&pageSize=10,869,0,0
1777735340034,891,获取帖子列表,200,,常规接口测试-50并发 1-27,text,true,,5517,179,32,37,http://localhost:8080/api/post/list?pageNum=1&pageSize=10,853,0,0
1777735340593,373,高级筛选搜索,200,,常规接口测试-50并发 1-25,text,true,,5782,232,32,37,http://localhost:8080/api/post/list/filter?category=运动健身&pageNum=1&pageSize=10,352,0,1
1777735340043,934,获取帖子列表,200,,常规接口测试-50并发 1-20,text,true,,5517,179,32,37,http://localhost:8080/api/post/list?pageNum=1&pageSize=10,914,0,0
1777735340605,385,高级筛选搜索,200,,常规接口测试-50并发 1-47,text,true,,5782,232,32,37,http://localhost:8080/api/post/list/filter?category=运动健身&pageNum=1&pageSize=10,363,0,0
1777735340645,353,高级筛选搜索,200,,常规接口测试-50并发 1-48,text,true,,5782,232,32,37,http://localhost:8080/api/post/list/filter?category=运动健身&pageNum=1&pageSize=10,337,0,0
1777735340799,208,用户登录,200,,常规接口测试-50并发 1-34,text,true,,319,218,32,37,http://localhost:8080/api/auth/login,191,0,0
1777735340661,352,高级筛选搜索,200,,常规接口测试-50并发 1-19,text,true,,5782,232,32,37,http://localhost:8080/api/post/list/filter?category=运动健身&pageNum=1&pageSize=10,332,0,0
1777735340652,363,高级筛选搜索,200,,常规接口测试-50并发 1-26,text,true,,5782,232,31,36,http://localhost:8080/api/post/list/filter?category=运动健身&pageNum=1&pageSize=10,343,0,1
1777735340094,946,获取帖子列表,200,,常规接口测试-50并发 1-36,text,true,,5517,179,31,36,http://localhost:8080/api/post/list?pageNum=1&pageSize=10,925,0,0
1777735340738,348,高级筛选搜索,200,,常规接口测试-50并发 1-35,text,true,,5782,232,31,36,http://localhost:8080/api/post/list/filter?category=运动健身&pageNum=1&pageSize=10,308,0,1
1777735340195,947,获取帖子列表,200,,常规接口测试-50并发 1-38,text,true,,5517,179,31,36,http://localhost:8080/api/post/list?pageNum=1&pageSize=10,909,0,0
1777735340911,263,关键词搜索,400,,常规接口测试-50并发 1-37,text,false,,332,183,31,36,http://localhost:8080/api/search/keyword?q=篮球,245,0,0
1777735340922,255,关键词搜索,400,,常规接口测试-50并发 1-21,text,false,,332,183,31,36,http://localhost:8080/api/search/keyword?q=篮球,239,0,0
1777735340925,253,关键词搜索,400,,常规接口测试-50并发 1-27,text,false,,332,183,31,36,http://localhost:8080/api/search/keyword?q=篮球,237,0,0
1777735340998,184,用户注册,200,,常规接口测试-50并发 1-48,text,true,,724,253,31,36,http://localhost:8080/api/auth/register,170,0,0
1777735340966,219,用户注册,200,,常规接口测试-50并发 1-25,text,true,,724,253,31,36,http://localhost:8080/api/auth/register,203,0,0
1777735340826,371,高级筛选搜索,200,,常规接口测试-50并发 1-49,text,true,,5782,232,31,36,http://localhost:8080/api/post/list/filter?category=运动健身&pageNum=1&pageSize=10,355,0,1
1777735340977,223,关键词搜索,400,,常规接口测试-50并发 1-20,text,false,,332,183,31,36,http://localhost:8080/api/search/keyword?q=篮球,220,0,0
1777735340990,216,用户注册,200,,常规接口测试-50并发 1-47,text,true,,721,252,31,36,http://localhost:8080/api/auth/register,198,0,0
1777735341016,246,用户注册,200,,常规接口测试-50并发 1-26,text,true,,724,253,31,36,http://localhost:8080/api/auth/register,215,0,0
1777735340280,1025,获取帖子列表,200,,常规接口测试-50并发 1-50,text,true,,5517,179,31,36,http://localhost:8080/api/post/list?pageNum=1&pageSize=10,993,0,0
1777735340275,1033,获取帖子列表,200,,常规接口测试-50并发 1-28,text,true,,5517,179,31,36,http://localhost:8080/api/post/list?pageNum=1&pageSize=10,1002,0,0
1777735341040,283,关键词搜索,400,,常规接口测试-50并发 1-36,text,false,,332,183,31,36,http://localhost:8080/api/search/keyword?q=篮球,265,0,0
1777735341086,240,用户注册,200,,常规接口测试-50并发 1-35,text,true,,724,253,31,36,http://localhost:8080/api/auth/register,222,0,0
1777735341142,204,关键词搜索,400,,常规接口测试-50并发 1-38,text,false,,332,183,31,36,http://localhost:8080/api/search/keyword?q=篮球,187,0,0
1777735341183,184,用户登录,200,,常规接口测试-50并发 1-48,text,true,,319,218,31,36,http://localhost:8080/api/auth/login,166,0,0
1777735341185,197,用户登录,200,,常规接口测试-50并发 1-25,text,true,,319,218,31,36,http://localhost:8080/api/auth/login,179,0,0
1777735340421,961,获取帖子列表,200,,常规接口测试-50并发 1-39,text,true,,5517,179,31,36,http://localhost:8080/api/post/list?pageNum=1&pageSize=10,943,0,0
1777735340412,978,获取帖子列表,200,,常规接口测试-50并发 1-29,text,true,,5517,179,31,36,http://localhost:8080/api/post/list?pageNum=1&pageSize=10,960,0,0
1777735341206,191,用户登录,200,,常规接口测试-50并发 1-47,text,true,,319,218,31,36,http://localhost:8080/api/auth/login,173,0,0
1777735341198,211,用户注册,200,,常规接口测试-50并发 1-49,text,true,,724,253,31,36,http://localhost:8080/api/auth/register,194,0,0
1777735340433,990,获取帖子列表,200,,常规接口测试-50并发 1-30,text,true,,5517,179,31,36,http://localhost:8080/api/post/list?pageNum=1&pageSize=10,973,0,0
1777735341262,173,用户登录,200,,常规接口测试-50并发 1-26,text,true,,319,218,31,36,http://localhost:8080/api/auth/login,158,0,0
1777735341305,168,关键词搜索,400,,常规接口测试-50并发 1-50,text,false,,332,183,31,36,http://localhost:8080/api/search/keyword?q=篮球,149,0,0
1777735341326,155,用户登录,200,,常规接口测试-50并发 1-35,text,true,,319,218,31,36,http://localhost:8080/api/auth/login,133,0,0
1777735341308,188,关键词搜索,400,,常规接口测试-50并发 1-28,text,false,,332,183,31,36,http://localhost:8080/api/search/keyword?q=篮球,156,0,0
1777735341178,351,高级筛选搜索,200,,常规接口测试-50并发 1-27,text,true,,5782,232,31,36,http://localhost:8080/api/post/list/filter?category=运动健身&pageNum=1&pageSize=10,309,0,1
1777735341174,362,高级筛选搜索,200,,常规接口测试-50并发 1-37,text,true,,5782,232,31,36,http://localhost:8080/api/post/list/filter?category=运动健身&pageNum=1&pageSize=10,326,0,1
1777735341177,378,高级筛选搜索,200,,常规接口测试-50并发 1-21,text,true,,5782,232,31,36,http://localhost:8080/api/post/list/filter?category=运动健身&pageNum=1&pageSize=10,362,0,1
1777735341201,374,高级筛选搜索,200,,常规接口测试-50并发 1-20,text,true,,5782,232,30,35,http://localhost:8080/api/post/list/filter?category=运动健身&pageNum=1&pageSize=10,349,0,0
1777735340504,1102,获取帖子列表,200,,常规接口测试-50并发 1-40,text,true,,5517,179,29,34,http://localhost:8080/api/post/list?pageNum=1&pageSize=10,1074,0,0
1777735341410,206,用户登录,200,,常规接口测试-50并发 1-49,text,true,,319,218,29,34,http://localhost:8080/api/auth/login,175,0,0
1777735341382,236,关键词搜索,400,,常规接口测试-50并发 1-39,text,false,,332,183,29,34,http://localhost:8080/api/search/keyword?q=篮球,205,0,0
1777735341390,236,关键词搜索,400,,常规接口测试-50并发 1-29,text,false,,332,183,29,34,http://localhost:8080/api/search/keyword?q=篮球,206,0,0
1777735341323,330,高级筛选搜索,200,,常规接口测试-50并发 1-36,text,true,,5782,232,29,34,http://localhost:8080/api/post/list/filter?category=运动健身&pageNum=1&pageSize=10,306,0,1
1777735341423,239,关键词搜索,400,,常规接口测试-50并发 1-30,text,false,,332,183,29,34,http://localhost:8080/api/search/keyword?q=篮球,226,0,0
1777735341346,326,高级筛选搜索,200,,常规接口测试-50并发 1-38,text,true,,5782,232,29,34,http://localhost:8080/api/post/list/filter?category=运动健身&pageNum=1&pageSize=10,311,0,1
1777735340583,1091,获取帖子列表,200,,常规接口测试-50并发 1-22,text,true,,5517,179,29,34,http://localhost:8080/api/post/list?pageNum=1&pageSize=10,1080,0,0
1777735340636,1087,获取帖子列表,200,,常规接口测试-50并发 1-41,text,true,,5517,179,29,34,http://localhost:8080/api/post/list?pageNum=1&pageSize=10,1056,0,0
1777735340611,1123,获取帖子列表,200,,常规接口测试-50并发 1-31,text,true,,5517,179,29,34,http://localhost:8080/api/post/list?pageNum=1&pageSize=10,1107,0,0
1777735341529,207,用户注册,200,,常规接口测试-50并发 1-27,text,true,,721,252,29,34,http://localhost:8080/api/auth/register,192,0,0
1777735341536,215,用户注册,200,,常规接口测试-50并发 1-37,text,true,,721,252,29,34,http://localhost:8080/api/auth/register,192,0,0
1777735340718,1056,获取帖子列表,200,,常规接口测试-50并发 1-42,text,true,,5517,179,29,34,http://localhost:8080/api/post/list?pageNum=1&pageSize=10,1030,0,0
1777735340774,1033,获取帖子列表,200,,常规接口测试-50并发 1-32,text,true,,5517,179,29,34,http://localhost:8080/api/post/list?pageNum=1&pageSize=10,1003,0,0
1777735340733,1077,获取帖子列表,200,,常规接口测试-50并发 1-23,text,true,,5517,179,29,34,http://localhost:8080/api/post/list?pageNum=1&pageSize=10,1048,0,0
1777735340741,1074,获取帖子列表,200,,常规接口测试-50并发 1-43,text,true,,5517,179,29,34,http://localhost:8080/api/post/list?pageNum=1&pageSize=10,1045,0,0
1777735341473,362,高级筛选搜索,200,,常规接口测试-50并发 1-50,text,true,,5782,232,29,34,http://localhost:8080/api/post/list/filter?category=运动健身&pageNum=1&pageSize=10,340,0,1
1777735341606,232,关键词搜索,400,,常规接口测试-50并发 1-40,text,false,,332,183,29,34,http://localhost:8080/api/search/keyword?q=篮球,208,0,0
1777735341496,349,高级筛选搜索,200,,常规接口测试-50并发 1-28,text,true,,5782,232,29,34,http://localhost:8080/api/post/list/filter?category=运动健身&pageNum=1&pageSize=10,329,0,1
1777735341654,198,用户注册,200,,常规接口测试-50并发 1-36,text,true,,724,253,29,34,http://localhost:8080/api/auth/register,179,0,0
1777735340819,1047,获取帖子列表,200,,常规接口测试-50并发 1-44,text,true,,5517,179,29,34,http://localhost:8080/api/post/list?pageNum=1&pageSize=10,1024,0,0
1777735341672,206,用户注册,200,,常规接口测试-50并发 1-38,text,true,,724,253,29,34,http://localhost:8080/api/auth/register,193,0,0
1777735340819,1060,获取帖子列表,200,,常规接口测试-50并发 1-24,text,true,,5517,179,29,34,http://localhost:8080/api/post/list?pageNum=1&pageSize=10,1048,0,0
1777735340870,1020,获取帖子列表,200,,常规接口测试-50并发 1-46,text,true,,5517,179,29,34,http://localhost:8080/api/post/list?pageNum=1&pageSize=10,1010,0,0
1777735341674,218,关键词搜索,400,,常规接口测试-50并发 1-22,text,false,,332,183,29,34,http://localhost:8080/api/search/keyword?q=篮球,207,0,0
1777735341736,157,用户登录,200,,常规接口测试-50并发 1-27,text,true,,319,218,29,34,http://localhost:8080/api/auth/login,147,0,0
1777735341618,278,高级筛选搜索,200,,常规接口测试-50并发 1-39,text,true,,5782,232,29,34,http://localhost:8080/api/post/list/filter?category=运动健身&pageNum=1&pageSize=10,268,0,1
1777735341626,274,高级筛选搜索,200,,常规接口测试-50并发 1-29,text,true,,5782,232,29,34,http://localhost:8080/api/post/list/filter?category=运动健身&pageNum=1&pageSize=10,262,0,1
1777735341751,168,用户登录,200,,常规接口测试-50并发 1-37,text,true,,319,218,29,34,http://localhost:8080/api/auth/login,144,0,0
1777735341723,207,关键词搜索,400,,常规接口测试-50并发 1-41,text,false,,332,183,29,34,http://localhost:8080/api/search/keyword?q=篮球,182,0,0
1777735340881,1052,获取帖子列表,200,,常规接口测试-50并发 1-45,text,true,,5517,179,29,34,http://localhost:8080/api/post/list?pageNum=1&pageSize=10,1028,0,0
1777735340898,1036,获取帖子列表,200,,常规接口测试-50并发 1-33,text,true,,5517,179,29,34,http://localhost:8080/api/post/list?pageNum=1&pageSize=10,1012,0,0
1777735341662,275,高级筛选搜索,200,,常规接口测试-50并发 1-30,text,true,,5782,232,29,34,http://localhost:8080/api/post/list/filter?category=运动健身&pageNum=1&pageSize=10,253,0,1
1777735341734,205,关键词搜索,400,,常规接口测试-50并发 1-31,text,false,,332,183,29,34,http://localhost:8080/api/search/keyword?q=篮球,188,0,0
1777735341774,188,关键词搜索,400,,常规接口测试-50并发 1-42,text,false,,332,183,29,34,http://localhost:8080/api/search/keyword?q=篮球,176,0,0
1777735341853,116,用户登录,200,,常规接口测试-50并发 1-36,text,true,,319,218,29,34,http://localhost:8080/api/auth/login,103,0,0
1777735341816,156,关键词搜索,400,,常规接口测试-50并发 1-43,text,false,,332,183,29,34,http://localhost:8080/api/search/keyword?q=篮球,142,0,0
1777735341835,142,用户注册,200,,常规接口测试-50并发 1-50,text,true,,724,253,29,34,http://localhost:8080/api/auth/register,127,0,0
1777735341807,173,关键词搜索,400,,常规接口测试-50并发 1-32,text,false,,332,183,29,34,http://localhost:8080/api/search/keyword?q=篮球,158,0,0
1777735341811,170,关键词搜索,400,,常规接口测试-50并发 1-23,text,false,,332,183,29,34,http://localhost:8080/api/search/keyword?q=篮球,155,0,0
1777735341845,136,用户注册,200,,常规接口测试-50并发 1-28,text,true,,724,253,29,34,http://localhost:8080/api/auth/register,122,0,0
1777735341007,976,获取帖子列表,200,,常规接口测试-50并发 1-34,text,true,,5517,179,29,34,http://localhost:8080/api/post/list?pageNum=1&pageSize=10,961,0,0
1777735341878,126,用户登录,200,,常规接口测试-50并发 1-38,text,true,,319,218,29,34,http://localhost:8080/api/auth/login,113,0,0
1777735341866,147,关键词搜索,400,,常规接口测试-50并发 1-44,text,false,,332,183,29,34,http://localhost:8080/api/search/keyword?q=篮球,134,0,0
1777735341879,150,关键词搜索,400,,常规接口测试-50并发 1-24,text,false,,332,183,29,34,http://localhost:8080/api/search/keyword?q=篮球,135,0,0
1777735341838,192,高级筛选搜索,200,,常规接口测试-50并发 1-40,text,true,,5782,232,29,34,http://localhost:8080/api/post/list/filter?category=运动健身&pageNum=1&pageSize=10,178,0,1
1777735341890,142,关键词搜索,400,,常规接口测试-50并发 1-46,text,false,,332,183,29,34,http://localhost:8080/api/search/keyword?q=篮球,140,0,0
1777735341897,153,用户注册,200,,常规接口测试-50并发 1-39,text,true,,724,253,29,34,http://localhost:8080/api/auth/register,126,0,0
1777735341901,154,用户注册,200,,常规接口测试-50并发 1-29,text,true,,724,253,29,34,http://localhost:8080/api/auth/register,125,0,0
1777735341937,166,用户注册,200,,常规接口测试-50并发 1-30,text,true,,724,253,29,34,http://localhost:8080/api/auth/register,139,0,0
1777735341934,187,关键词搜索,400,,常规接口测试-50并发 1-45,text,false,,332,183,29,34,http://localhost:8080/api/search/keyword?q=篮球,159,0,0
1777735341935,189,关键词搜索,400,,常规接口测试-50并发 1-33,text,false,,332,183,29,34,http://localhost:8080/api/search/keyword?q=篮球,163,0,0
1777735341977,169,用户登录,200,,常规接口测试-50并发 1-50,text,true,,319,218,29,34,http://localhost:8080/api/auth/login,150,0,0
1777735341982,170,用户登录,200,,常规接口测试-50并发 1-28,text,true,,319,218,29,34,http://localhost:8080/api/auth/login,153,0,0
1777735341892,266,高级筛选搜索,200,,常规接口测试-50并发 1-22,text,true,,5782,232,29,34,http://localhost:8080/api/post/list/filter?category=运动健身&pageNum=1&pageSize=10,252,0,1
1777735341397,772,获取帖子列表,200,,常规接口测试-50并发 1-47,text,true,,5517,179,28,33,http://localhost:8080/api/post/list?pageNum=1&pageSize=10,772,0,0
1777735341367,806,获取帖子列表,200,,常规接口测试-50并发 1-48,text,true,,5517,179,28,33,http://localhost:8080/api/post/list?pageNum=1&pageSize=10,793,0,0
1777735341382,792,获取帖子列表,200,,常规接口测试-50并发 1-25,text,true,,5517,179,28,33,http://localhost:8080/api/post/list?pageNum=1&pageSize=10,780,0,0
1777735341983,191,关键词搜索,400,,常规接口测试-50并发 1-34,text,false,,332,183,28,33,http://localhost:8080/api/search/keyword?q=篮球,179,0,0
1777735341931,246,高级筛选搜索,200,,常规接口测试-50并发 1-41,text,true,,5782,232,28,33,http://localhost:8080/api/post/list/filter?category=运动健身&pageNum=1&pageSize=10,233,0,0
1777735341939,240,高级筛选搜索,200,,常规接口测试-50并发 1-31,text,true,,5782,232,28,33,http://localhost:8080/api/post/list/filter?category=运动健身&pageNum=1&pageSize=10,227,0,1
1777735341962,218,高级筛选搜索,200,,常规接口测试-50并发 1-42,text,true,,5782,232,28,33,http://localhost:8080/api/post/list/filter?category=运动健身&pageNum=1&pageSize=10,206,0,1
1777735341973,215,高级筛选搜索,200,,常规接口测试-50并发 1-43,text,true,,5782,232,28,33,http://localhost:8080/api/post/list/filter?category=运动健身&pageNum=1&pageSize=10,203,0,0
1777735341981,211,高级筛选搜索,200,,常规接口测试-50并发 1-23,text,true,,5782,232,28,33,http://localhost:8080/api/post/list/filter?category=运动健身&pageNum=1&pageSize=10,199,0,0
1777735341981,216,高级筛选搜索,200,,常规接口测试-50并发 1-32,text,true,,5782,232,27,32,http://localhost:8080/api/post/list/filter?category=运动健身&pageNum=1&pageSize=10,204,0,0
1777735341435,765,获取帖子列表,200,,常规接口测试-50并发 1-26,text,true,,5517,179,27,32,http://localhost:8080/api/post/list?pageNum=1&pageSize=10,752,0,0
1777735342050,154,用户登录,200,,常规接口测试-50并发 1-39,text,true,,319,218,27,32,http://localhost:8080/api/auth/login,141,0,0
1777735342030,177,用户注册,200,,常规接口测试-50并发 1-40,text,true,,724,253,27,32,http://localhost:8080/api/auth/register,163,0,0
1777735342055,154,用户登录,200,,常规接口测试-50并发 1-29,text,true,,319,218,27,32,http://localhost:8080/api/auth/login,141,0,0
1777735342103,133,用户登录,200,,常规接口测试-50并发 1-30,text,true,,319,218,27,32,http://localhost:8080/api/auth/login,112,0,0
1777735341481,792,获取帖子列表,200,,常规接口测试-50并发 1-35,text,true,,5517,179,27,32,http://localhost:8080/api/post/list?pageNum=1&pageSize=10,768,0,0
1777735342013,271,高级筛选搜索,200,,常规接口测试-50并发 1-44,text,true,,5782,232,27,32,http://localhost:8080/api/post/list/filter?category=运动健身&pageNum=1&pageSize=10,253,0,1
1777735342029,274,高级筛选搜索,200,,常规接口测试-50并发 1-24,text,true,,5782,232,27,32,http://localhost:8080/api/post/list/filter?category=运动健身&pageNum=1&pageSize=10,263,0,0
1777735342033,272,高级筛选搜索,200,,常规接口测试-50并发 1-46,text,true,,5782,232,26,31,http://localhost:8080/api/post/list/filter?category=运动健身&pageNum=1&pageSize=10,260,0,0
1777735342177,138,用户注册,200,,常规接口测试-50并发 1-41,text,true,,313,253,26,31,http://localhost:8080/api/auth/register,122,0,0
1777735342179,141,用户注册,200,,常规接口测试-50并发 1-31,text,true,,724,253,26,31,http://localhost:8080/api/auth/register,127,0,0
1777735342180,143,用户注册,200,,常规接口测试-50并发 1-42,text,true,,724,253,26,31,http://localhost:8080/api/auth/register,132,0,0
1777735342169,156,关键词搜索,400,,常规接口测试-50并发 1-47,text,false,,332,183,26,31,http://localhost:8080/api/search/keyword?q=篮球,146,0,0
1777735342173,154,关键词搜索,400,,常规接口测试-50并发 1-48,text,false,,332,183,26,31,http://localhost:8080/api/search/keyword?q=篮球,144,0,0
1777735342121,207,高级筛选搜索,200,,常规接口测试-50并发 1-45,text,true,,5782,232,26,31,http://localhost:8080/api/post/list/filter?category=运动健身&pageNum=1&pageSize=10,196,0,1
1777735342124,206,高级筛选搜索,200,,常规接口测试-50并发 1-33,text,true,,5782,232,26,31,http://localhost:8080/api/post/list/filter?category=运动健身&pageNum=1&pageSize=10,194,0,0
1777735342189,141,用户注册,200,,常规接口测试-50并发 1-43,text,true,,723,252,26,31,http://localhost:8080/api/auth/register,129,0,0
1777735342174,158,关键词搜索,400,,常规接口测试-50并发 1-25,text,false,,332,183,26,31,http://localhost:8080/api/search/keyword?q=篮球,147,0,0
1777735341616,718,获取帖子列表,200,,常规接口测试-50并发 1-49,text,true,,5517,179,26,31,http://localhost:8080/api/post/list?pageNum=1&pageSize=10,706,0,0
1777735342198,141,用户注册,200,,常规接口测试-50并发 1-32,text,true,,724,253,26,31,http://localhost:8080/api/auth/register,129,0,0
1777735342207,137,用户登录,200,,常规接口测试-50并发 1-40,text,true,,319,218,26,31,http://localhost:8080/api/auth/login,124,0,0
1777735342200,158,关键词搜索,400,,常规接口测试-50并发 1-26,text,false,,332,183,26,31,http://localhost:8080/api/search/keyword?q=篮球,147,0,0
1777735342174,185,高级筛选搜索,200,,常规接口测试-50并发 1-34,text,true,,5782,232,26,31,http://localhost:8080/api/post/list/filter?category=运动健身&pageNum=1&pageSize=10,174,0,1
1777735342273,138,关键词搜索,400,,常规接口测试-50并发 1-35,text,false,,332,183,26,31,http://localhost:8080/api/search/keyword?q=篮球,117,0,0
1777735342284,129,用户注册,200,,常规接口测试-50并发 1-44,text,true,,724,253,26,31,http://localhost:8080/api/auth/register,108,0,0
1777735342315,116,用户登录,200,,常规接口测试-50并发 1-41,text,true,,319,218,26,31,http://localhost:8080/api/auth/login,104,0,0
1777735342305,129,用户注册,200,,常规接口测试-50并发 1-46,text,true,,723,252,26,31,http://localhost:8080/api/auth/register,117,0,0
1777735342321,119,用户登录,200,,常规接口测试-50并发 1-31,text,true,,319,218,26,31,http://localhost:8080/api/auth/login,105,0,0
1777735342323,119,用户登录,200,,常规接口测试-50并发 1-42,text,true,,319,218,26,31,http://localhost:8080/api/auth/login,106,0,0
1777735342330,118,用户登录,200,,常规接口测试-50并发 1-43,text,true,,319,218,26,31,http://localhost:8080/api/auth/login,105,0,0
1777735342330,124,用户注册,200,,常规接口测试-50并发 1-33,text,true,,724,253,26,31,http://localhost:8080/api/auth/register,112,0,0
1777735342329,127,用户注册,200,,常规接口测试-50并发 1-45,text,true,,723,252,26,31,http://localhost:8080/api/auth/register,115,0,0
1777735342339,119,用户登录,200,,常规接口测试-50并发 1-32,text,true,,319,218,26,31,http://localhost:8080/api/auth/login,107,0,0
1777735342335,125,关键词搜索,400,,常规接口测试-50并发 1-49,text,false,,332,183,26,31,http://localhost:8080/api/search/keyword?q=篮球,113,0,0
1777735342359,132,用户注册,200,,常规接口测试-50并发 1-34,text,true,,724,253,26,31,http://localhost:8080/api/auth/register,117,0,0
1777735342413,104,用户登录,200,,常规接口测试-50并发 1-44,text,true,,319,218,26,31,http://localhost:8080/api/auth/login,93,0,0
1777735342434,108,用户登录,200,,常规接口测试-50并发 1-46,text,true,,319,218,26,31,http://localhost:8080/api/auth/login,91,0,0
1777735342328,230,高级筛选搜索,200,,常规接口测试-50并发 1-48,text,true,,5782,232,26,31,http://localhost:8080/api/post/list/filter?category=运动健身&pageNum=1&pageSize=10,208,0,0
1777735342333,247,高级筛选搜索,200,,常规接口测试-50并发 1-25,text,true,,5782,232,26,31,http://localhost:8080/api/post/list/filter?category=运动健身&pageNum=1&pageSize=10,223,0,0
1777735342455,132,用户登录,200,,常规接口测试-50并发 1-33,text,true,,319,218,25,30,http://localhost:8080/api/auth/login,107,0,0
1777735342325,268,高级筛选搜索,200,,常规接口测试-50并发 1-47,text,true,,5782,232,25,30,http://localhost:8080/api/post/list/filter?category=运动健身&pageNum=1&pageSize=10,242,0,1
1777735342456,143,用户登录,200,,常规接口测试-50并发 1-45,text,true,,319,218,25,30,http://localhost:8080/api/auth/login,120,0,0
1777735341893,714,获取帖子列表,200,,常规接口测试-50并发 1-27,text,true,,5517,179,25,30,http://localhost:8080/api/post/list?pageNum=1&pageSize=10,703,0,0
1777735342491,129,用户登录,200,,常规接口测试-50并发 1-34,text,true,,319,218,25,30,http://localhost:8080/api/auth/login,117,0,0
1777735342358,262,高级筛选搜索,200,,常规接口测试-50并发 1-26,text,true,,5782,232,25,30,http://localhost:8080/api/post/list/filter?category=运动健身&pageNum=1&pageSize=10,251,0,1
1777735341919,707,获取帖子列表,200,,常规接口测试-50并发 1-37,text,true,,5517,179,24,29,http://localhost:8080/api/post/list?pageNum=1&pageSize=10,697,0,0
1777735342411,233,高级筛选搜索,200,,常规接口测试-50并发 1-35,text,true,,5782,232,24,29,http://localhost:8080/api/post/list/filter?category=运动健身&pageNum=1&pageSize=10,223,0,1
1777735341969,704,获取帖子列表,200,,常规接口测试-50并发 1-36,text,true,,5517,179,24,29,http://localhost:8080/api/post/list?pageNum=1&pageSize=10,696,0,0
1777735342558,120,用户注册,200,,常规接口测试-50并发 1-48,text,true,,723,252,24,29,http://localhost:8080/api/auth/register,109,0,0
1777735342460,231,高级筛选搜索,200,,常规接口测试-50并发 1-49,text,true,,5782,232,24,29,http://localhost:8080/api/post/list/filter?category=运动健身&pageNum=1&pageSize=10,221,0,1
1777735342593,103,用户注册,200,,常规接口测试-50并发 1-47,text,true,,723,252,24,29,http://localhost:8080/api/auth/register,94,0,0
1777735342607,96,关键词搜索,400,,常规接口测试-50并发 1-27,text,false,,332,183,24,29,http://localhost:8080/api/search/keyword?q=篮球,88,0,0
1777735342626,146,关键词搜索,400,,常规接口测试-50并发 1-37,text,false,,332,183,24,29,http://localhost:8080/api/search/keyword?q=篮球,82,0,0
1777735342644,139,用户注册,200,,常规接口测试-50并发 1-35,text,true,,724,253,24,29,http://localhost:8080/api/auth/register,131,0,0
1777735342005,809,获取帖子列表,200,,常规接口测试-50并发 1-38,text,true,,5517,179,24,29,http://localhost:8080/api/post/list?pageNum=1&pageSize=10,800,0,0
1777735342678,138,用户登录,200,,常规接口测试-50并发 1-48,text,true,,319,218,24,29,http://localhost:8080/api/auth/login,127,0,0
1777735342673,148,关键词搜索,400,,常规接口测试-50并发 1-36,text,false,,332,183,24,29,http://localhost:8080/api/search/keyword?q=篮球,140,0,0
1777735342696,136,用户登录,200,,常规接口测试-50并发 1-47,text,true,,319,218,24,29,http://localhost:8080/api/auth/login,129,0,0
1777735342692,141,用户注册,200,,常规接口测试-50并发 1-49,text,true,,724,253,24,29,http://localhost:8080/api/auth/register,136,0,0
1777735342784,102,用户登录,200,,常规接口测试-50并发 1-35,text,true,,319,218,24,29,http://localhost:8080/api/auth/login,89,0,0
1777735342814,102,关键词搜索,400,,常规接口测试-50并发 1-38,text,false,,332,183,24,29,http://localhost:8080/api/search/keyword?q=篮球,93,0,0
1777735342833,96,用户登录,200,,常规接口测试-50并发 1-49,text,true,,319,218,24,29,http://localhost:8080/api/auth/login,93,0,0
1777735342153,793,获取帖子列表,200,,常规接口测试-50并发 1-28,text,true,,5517,179,24,29,http://localhost:8080/api/post/list?pageNum=1&pageSize=10,790,0,0
1777735342703,269,高级筛选搜索,200,,常规接口测试-50并发 1-27,text,true,,5782,232,24,29,http://localhost:8080/api/post/list/filter?category=运动健身&pageNum=1&pageSize=10,260,0,1
1777735342147,828,获取帖子列表,200,,常规接口测试-50并发 1-50,text,true,,5517,179,23,28,http://localhost:8080/api/post/list?pageNum=1&pageSize=10,819,0,0
1777735342772,212,高级筛选搜索,200,,常规接口测试-50并发 1-37,text,true,,5782,232,23,28,http://localhost:8080/api/post/list/filter?category=运动健身&pageNum=1&pageSize=10,206,0,1
1777735342946,71,关键词搜索,400,,常规接口测试-50并发 1-28,text,false,,332,183,23,28,http://localhost:8080/api/search/keyword?q=篮球,59,0,0
1777735342975,63,关键词搜索,400,,常规接口测试-50并发 1-50,text,false,,332,183,23,28,http://localhost:8080/api/search/keyword?q=篮球,59,0,0
1777735342822,244,高级筛选搜索,200,,常规接口测试-50并发 1-36,text,true,,5782,232,23,28,http://localhost:8080/api/post/list/filter?category=运动健身&pageNum=1&pageSize=10,240,0,0
1777735342984,86,用户注册,200,,常规接口测试-50并发 1-37,text,true,,724,253,23,28,http://localhost:8080/api/auth/register,83,0,0
1777735342209,880,获取帖子列表,200,,常规接口测试-50并发 1-29,text,true,,5517,179,23,28,http://localhost:8080/api/post/list?pageNum=1&pageSize=10,878,0,0
1777735343070,41,用户登录,200,,常规接口测试-50并发 1-37,text,true,,319,218,23,28,http://localhost:8080/api/auth/login,37,0,0
1777735343089,32,关键词搜索,400,,常规接口测试-50并发 1-29,text,false,,332,183,23,28,http://localhost:8080/api/search/keyword?q=篮球,28,0,0
1777735343066,59,用户注册,200,,常规接口测试-50并发 1-36,text,true,,725,253,23,28,http://localhost:8080/api/auth/register,53,0,0
1777735342916,223,高级筛选搜索,200,,常规接口测试-50并发 1-38,text,true,,5782,232,23,28,http://localhost:8080/api/post/list/filter?category=运动健身&pageNum=1&pageSize=10,218,0,0
1777735342236,927,获取帖子列表,200,,常规接口测试-50并发 1-30,text,true,,5517,179,23,28,http://localhost:8080/api/post/list?pageNum=1&pageSize=10,922,0,0
1777735342204,965,获取帖子列表,200,,常规接口测试-50并发 1-39,text,true,,5517,179,23,28,http://localhost:8080/api/post/list?pageNum=1&pageSize=10,960,0,0
1777735343125,57,用户登录,200,,常规接口测试-50并发 1-36,text,true,,319,218,23,28,http://localhost:8080/api/auth/login,53,0,0
1777735343140,64,用户注册,200,,常规接口测试-50并发 1-38,text,true,,725,253,23,28,http://localhost:8080/api/auth/register,58,0,0
1777735343164,54,关键词搜索,400,,常规接口测试-50并发 1-30,text,false,,332,183,23,28,http://localhost:8080/api/search/keyword?q=篮球,49,0,0
1777735343169,52,关键词搜索,400,,常规接口测试-50并发 1-39,text,false,,332,183,23,28,http://localhost:8080/api/search/keyword?q=篮球,47,0,0
1777735343038,207,高级筛选搜索,200,,常规接口测试-50并发 1-50,text,true,,5782,232,23,28,http://localhost:8080/api/post/list/filter?category=运动健身&pageNum=1&pageSize=10,204,0,1
1777735343204,51,用户登录,200,,常规接口测试-50并发 1-38,text,true,,319,218,23,28,http://localhost:8080/api/auth/login,44,0,0
1777735343017,245,高级筛选搜索,200,,常规接口测试-50并发 1-28,text,true,,5782,232,23,28,http://localhost:8080/api/post/list/filter?category=运动健身&pageNum=1&pageSize=10,235,0,1
1777735343244,56,用户注册,200,,常规接口测试-50并发 1-50,text,true,,725,253,22,27,http://localhost:8080/api/auth/register,53,0,0
1777735342345,990,获取帖子列表,200,,常规接口测试-50并发 1-40,text,true,,5517,179,22,27,http://localhost:8080/api/post/list?pageNum=1&pageSize=10,980,0,0
1777735343122,230,高级筛选搜索,200,,常规接口测试-50并发 1-29,text,true,,5782,232,22,27,http://localhost:8080/api/post/list/filter?category=运动健身&pageNum=1&pageSize=10,217,0,0
1777735343301,71,用户登录,200,,常规接口测试-50并发 1-50,text,true,,319,218,21,26,http://localhost:8080/api/auth/login,64,0,0
1777735343335,87,关键词搜索,400,,常规接口测试-50并发 1-40,text,false,,332,183,21,26,http://localhost:8080/api/search/keyword?q=篮球,87,0,0
1777735343221,212,高级筛选搜索,200,,常规接口测试-50并发 1-39,text,true,,5782,232,21,26,http://localhost:8080/api/post/list/filter?category=运动健身&pageNum=1&pageSize=10,209,0,1
1777735343219,242,高级筛选搜索,200,,常规接口测试-50并发 1-30,text,true,,5782,232,21,26,http://localhost:8080/api/post/list/filter?category=运动健身&pageNum=1&pageSize=10,235,0,0
1777735342448,1033,获取帖子列表,200,,常规接口测试-50并发 1-43,text,true,,5517,179,20,25,http://localhost:8080/api/post/list?pageNum=1&pageSize=10,1028,0,0
1777735342440,1049,获取帖子列表,200,,常规接口测试-50并发 1-31,text,true,,5517,179,20,25,http://localhost:8080/api/post/list?pageNum=1&pageSize=10,1044,0,0
1777735342431,1071,获取帖子列表,200,,常规接口测试-50并发 1-41,text,true,,5517,179,20,25,http://localhost:8080/api/post/list?pageNum=1&pageSize=10,1061,0,0
1777735343432,94,用户注册,200,,常规接口测试-50并发 1-39,text,true,,725,253,20,25,http://localhost:8080/api/auth/register,83,0,0
1777735342458,1088,获取帖子列表,200,,常规接口测试-50并发 1-32,text,true,,5517,179,20,25,http://localhost:8080/api/post/list?pageNum=1&pageSize=10,1078,0,0
1777735342442,1142,获取帖子列表,200,,常规接口测试-50并发 1-42,text,true,,5517,179,20,25,http://localhost:8080/api/post/list?pageNum=1&pageSize=10,1099,0,0
1777735343481,112,关键词搜索,400,,常规接口测试-50并发 1-43,text,false,,332,183,20,25,http://localhost:8080/api/search/keyword?q=篮球,104,0,0
1777735343488,112,关键词搜索,400,,常规接口测试-50并发 1-31,text,false,,332,183,20,25,http://localhost:8080/api/search/keyword?q=篮球,107,0,0
1777735343501,115,关键词搜索,400,,常规接口测试-50并发 1-41,text,false,,332,183,20,25,http://localhost:8080/api/search/keyword?q=篮球,109,0,0
1777735342518,1099,获取帖子列表,200,,常规接口测试-50并发 1-44,text,true,,5517,179,20,25,http://localhost:8080/api/post/list?pageNum=1&pageSize=10,1093,0,0
1777735343423,198,高级筛选搜索,200,,常规接口测试-50并发 1-40,text,true,,5782,232,20,25,http://localhost:8080/api/post/list/filter?category=运动健身&pageNum=1&pageSize=10,192,0,0
1777735343526,102,用户登录,200,,常规接口测试-50并发 1-39,text,true,,319,218,20,25,http://localhost:8080/api/auth/login,93,0,0
1777735343545,102,关键词搜索,400,,常规接口测试-50并发 1-32,text,false,,332,183,20,25,http://localhost:8080/api/search/keyword?q=篮球,96,0,0
1777735343583,68,关键词搜索,400,,常规接口测试-50并发 1-42,text,false,,332,183,20,25,http://localhost:8080/api/search/keyword?q=篮球,62,0,0
1777735342587,1078,获取帖子列表,200,,常规接口测试-50并发 1-33,text,true,,5517,179,20,25,http://localhost:8080/api/post/list?pageNum=1&pageSize=10,1073,0,0
1777735342600,1079,获取帖子列表,200,,常规接口测试-50并发 1-45,text,true,,5517,179,20,25,http://localhost:8080/api/post/list?pageNum=1&pageSize=10,1072,0,0
1777735343616,64,关键词搜索,400,,常规接口测试-50并发 1-44,text,false,,332,183,20,25,http://localhost:8080/api/search/keyword?q=篮球,57,0,0
1777735343621,71,用户注册,200,,常规接口测试-50并发 1-40,text,true,,725,253,20,25,http://localhost:8080/api/auth/register,65,0,0
1777735342620,1075,获取帖子列表,200,,常规接口测试-50并发 1-34,text,true,,5517,179,20,25,http://localhost:8080/api/post/list?pageNum=1&pageSize=10,1067,0,0
1777735342542,1160,获取帖子列表,200,,常规接口测试-50并发 1-46,text,true,,5517,179,20,25,http://localhost:8080/api/post/list?pageNum=1&pageSize=10,1155,0,0
1777735343664,59,关键词搜索,400,,常规接口测试-50并发 1-33,text,false,,332,183,20,25,http://localhost:8080/api/search/keyword?q=篮球,53,0,0
1777735343678,56,关键词搜索,400,,常规接口测试-50并发 1-45,text,false,,332,183,20,25,http://localhost:8080/api/search/keyword?q=篮球,51,0,0
1777735343694,52,关键词搜索,400,,常规接口测试-50并发 1-34,text,false,,332,183,20,25,http://localhost:8080/api/search/keyword?q=篮球,46,0,0
1777735343693,55,用户登录,200,,常规接口测试-50并发 1-40,text,true,,319,218,20,25,http://localhost:8080/api/auth/login,49,0,0
1777735343702,55,关键词搜索,400,,常规接口测试-50并发 1-46,text,false,,332,183,20,25,http://localhost:8080/api/search/keyword?q=篮球,49,0,0
1777735343593,168,高级筛选搜索,200,,常规接口测试-50并发 1-43,text,true,,5782,232,20,25,http://localhost:8080/api/post/list/filter?category=运动健身&pageNum=1&pageSize=10,162,0,1
1777735342816,959,获取帖子列表,200,,常规接口测试-50并发 1-48,text,true,,5517,179,20,25,http://localhost:8080/api/post/list?pageNum=1&pageSize=10,955,0,0
1777735343601,175,高级筛选搜索,200,,常规接口测试-50并发 1-31,text,true,,5782,232,20,25,http://localhost:8080/api/post/list/filter?category=运动健身&pageNum=1&pageSize=10,169,0,0
1777735343616,172,高级筛选搜索,200,,常规接口测试-50并发 1-41,text,true,,5782,232,19,24,http://localhost:8080/api/post/list/filter?category=运动健身&pageNum=1&pageSize=10,170,0,1
1777735343774,34,关键词搜索,400,,常规接口测试-50并发 1-48,text,false,,332,183,19,24,http://localhost:8080/api/search/keyword?q=篮球,29,0,0
1777735343647,163,高级筛选搜索,200,,常规接口测试-50并发 1-32,text,true,,5782,232,19,24,http://localhost:8080/api/post/list/filter?category=运动健身&pageNum=1&pageSize=10,158,0,1
1777735343762,58,用户注册,200,,常规接口测试-50并发 1-43,text,true,,725,253,18,23,http://localhost:8080/api/auth/register,54,0,0
1777735342833,994,获取帖子列表,200,,常规接口测试-50并发 1-47,text,true,,5517,179,18,23,http://localhost:8080/api/post/list?pageNum=1&pageSize=10,989,0,0
1777735343651,189,高级筛选搜索,200,,常规接口测试-50并发 1-42,text,true,,5782,232,18,23,http://localhost:8080/api/post/list/filter?category=运动健身&pageNum=1&pageSize=10,184,0,1
1777735343789,56,用户注册,200,,常规接口测试-50并发 1-41,text,true,,724,252,18,23,http://localhost:8080/api/auth/register,49,0,0
1777735342886,962,获取帖子列表,200,,常规接口测试-50并发 1-35,text,true,,5517,179,18,23,http://localhost:8080/api/post/list?pageNum=1&pageSize=10,956,0,0
1777735343680,167,高级筛选搜索,200,,常规接口测试-50并发 1-44,text,true,,5782,232,18,23,http://localhost:8080/api/post/list/filter?category=运动健身&pageNum=1&pageSize=10,163,0,1
1777735343820,60,用户登录,200,,常规接口测试-50并发 1-43,text,true,,319,218,18,23,http://localhost:8080/api/auth/login,51,0,0
1777735342929,954,获取帖子列表,200,,常规接口测试-50并发 1-49,text,true,,5517,179,18,23,http://localhost:8080/api/post/list?pageNum=1&pageSize=10,946,0,0
1777735343723,165,高级筛选搜索,200,,常规接口测试-50并发 1-33,text,true,,5782,232,18,23,http://localhost:8080/api/post/list/filter?category=运动健身&pageNum=1&pageSize=10,160,0,0
1777735343826,66,关键词搜索,400,,常规接口测试-50并发 1-47,text,false,,332,183,17,22,http://localhost:8080/api/search/keyword?q=篮球,60,0,0
1777735343734,161,高级筛选搜索,200,,常规接口测试-50并发 1-45,text,true,,5782,232,17,22,http://localhost:8080/api/post/list/filter?category=运动健身&pageNum=1&pageSize=10,156,0,1
1777735343840,60,用户注册,200,,常规接口测试-50并发 1-42,text,true,,724,252,17,22,http://localhost:8080/api/auth/register,52,0,0
1777735343746,157,高级筛选搜索,200,,常规接口测试-50并发 1-34,text,true,,5782,232,17,22,http://localhost:8080/api/post/list/filter?category=运动健身&pageNum=1&pageSize=10,150,0,1
1777735343845,64,用户登录,200,,常规接口测试-50并发 1-41,text,true,,319,218,16,21,http://localhost:8080/api/auth/login,56,0,0
1777735343757,155,高级筛选搜索,200,,常规接口测试-50并发 1-46,text,true,,5782,232,16,21,http://localhost:8080/api/post/list/filter?category=运动健身&pageNum=1&pageSize=10,148,0,1
1777735343847,71,关键词搜索,400,,常规接口测试-50并发 1-35,text,false,,332,183,16,21,http://localhost:8080/api/search/keyword?q=篮球,64,0,0
1777735343847,76,用户注册,200,,常规接口测试-50并发 1-44,text,true,,725,253,16,21,http://localhost:8080/api/auth/register,66,0,0
1777735343808,137,高级筛选搜索,200,,常规接口测试-50并发 1-48,text,true,,5782,232,16,21,http://localhost:8080/api/post/list/filter?category=运动健身&pageNum=1&pageSize=10,131,0,1
1777735343882,81,关键词搜索,400,,常规接口测试-50并发 1-49,text,false,,332,183,16,21,http://localhost:8080/api/search/keyword?q=篮球,71,0,0
1777735343111,860,获取帖子列表,200,,常规接口测试-50并发 1-37,text,true,,5517,179,16,21,http://localhost:8080/api/post/list?pageNum=1&pageSize=10,852,0,0
1777735343900,75,用户登录,200,,常规接口测试-50并发 1-42,text,true,,319,218,16,21,http://localhost:8080/api/auth/login,67,0,0
1777735343896,80,用户注册,200,,常规接口测试-50并发 1-45,text,true,,725,253,16,21,http://localhost:8080/api/auth/register,72,0,0
1777735343182,801,获取帖子列表,200,,常规接口测试-50并发 1-36,text,true,,5517,179,16,21,http://localhost:8080/api/post/list?pageNum=1&pageSize=10,792,0,0
1777735343912,81,用户注册,200,,常规接口测试-50并发 1-46,text,true,,725,253,16,21,http://localhost:8080/api/auth/register,74,0,0
1777735343923,75,用户登录,200,,常规接口测试-50并发 1-44,text,true,,319,218,16,21,http://localhost:8080/api/auth/login,68,0,0
1777735343254,762,获取帖子列表,200,,常规接口测试-50并发 1-38,text,true,,5517,179,16,21,http://localhost:8080/api/post/list?pageNum=1&pageSize=10,755,0,0
1777735343892,125,高级筛选搜索,200,,常规接口测试-50并发 1-47,text,true,,5782,232,16,21,http://localhost:8080/api/post/list/filter?category=运动健身&pageNum=1&pageSize=10,119,0,1
1777735343945,75,用户注册,200,,常规接口测试-50并发 1-48,text,true,,725,253,16,21,http://localhost:8080/api/auth/register,67,0,0
1777735343977,66,用户登录,200,,常规接口测试-50并发 1-45,text,true,,319,218,16,21,http://localhost:8080/api/auth/login,58,0,0
1777735343970,76,关键词搜索,400,,常规接口测试-50并发 1-37,text,false,,332,183,16,21,http://localhost:8080/api/search/keyword?q=篮球,68,0,0
1777735343982,72,关键词搜索,400,,常规接口测试-50并发 1-36,text,false,,332,183,16,21,http://localhost:8080/api/search/keyword?q=篮球,65,0,0
1777735343993,63,用户登录,200,,常规接口测试-50并发 1-46,text,true,,319,218,16,21,http://localhost:8080/api/auth/login,58,0,0
1777735343919,139,高级筛选搜索,200,,常规接口测试-50并发 1-35,text,true,,5782,232,16,21,http://localhost:8080/api/post/list/filter?category=运动健身&pageNum=1&pageSize=10,134,0,0
1777735343372,691,获取帖子列表,200,,常规接口测试-50并发 1-50,text,true,,5517,179,15,20,http://localhost:8080/api/post/list?pageNum=1&pageSize=10,688,0,0
1777735343963,111,高级筛选搜索,200,,常规接口测试-50并发 1-49,text,true,,5782,232,15,20,http://localhost:8080/api/post/list/filter?category=运动健身&pageNum=1&pageSize=10,107,0,0
1777735344017,57,用户注册,200,,常规接口测试-50并发 1-47,text,true,,725,253,15,20,http://localhost:8080/api/auth/register,54,0,0
1777735344020,56,用户登录,200,,常规接口测试-50并发 1-48,text,true,,319,218,15,20,http://localhost:8080/api/auth/login,53,0,0
1777735344016,60,关键词搜索,400,,常规接口测试-50并发 1-38,text,false,,332,183,15,20,http://localhost:8080/api/search/keyword?q=篮球,56,0,0
1777735344063,45,关键词搜索,400,,常规接口测试-50并发 1-50,text,false,,332,183,15,20,http://localhost:8080/api/search/keyword?q=篮球,44,0,0
1777735344074,48,用户登录,200,,常规接口测试-50并发 1-47,text,true,,319,218,15,20,http://localhost:8080/api/auth/login,44,0,0
1777735344074,57,用户注册,200,,常规接口测试-50并发 1-49,text,true,,725,253,15,20,http://localhost:8080/api/auth/register,55,0,0
1777735344131,21,用户登录,200,,常规接口测试-50并发 1-49,text,true,,319,218,15,20,http://localhost:8080/api/auth/login,21,0,0
1777735343628,549,获取帖子列表,200,,常规接口测试-50并发 1-39,text,true,,5517,179,15,20,http://localhost:8080/api/post/list?pageNum=1&pageSize=10,548,0,0
1777735344055,156,高级筛选搜索,200,,常规接口测试-50并发 1-36,text,true,,5782,232,15,20,http://localhost:8080/api/post/list/filter?category=运动健身&pageNum=1&pageSize=10,152,0,0
1777735344177,34,关键词搜索,400,,常规接口测试-50并发 1-39,text,false,,332,183,15,20,http://localhost:8080/api/search/keyword?q=篮球,30,0,0
1777735344046,166,高级筛选搜索,200,,常规接口测试-50并发 1-37,text,true,,5782,232,14,19,http://localhost:8080/api/post/list/filter?category=运动健身&pageNum=1&pageSize=10,163,0,1
1777735344076,157,高级筛选搜索,200,,常规接口测试-50并发 1-38,text,true,,5782,232,13,18,http://localhost:8080/api/post/list/filter?category=运动健身&pageNum=1&pageSize=10,156,0,1
1777735344108,135,高级筛选搜索,200,,常规接口测试-50并发 1-50,text,true,,5782,232,12,17,http://localhost:8080/api/post/list/filter?category=运动健身&pageNum=1&pageSize=10,133,0,1
1777735343748,514,获取帖子列表,200,,常规接口测试-50并发 1-40,text,true,,5517,179,12,17,http://localhost:8080/api/post/list?pageNum=1&pageSize=10,514,0,0
1777735344243,24,用户注册,200,,常规接口测试-50并发 1-50,text,true,,725,253,12,17,http://localhost:8080/api/auth/register,24,0,0
1777735344263,14,关键词搜索,400,,常规接口测试-50并发 1-40,text,false,,332,183,12,17,http://localhost:8080/api/search/keyword?q=篮球,12,0,0
1777735344268,21,用户登录,200,,常规接口测试-50并发 1-50,text,true,,319,218,12,17,http://localhost:8080/api/auth/login,21,0,0
1777735344212,106,高级筛选搜索,200,,常规接口测试-50并发 1-39,text,true,,5782,232,12,17,http://localhost:8080/api/post/list/filter?category=运动健身&pageNum=1&pageSize=10,106,0,0
1777735344277,104,高级筛选搜索,200,,常规接口测试-50并发 1-40,text,true,,5782,232,11,16,http://localhost:8080/api/post/list/filter?category=运动健身&pageNum=1&pageSize=10,102,0,1
1777735343880,538,获取帖子列表,200,,常规接口测试-50并发 1-43,text,true,,5517,179,10,15,http://localhost:8080/api/post/list?pageNum=1&pageSize=10,537,0,0
1777735344418,11,关键词搜索,400,,常规接口测试-50并发 1-43,text,false,,332,183,10,15,http://localhost:8080/api/search/keyword?q=篮球,10,0,0
1777735343909,537,获取帖子列表,200,,常规接口测试-50并发 1-41,text,true,,5517,179,10,15,http://localhost:8080/api/post/list?pageNum=1&pageSize=10,535,0,0
1777735344446,9,关键词搜索,400,,常规接口测试-50并发 1-41,text,false,,332,183,10,15,http://localhost:8080/api/search/keyword?q=篮球,9,0,0
1777735344429,85,高级筛选搜索,200,,常规接口测试-50并发 1-43,text,true,,5782,232,10,15,http://localhost:8080/api/post/list/filter?category=运动健身&pageNum=1&pageSize=10,84,0,1
1777735343998,544,获取帖子列表,200,,常规接口测试-50并发 1-44,text,true,,5517,179,9,14,http://localhost:8080/api/post/list?pageNum=1&pageSize=10,542,0,0
1777735343976,568,获取帖子列表,200,,常规接口测试-50并发 1-42,text,true,,5517,179,9,14,http://localhost:8080/api/post/list?pageNum=1&pageSize=10,565,0,0
1777735344455,93,高级筛选搜索,200,,常规接口测试-50并发 1-41,text,true,,5782,232,9,14,http://localhost:8080/api/post/list/filter?category=运动健身&pageNum=1&pageSize=10,90,0,1
1777735344544,13,关键词搜索,400,,常规接口测试-50并发 1-42,text,false,,332,183,8,13,http://localhost:8080/api/search/keyword?q=篮球,11,0,0
1777735344542,16,关键词搜索,400,,常规接口测试-50并发 1-44,text,false,,332,183,8,13,http://localhost:8080/api/search/keyword?q=篮球,14,0,0
1777735344056,505,获取帖子列表,200,,常规接口测试-50并发 1-46,text,true,,5517,179,8,13,http://localhost:8080/api/post/list?pageNum=1&pageSize=10,503,0,0
1777735344561,9,关键词搜索,400,,常规接口测试-50并发 1-46,text,false,,332,183,8,13,http://localhost:8080/api/search/keyword?q=篮球,9,0,0
1777735344044,530,获取帖子列表,200,,常规接口测试-50并发 1-45,text,true,,5517,179,8,13,http://localhost:8080/api/post/list?pageNum=1&pageSize=10,529,0,0
1777735344574,6,关键词搜索,400,,常规接口测试-50并发 1-45,text,false,,332,183,8,13,http://localhost:8080/api/search/keyword?q=篮球,6,0,0
1777735344076,522,获取帖子列表,200,,常规接口测试-50并发 1-48,text,true,,5517,179,8,13,http://localhost:8080/api/post/list?pageNum=1&pageSize=10,521,0,0
1777735344598,8,关键词搜索,400,,常规接口测试-50并发 1-48,text,false,,332,183,8,13,http://localhost:8080/api/search/keyword?q=篮球,7,0,0
1777735344122,492,获取帖子列表,200,,常规接口测试-50并发 1-47,text,true,,5517,179,8,13,http://localhost:8080/api/post/list?pageNum=1&pageSize=10,491,0,0
1777735344614,4,关键词搜索,400,,常规接口测试-50并发 1-47,text,false,,332,183,8,13,http://localhost:8080/api/search/keyword?q=篮球,4,0,0
1777735344153,468,获取帖子列表,200,,常规接口测试-50并发 1-49,text,true,,5517,179,8,13,http://localhost:8080/api/post/list?pageNum=1&pageSize=10,468,0,0
1777735344557,68,高级筛选搜索,200,,常规接口测试-50并发 1-42,text,true,,5782,232,8,13,http://localhost:8080/api/post/list/filter?category=运动健身&pageNum=1&pageSize=10,68,0,1
1777735344621,8,关键词搜索,400,,常规接口测试-50并发 1-49,text,false,,332,183,7,12,http://localhost:8080/api/search/keyword?q=篮球,7,0,0
1777735344558,72,高级筛选搜索,200,,常规接口测试-50并发 1-44,text,true,,5782,232,7,12,http://localhost:8080/api/post/list/filter?category=运动健身&pageNum=1&pageSize=10,71,0,1
1777735344570,63,高级筛选搜索,200,,常规接口测试-50并发 1-46,text,true,,5782,232,6,11,http://localhost:8080/api/post/list/filter?category=运动健身&pageNum=1&pageSize=10,63,0,1
1777735344580,62,高级筛选搜索,200,,常规接口测试-50并发 1-45,text,true,,5782,232,5,10,http://localhost:8080/api/post/list/filter?category=运动健身&pageNum=1&pageSize=10,62,0,1
1777735344606,52,高级筛选搜索,200,,常规接口测试-50并发 1-48,text,true,,5782,232,4,9,http://localhost:8080/api/post/list/filter?category=运动健身&pageNum=1&pageSize=10,52,0,0
1777735344619,39,高级筛选搜索,200,,常规接口测试-50并发 1-47,text,true,,5782,232,3,8,http://localhost:8080/api/post/list/filter?category=运动健身&pageNum=1&pageSize=10,39,0,0
1777735344289,370,获取帖子列表,200,,常规接口测试-50并发 1-50,text,true,,5517,179,2,7,http://localhost:8080/api/post/list?pageNum=1&pageSize=10,370,0,0
1777735344659,2,关键词搜索,400,,常规接口测试-50并发 1-50,text,false,,332,183,2,7,http://localhost:8080/api/search/keyword?q=篮球,2,0,0
1777735344629,35,高级筛选搜索,200,,常规接口测试-50并发 1-49,text,true,,5782,232,2,7,http://localhost:8080/api/post/list/filter?category=运动健身&pageNum=1&pageSize=10,34,0,1
1777735344661,22,高级筛选搜索,200,,常规接口测试-50并发 1-50,text,true,,5782,232,1,6,http://localhost:8080/api/post/list/filter?category=运动健身&pageNum=1&pageSize=10,21,0,0
1777735431332,45,用户注册,200,,常规接口测试-50并发 1-1,text,true,,724,252,2,3,http://localhost:8080/api/auth/register,40,0,25
1777735431339,39,用户注册,200,,常规接口测试-50并发 1-2,text,true,,725,253,2,3,http://localhost:8080/api/auth/register,34,0,19
1777735431380,4,用户登录,200,,常规接口测试-50并发 1-2,text,true,,319,218,2,3,http://localhost:8080/api/auth/login,4,0,0
1777735431380,4,用户登录,200,,常规接口测试-50并发 1-1,text,true,,319,218,2,3,http://localhost:8080/api/auth/login,4,0,0
1777735431385,132,获取帖子列表,200,,常规接口测试-50并发 1-2,text,true,,5517,179,2,3,http://localhost:8080/api/post/list?pageNum=1&pageSize=10,132,0,0
1777735431385,132,获取帖子列表,200,,常规接口测试-50并发 1-1,text,true,,5517,179,2,3,http://localhost:8080/api/post/list?pageNum=1&pageSize=10,132,0,0
1777735431518,8,关键词搜索,400,,常规接口测试-50并发 1-1,text,false,,332,183,2,3,http://localhost:8080/api/search/keyword?q=篮球,8,0,0
1777735431518,8,关键词搜索,400,,常规接口测试-50并发 1-2,text,false,,332,183,2,3,http://localhost:8080/api/search/keyword?q=篮球,8,0,0
1777735431538,8,用户注册,200,,常规接口测试-50并发 1-3,text,true,,725,253,3,4,http://localhost:8080/api/auth/register,8,0,1
1777735431547,4,用户登录,200,,常规接口测试-50并发 1-3,text,true,,319,218,3,4,http://localhost:8080/api/auth/login,3,0,0
1777735431527,30,高级筛选搜索,200,,常规接口测试-50并发 1-1,text,true,,5782,232,3,4,http://localhost:8080/api/post/list/filter?category=运动健身&pageNum=1&pageSize=10,30,0,1
1777735431527,30,高级筛选搜索,200,,常规接口测试-50并发 1-2,text,true,,5782,232,3,4,http://localhost:8080/api/post/list/filter?category=运动健身&pageNum=1&pageSize=10,30,0,1
1777735431558,9,用户注册,200,,常规接口测试-50并发 1-1,text,true,,725,253,3,4,http://localhost:8080/api/auth/register,8,0,0
1777735431558,10,用户注册,200,,常规接口测试-50并发 1-2,text,true,,725,253,3,4,http://localhost:8080/api/auth/register,9,0,0
1777735431568,5,用户登录,200,,常规接口测试-50并发 1-2,text,true,,319,218,3,4,http://localhost:8080/api/auth/login,5,0,0
1777735431568,5,用户登录,200,,常规接口测试-50并发 1-1,text,true,,319,218,3,4,http://localhost:8080/api/auth/login,5,0,0
1777735431738,12,用户注册,200,,常规接口测试-50并发 1-4,text,true,,724,252,4,5,http://localhost:8080/api/auth/register,11,0,1
1777735431750,5,用户登录,200,,常规接口测试-50并发 1-4,text,true,,319,218,4,5,http://localhost:8080/api/auth/login,5,0,0
1777735431551,217,获取帖子列表,200,,常规接口测试-50并发 1-3,text,true,,5517,179,4,5,http://localhost:8080/api/post/list?pageNum=1&pageSize=10,217,0,0
1777735431769,4,关键词搜索,400,,常规接口测试-50并发 1-3,text,false,,332,183,4,5,http://localhost:8080/api/search/keyword?q=篮球,4,0,0
1777735431573,226,获取帖子列表,200,,常规接口测试-50并发 1-1,text,true,,5517,179,4,5,http://localhost:8080/api/post/list?pageNum=1&pageSize=10,225,0,0
1777735431799,4,关键词搜索,400,,常规接口测试-50并发 1-1,text,false,,332,183,4,5,http://localhost:8080/api/search/keyword?q=篮球,3,0,0
1777735431573,231,获取帖子列表,200,,常规接口测试-50并发 1-2,text,true,,5517,179,4,5,http://localhost:8080/api/post/list?pageNum=1&pageSize=10,231,0,0
1777735431774,32,高级筛选搜索,200,,常规接口测试-50并发 1-3,text,true,,5782,232,4,5,http://localhost:8080/api/post/list/filter?category=运动健身&pageNum=1&pageSize=10,32,0,1
1777735431805,4,关键词搜索,400,,常规接口测试-50并发 1-2,text,false,,332,183,4,5,http://localhost:8080/api/search/keyword?q=篮球,3,0,0
1777735431807,9,用户注册,200,,常规接口测试-50并发 1-3,text,true,,725,253,4,5,http://localhost:8080/api/auth/register,8,0,0
1777735431816,5,用户登录,200,,常规接口测试-50并发 1-3,text,true,,319,218,4,5,http://localhost:8080/api/auth/login,5,0,0
1777735431803,36,高级筛选搜索,200,,常规接口测试-50并发 1-1,text,true,,5782,232,4,5,http://localhost:8080/api/post/list/filter?category=运动健身&pageNum=1&pageSize=10,36,0,2
1777735431809,33,高级筛选搜索,200,,常规接口测试-50并发 1-2,text,true,,5782,232,4,5,http://localhost:8080/api/post/list/filter?category=运动健身&pageNum=1&pageSize=10,33,0,1
1777735431839,11,用户注册,200,,常规接口测试-50并发 1-1,text,true,,725,253,4,5,http://localhost:8080/api/auth/register,11,0,0
1777735431843,11,用户注册,200,,常规接口测试-50并发 1-2,text,true,,725,253,4,5,http://localhost:8080/api/auth/register,10,0,0
1777735431851,5,用户登录,200,,常规接口测试-50并发 1-1,text,true,,319,218,4,5,http://localhost:8080/api/auth/login,4,0,0
1777735431854,5,用户登录,200,,常规接口测试-50并发 1-2,text,true,,319,218,4,5,http://localhost:8080/api/auth/login,5,0,0
1777735431756,177,获取帖子列表,200,,常规接口测试-50并发 1-4,text,true,,5517,179,4,5,http://localhost:8080/api/post/list?pageNum=1&pageSize=10,177,0,0
1777735431933,4,关键词搜索,400,,常规接口测试-50并发 1-4,text,false,,332,183,5,6,http://localhost:8080/api/search/keyword?q=篮球,4,0,0
1777735431937,12,用户注册,200,,常规接口测试-50并发 1-5,text,true,,725,253,5,6,http://localhost:8080/api/auth/register,12,0,1
1777735431949,7,用户登录,200,,常规接口测试-50并发 1-5,text,true,,319,218,5,6,http://localhost:8080/api/auth/login,6,0,0
1777735431938,47,高级筛选搜索,200,,常规接口测试-50并发 1-4,text,true,,5782,232,5,6,http://localhost:8080/api/post/list/filter?category=运动健身&pageNum=1&pageSize=10,47,0,1
1777735431986,18,用户注册,200,,常规接口测试-50并发 1-4,text,true,,725,253,5,6,http://localhost:8080/api/auth/register,18,0,0
1777735432005,12,用户登录,200,,常规接口测试-50并发 1-4,text,true,,319,218,5,6,http://localhost:8080/api/auth/login,12,0,0
1777735431821,229,获取帖子列表,200,,常规接口测试-50并发 1-3,text,true,,5517,179,5,6,http://localhost:8080/api/post/list?pageNum=1&pageSize=10,229,0,0
1777735432051,7,关键词搜索,400,,常规接口测试-50并发 1-3,text,false,,332,183,5,6,http://localhost:8080/api/search/keyword?q=篮球,6,0,0
1777735431856,229,获取帖子列表,200,,常规接口测试-50并发 1-1,text,true,,5517,179,5,6,http://localhost:8080/api/post/list?pageNum=1&pageSize=10,229,0,0
1777735431859,227,获取帖子列表,200,,常规接口测试-50并发 1-2,text,true,,5517,179,5,6,http://localhost:8080/api/post/list?pageNum=1&pageSize=10,227,0,0
1777735432086,6,关键词搜索,400,,常规接口测试-50并发 1-1,text,false,,332,183,5,6,http://localhost:8080/api/search/keyword?q=篮球,6,0,0
1777735432086,6,关键词搜索,400,,常规接口测试-50并发 1-2,text,false,,332,183,5,6,http://localhost:8080/api/search/keyword?q=篮球,6,0,0
1777735432058,41,高级筛选搜索,200,,常规接口测试-50并发 1-3,text,true,,5782,232,5,6,http://localhost:8080/api/post/list/filter?category=运动健身&pageNum=1&pageSize=10,41,0,1
1777735432100,10,用户注册,200,,常规接口测试-50并发 1-3,text,true,,725,253,5,6,http://localhost:8080/api/auth/register,10,0,0
1777735432111,7,用户登录,200,,常规接口测试-50并发 1-3,text,true,,319,218,5,6,http://localhost:8080/api/auth/login,7,0,0
1777735432093,43,高级筛选搜索,200,,常规接口测试-50并发 1-1,text,true,,5782,232,5,6,http://localhost:8080/api/post/list/filter?category=运动健身&pageNum=1&pageSize=10,42,0,0
1777735432093,49,高级筛选搜索,200,,常规接口测试-50并发 1-2,text,true,,5782,232,6,7,http://localhost:8080/api/post/list/filter?category=运动健身&pageNum=1&pageSize=10,48,0,0
1777735432137,13,用户注册,200,,常规接口测试-50并发 1-1,text,true,,725,253,6,7,http://localhost:8080/api/auth/register,13,0,0
1777735432142,14,用户注册,200,,常规接口测试-50并发 1-2,text,true,,725,253,6,7,http://localhost:8080/api/auth/register,13,0,0
1777735432151,7,用户登录,200,,常规接口测试-50并发 1-1,text,true,,319,218,6,7,http://localhost:8080/api/auth/login,7,0,0
1777735432138,20,用户注册,200,,常规接口测试-50并发 1-6,text,true,,725,253,6,7,http://localhost:8080/api/auth/register,20,0,1
1777735432157,8,用户登录,200,,常规接口测试-50并发 1-2,text,true,,319,218,6,8,http://localhost:8080/api/auth/login,7,0,0
1777735432158,8,用户登录,200,,常规接口测试-50并发 1-6,text,true,,319,218,6,8,http://localhost:8080/api/auth/login,7,0,0
1777735431956,254,获取帖子列表,200,,常规接口测试-50并发 1-5,text,true,,5517,179,6,8,http://localhost:8080/api/post/list?pageNum=1&pageSize=10,254,0,0
1777735432211,5,关键词搜索,400,,常规接口测试-50并发 1-5,text,false,,332,183,6,8,http://localhost:8080/api/search/keyword?q=篮球,4,0,0
1777735432217,48,高级筛选搜索,200,,常规接口测试-50并发 1-5,text,true,,5782,232,6,8,http://localhost:8080/api/post/list/filter?category=运动健身&pageNum=1&pageSize=10,48,0,1
1777735432018,250,获取帖子列表,200,,常规接口测试-50并发 1-4,text,true,,5517,179,6,8,http://localhost:8080/api/post/list?pageNum=1&pageSize=10,250,0,0
1777735432269,5,关键词搜索,400,,常规接口测试-50并发 1-4,text,false,,332,183,6,8,http://localhost:8080/api/search/keyword?q=篮球,5,0,0
1777735432266,14,用户注册,200,,常规接口测试-50并发 1-5,text,true,,725,253,6,8,http://localhost:8080/api/auth/register,14,0,0
1777735432281,7,用户登录,200,,常规接口测试-50并发 1-5,text,true,,319,218,6,8,http://localhost:8080/api/auth/login,7,0,0
1777735432275,49,高级筛选搜索,200,,常规接口测试-50并发 1-4,text,true,,5782,232,6,8,http://localhost:8080/api/post/list/filter?category=运动健身&pageNum=1&pageSize=10,49,0,1
1777735432325,11,用户注册,200,,常规接口测试-50并发 1-4,text,true,,725,253,7,9,http://localhost:8080/api/auth/register,11,0,0
1777735432337,9,用户登录,200,,常规接口测试-50并发 1-4,text,true,,319,218,7,9,http://localhost:8080/api/auth/login,9,0,0
1777735432335,20,用户注册,200,,常规接口测试-50并发 1-7,text,true,,725,253,7,9,http://localhost:8080/api/auth/register,20,0,2
1777735432356,10,用户登录,200,,常规接口测试-50并发 1-7,text,true,,319,218,7,9,http://localhost:8080/api/auth/login,10,0,0
1777735432119,272,获取帖子列表,200,,常规接口测试-50并发 1-3,text,true,,5517,179,7,9,http://localhost:8080/api/post/list?pageNum=1&pageSize=10,272,0,0
1777735432392,6,关键词搜索,400,,常规接口测试-50并发 1-3,text,false,,332,183,7,9,http://localhost:8080/api/search/keyword?q=篮球,6,0,0
1777735432158,315,获取帖子列表,200,,常规接口测试-50并发 1-1,text,true,,5517,179,7,9,http://localhost:8080/api/post/list?pageNum=1&pageSize=10,314,0,0
1777735432473,5,关键词搜索,400,,常规接口测试-50并发 1-1,text,false,,332,183,7,9,http://localhost:8080/api/search/keyword?q=篮球,5,0,0
1777735432167,317,获取帖子列表,200,,常规接口测试-50并发 1-6,text,true,,5517,179,7,9,http://localhost:8080/api/post/list?pageNum=1&pageSize=10,316,0,0
1777735432165,319,获取帖子列表,200,,常规接口测试-50并发 1-2,text,true,,5517,179,7,9,http://localhost:8080/api/post/list?pageNum=1&pageSize=10,319,0,0
1777735432484,11,关键词搜索,400,,常规接口测试-50并发 1-6,text,false,,332,183,7,9,http://localhost:8080/api/search/keyword?q=篮球,10,0,0
1777735432484,12,关键词搜索,400,,常规接口测试-50并发 1-2,text,false,,332,183,7,9,http://localhost:8080/api/search/keyword?q=篮球,11,0,0
1777735432398,99,高级筛选搜索,200,,常规接口测试-50并发 1-3,text,true,,5782,232,7,9,http://localhost:8080/api/post/list/filter?category=运动健身&pageNum=1&pageSize=10,99,0,1
1777735432498,16,用户注册,200,,常规接口测试-50并发 1-3,text,true,,724,252,7,9,http://localhost:8080/api/auth/register,16,0,0
1777735432514,8,用户登录,200,,常规接口测试-50并发 1-3,text,true,,319,218,7,9,http://localhost:8080/api/auth/login,8,0,0
1777735432478,67,高级筛选搜索,200,,常规接口测试-50并发 1-1,text,true,,5782,232,8,10,http://localhost:8080/api/post/list/filter?category=运动健身&pageNum=1&pageSize=10,66,0,1
1777735432496,59,高级筛选搜索,200,,常规接口测试-50并发 1-6,text,true,,5782,232,8,10,http://localhost:8080/api/post/list/filter?category=运动健身&pageNum=1&pageSize=10,58,0,1
1777735432546,15,用户注册,200,,常规接口测试-50并发 1-1,text,true,,725,253,8,10,http://localhost:8080/api/auth/register,14,0,0
1777735432536,25,用户注册,200,,常规接口测试-50并发 1-8,text,true,,725,253,8,10,http://localhost:8080/api/auth/register,25,0,2
1777735432497,64,高级筛选搜索,200,,常规接口测试-50并发 1-2,text,true,,5782,232,8,10,http://localhost:8080/api/post/list/filter?category=运动健身&pageNum=1&pageSize=10,64,0,1
1777735432556,17,用户注册,200,,常规接口测试-50并发 1-6,text,true,,725,253,8,10,http://localhost:8080/api/auth/register,16,0,0
1777735432562,13,用户登录,200,,常规接口测试-50并发 1-1,text,true,,319,218,8,10,http://localhost:8080/api/auth/login,12,0,0
1777735432562,13,用户登录,200,,常规接口测试-50并发 1-8,text,true,,319,218,8,10,http://localhost:8080/api/auth/login,13,0,0
1777735432562,22,用户注册,200,,常规接口测试-50并发 1-2,text,true,,725,253,8,10,http://localhost:8080/api/auth/register,21,0,0
1777735432574,12,用户登录,200,,常规接口测试-50并发 1-6,text,true,,319,218,8,10,http://localhost:8080/api/auth/login,12,0,0
1777735432584,9,用户登录,200,,常规接口测试-50并发 1-2,text,true,,319,218,8,10,http://localhost:8080/api/auth/login,8,0,0
1777735432289,336,获取帖子列表,200,,常规接口测试-50并发 1-5,text,true,,5517,179,8,10,http://localhost:8080/api/post/list?pageNum=1&pageSize=10,336,0,0
1777735432626,7,关键词搜索,400,,常规接口测试-50并发 1-5,text,false,,332,183,8,10,http://localhost:8080/api/search/keyword?q=篮球,7,0,0
1777735432347,366,获取帖子列表,200,,常规接口测试-50并发 1-4,text,true,,5517,179,8,10,http://localhost:8080/api/post/list?pageNum=1&pageSize=10,364,0,0
1777735432633,87,高级筛选搜索,200,,常规接口测试-50并发 1-5,text,true,,5782,232,8,10,http://localhost:8080/api/post/list/filter?category=运动健身&pageNum=1&pageSize=10,85,0,1
1777735432713,17,关键词搜索,400,,常规接口测试-50并发 1-4,text,false,,332,183,8,10,http://localhost:8080/api/search/keyword?q=篮球,16,0,0
1777735432367,377,获取帖子列表,200,,常规接口测试-50并发 1-7,text,true,,5517,179,9,11,http://localhost:8080/api/post/list?pageNum=1&pageSize=10,375,0,0
1777735432720,30,用户注册,200,,常规接口测试-50并发 1-5,text,true,,725,253,9,11,http://localhost:8080/api/auth/register,29,0,0
1777735432745,6,关键词搜索,400,,常规接口测试-50并发 1-7,text,false,,332,183,9,11,http://localhost:8080/api/search/keyword?q=篮球,6,0,0
1777735432737,24,用户注册,200,,常规接口测试-50并发 1-9,text,true,,725,253,9,11,http://localhost:8080/api/auth/register,22,0,1
1777735432751,13,用户登录,200,,常规接口测试-50并发 1-5,text,true,,319,218,9,11,http://localhost:8080/api/auth/login,12,0,0
1777735432761,10,用户登录,200,,常规接口测试-50并发 1-9,text,true,,319,218,9,11,http://localhost:8080/api/auth/login,10,0,0
1777735432731,78,高级筛选搜索,200,,常规接口测试-50并发 1-4,text,true,,5782,232,9,11,http://localhost:8080/api/post/list/filter?category=运动健身&pageNum=1&pageSize=10,77,0,1
1777735432752,75,高级筛选搜索,200,,常规接口测试-50并发 1-7,text,true,,5782,232,9,11,http://localhost:8080/api/post/list/filter?category=运动健身&pageNum=1&pageSize=10,75,0,0
1777735432809,18,用户注册,200,,常规接口测试-50并发 1-4,text,true,,725,253,9,11,http://localhost:8080/api/auth/register,18,0,0
1777735432828,17,用户登录,200,,常规接口测试-50并发 1-4,text,true,,319,218,9,11,http://localhost:8080/api/auth/login,17,0,0
1777735432828,22,用户注册,200,,常规接口测试-50并发 1-7,text,true,,725,253,9,11,http://localhost:8080/api/auth/register,21,0,0
1777735432851,11,用户登录,200,,常规接口测试-50并发 1-7,text,true,,319,218,9,11,http://localhost:8080/api/auth/login,11,0,0
1777735432523,389,获取帖子列表,200,,常规接口测试-50并发 1-3,text,true,,5517,179,9,11,http://localhost:8080/api/post/list?pageNum=1&pageSize=10,389,0,0
1777735432913,6,关键词搜索,400,,常规接口测试-50并发 1-3,text,false,,332,183,9,11,http://localhost:8080/api/search/keyword?q=篮球,5,0,0
1777735432933,22,用户注册,200,,常规接口测试-50并发 1-10,text,true,,723,253,10,12,http://localhost:8080/api/auth/register,21,0,1
1777735432955,13,用户登录,200,,常规接口测试-50并发 1-10,text,true,,319,218,10,12,http://localhost:8080/api/auth/login,11,0,0
1777735432575,412,获取帖子列表,200,,常规接口测试-50并发 1-1,text,true,,5517,179,10,12,http://localhost:8080/api/post/list?pageNum=1&pageSize=10,412,0,0
1777735432988,6,关键词搜索,400,,常规接口测试-50并发 1-1,text,false,,332,183,10,12,http://localhost:8080/api/search/keyword?q=篮球,5,0,0
1777735432919,87,高级筛选搜索,200,,常规接口测试-50并发 1-3,text,true,,5782,232,10,12,http://localhost:8080/api/post/list/filter?category=运动健身&pageNum=1&pageSize=10,87,0,1
1777735432575,440,获取帖子列表,200,,常规接口测试-50并发 1-8,text,true,,5517,179,10,12,http://localhost:8080/api/post/list?pageNum=1&pageSize=10,439,0,0
1777735432593,426,获取帖子列表,200,,常规接口测试-50并发 1-2,text,true,,5517,179,10,12,http://localhost:8080/api/post/list?pageNum=1&pageSize=10,424,0,0
1777735432587,444,获取帖子列表,200,,常规接口测试-50并发 1-6,text,true,,5517,179,10,12,http://localhost:8080/api/post/list?pageNum=1&pageSize=10,440,0,0
1777735433007,41,用户注册,200,,常规接口测试-50并发 1-3,text,true,,725,253,10,12,http://localhost:8080/api/auth/register,37,0,0
1777735433016,42,关键词搜索,400,,常规接口测试-50并发 1-8,text,false,,332,183,10,12,http://localhost:8080/api/search/keyword?q=篮球,39,0,0
1777735433020,42,关键词搜索,400,,常规接口测试-50并发 1-2,text,false,,332,183,10,12,http://localhost:8080/api/search/keyword?q=篮球,39,0,0
1777735433032,38,关键词搜索,400,,常规接口测试-50并发 1-6,text,false,,332,183,10,12,http://localhost:8080/api/search/keyword?q=篮球,33,0,0
1777735433049,30,用户登录,200,,常规接口测试-50并发 1-3,text,true,,319,218,10,12,http://localhost:8080/api/auth/login,30,0,0
1777735432994,95,高级筛选搜索,200,,常规接口测试-50并发 1-1,text,true,,5782,232,10,12,http://localhost:8080/api/post/list/filter?category=运动健身&pageNum=1&pageSize=10,95,0,1
1777735433090,21,用户注册,200,,常规接口测试-50并发 1-1,text,true,,725,253,10,12,http://localhost:8080/api/auth/register,20,0,0
1777735433111,11,用户登录,200,,常规接口测试-50并发 1-1,text,true,,319,218,10,12,http://localhost:8080/api/auth/login,10,0,0
1777735433134,67,用户注册,200,,常规接口测试-50并发 1-11,text,true,,725,253,11,14,http://localhost:8080/api/auth/register,63,0,0
1777735433071,132,高级筛选搜索,200,,常规接口测试-50并发 1-6,text,true,,5782,232,11,14,http://localhost:8080/api/post/list/filter?category=运动健身&pageNum=1&pageSize=10,128,0,1
1777735433059,149,高级筛选搜索,200,,常规接口测试-50并发 1-8,text,true,,5782,232,11,14,http://localhost:8080/api/post/list/filter?category=运动健身&pageNum=1&pageSize=10,144,0,1
1777735433062,146,高级筛选搜索,200,,常规接口测试-50并发 1-2,text,true,,5782,232,11,14,http://localhost:8080/api/post/list/filter?category=运动健身&pageNum=1&pageSize=10,143,0,1
1777735432764,464,获取帖子列表,200,,常规接口测试-50并发 1-5,text,true,,5517,179,11,14,http://localhost:8080/api/post/list?pageNum=1&pageSize=10,461,0,0
1777735433202,27,用户登录,200,,常规接口测试-50并发 1-11,text,true,,319,218,11,14,http://localhost:8080/api/auth/login,25,0,0
1777735433204,34,用户注册,200,,常规接口测试-50并发 1-6,text,true,,725,253,11,14,http://localhost:8080/api/auth/register,30,0,0
1777735433209,37,用户注册,200,,常规接口测试-50并发 1-2,text,true,,725,253,11,14,http://localhost:8080/api/auth/register,34,0,0
1777735433209,39,用户注册,200,,常规接口测试-50并发 1-8,text,true,,723,253,11,14,http://localhost:8080/api/auth/register,35,0,0
1777735432771,481,获取帖子列表,200,,常规接口测试-50并发 1-9,text,true,,5517,179,11,14,http://localhost:8080/api/post/list?pageNum=1&pageSize=10,479,0,0
1777735433228,28,关键词搜索,400,,常规接口测试-50并发 1-5,text,false,,332,183,11,14,http://localhost:8080/api/search/keyword?q=篮球,26,0,0
1777735433238,22,用户登录,200,,常规接口测试-50并发 1-6,text,true,,319,218,11,14,http://localhost:8080/api/auth/login,20,0,0
1777735433246,21,用户登录,200,,常规接口测试-50并发 1-2,text,true,,319,218,11,14,http://localhost:8080/api/auth/login,18,0,0
1777735433248,20,用户登录,200,,常规接口测试-50并发 1-8,text,true,,319,218,11,14,http://localhost:8080/api/auth/login,19,0,0
1777735433252,16,关键词搜索,400,,常规接口测试-50并发 1-9,text,false,,332,183,11,14,http://localhost:8080/api/search/keyword?q=篮球,15,0,0
1777735432845,442,获取帖子列表,200,,常规接口测试-50并发 1-4,text,true,,5517,179,11,14,http://localhost:8080/api/post/list?pageNum=1&pageSize=10,442,0,0
1777735433288,6,关键词搜索,400,,常规接口测试-50并发 1-4,text,false,,332,183,11,14,http://localhost:8080/api/search/keyword?q=篮球,5,0,0
1777735432863,469,获取帖子列表,200,,常规接口测试-50并发 1-7,text,true,,5517,179,11,14,http://localhost:8080/api/post/list?pageNum=1&pageSize=10,469,0,0
1777735433333,17,关键词搜索,400,,常规接口测试-50并发 1-7,text,false,,332,183,12,15,http://localhost:8080/api/search/keyword?q=篮球,13,0,0
1777735433257,96,高级筛选搜索,200,,常规接口测试-50并发 1-5,text,true,,5782,232,12,15,http://localhost:8080/api/post/list/filter?category=运动健身&pageNum=1&pageSize=10,95,0,1
1777735433336,32,用户注册,200,,常规接口测试-50并发 1-12,text,true,,725,253,12,15,http://localhost:8080/api/auth/register,30,0,1
1777735433268,102,高级筛选搜索,200,,常规接口测试-50并发 1-9,text,true,,5782,232,12,15,http://localhost:8080/api/post/list/filter?category=运动健身&pageNum=1&pageSize=10,101,0,1
1777735433354,24,用户注册,200,,常规接口测试-50并发 1-5,text,true,,725,253,12,15,http://localhost:8080/api/auth/register,23,0,0
1777735433368,16,用户登录,200,,常规接口测试-50并发 1-12,text,true,,319,218,12,15,http://localhost:8080/api/auth/login,14,0,0
1777735433294,97,高级筛选搜索,200,,常规接口测试-50并发 1-4,text,true,,5782,232,12,15,http://localhost:8080/api/post/list/filter?category=运动健身&pageNum=1&pageSize=10,95,0,1
1777735433378,24,用户登录,200,,常规接口测试-50并发 1-5,text,true,,319,218,12,15,http://localhost:8080/api/auth/login,22,0,0
1777735433371,33,用户注册,200,,常规接口测试-50并发 1-9,text,true,,723,253,12,15,http://localhost:8080/api/auth/register,30,0,0
1777735433391,29,用户注册,200,,常规接口测试-50并发 1-4,text,true,,725,253,12,15,http://localhost:8080/api/auth/register,27,0,0
1777735433404,16,用户登录,200,,常规接口测试-50并发 1-9,text,true,,319,218,12,15,http://localhost:8080/api/auth/login,15,0,0
1777735433420,14,用户登录,200,,常规接口测试-50并发 1-4,text,true,,319,218,12,15,http://localhost:8080/api/auth/login,14,0,0
1777735433350,103,高级筛选搜索,200,,常规接口测试-50并发 1-7,text,true,,5782,232,12,15,http://localhost:8080/api/post/list/filter?category=运动健身&pageNum=1&pageSize=10,103,0,1
1777735432968,496,获取帖子列表,200,,常规接口测试-50并发 1-10,text,true,,5517,179,12,15,http://localhost:8080/api/post/list?pageNum=1&pageSize=10,495,0,0
1777735433465,10,关键词搜索,400,,常规接口测试-50并发 1-10,text,false,,332,183,12,15,http://localhost:8080/api/search/keyword?q=篮球,8,0,0
1777735433454,26,用户注册,200,,常规接口测试-50并发 1-7,text,true,,725,253,12,15,http://localhost:8080/api/auth/register,25,0,0
1777735433480,18,用户登录,200,,常规接口测试-50并发 1-7,text,true,,319,218,12,15,http://localhost:8080/api/auth/login,18,0,0
1777735433535,25,用户注册,200,,常规接口测试-50并发 1-13,text,true,,723,253,13,16,http://localhost:8080/api/auth/register,25,0,1
1777735433560,16,用户登录,200,,常规接口测试-50并发 1-13,text,true,,319,218,13,16,http://localhost:8080/api/auth/login,15,0,0
1777735433475,110,高级筛选搜索,200,,常规接口测试-50并发 1-10,text,true,,5782,232,13,16,http://localhost:8080/api/post/list/filter?category=运动健身&pageNum=1&pageSize=10,107,0,1
1777735433080,510,获取帖子列表,200,,常规接口测试-50并发 1-3,text,true,,5517,179,13,16,http://localhost:8080/api/post/list?pageNum=1&pageSize=10,509,0,0
1777735433591,12,关键词搜索,400,,常规接口测试-50并发 1-3,text,false,,332,183,13,16,http://localhost:8080/api/search/keyword?q=篮球,11,0,0
1777735433586,29,用户注册,200,,常规接口测试-50并发 1-10,text,true,,725,253,13,16,http://localhost:8080/api/auth/register,28,0,0
1777735433122,495,获取帖子列表,200,,常规接口测试-50并发 1-1,text,true,,5517,179,13,16,http://localhost:8080/api/post/list?pageNum=1&pageSize=10,492,0,0
1777735433617,14,关键词搜索,400,,常规接口测试-50并发 1-1,text,false,,332,183,13,16,http://localhost:8080/api/search/keyword?q=篮球,12,0,0
1777735433616,18,用户登录,200,,常规接口测试-50并发 1-10,text,true,,319,218,13,16,http://localhost:8080/api/auth/login,17,0,0
1777735433604,126,高级筛选搜索,200,,常规接口测试-50并发 1-3,text,true,,5782,232,13,16,http://localhost:8080/api/post/list/filter?category=运动健身&pageNum=1&pageSize=10,125,0,1
1777735433730,24,用户注册,200,,常规接口测试-50并发 1-3,text,true,,725,253,14,17,http://localhost:8080/api/auth/register,24,0,0
1777735433735,27,用户注册,200,,常规接口测试-50并发 1-14,text,true,,725,253,14,17,http://localhost:8080/api/auth/register,26,0,1
1777735433754,28,用户登录,200,,常规接口测试-50并发 1-3,text,true,,319,218,14,17,http://localhost:8080/api/auth/login,25,0,0
1777735433632,152,高级筛选搜索,200,,常规接口测试-50并发 1-1,text,true,,5782,232,14,17,http://localhost:8080/api/post/list/filter?category=运动健身&pageNum=1&pageSize=10,148,0,1
1777735433763,36,用户登录,200,,常规接口测试-50并发 1-14,text,true,,319,218,14,17,http://localhost:8080/api/auth/login,33,0,0
1777735433229,572,获取帖子列表,200,,常规接口测试-50并发 1-11,text,true,,5517,179,14,17,http://localhost:8080/api/post/list?pageNum=1&pageSize=10,569,0,0
1777735433267,545,获取帖子列表,200,,常规接口测试-50并发 1-2,text,true,,5517,179,14,17,http://localhost:8080/api/post/list?pageNum=1&pageSize=10,544,0,0
1777735433801,17,关键词搜索,400,,常规接口测试-50并发 1-11,text,false,,332,183,14,17,http://localhost:8080/api/search/keyword?q=篮球,15,0,0
1777735433784,43,用户注册,200,,常规接口测试-50并发 1-1,text,true,,725,253,14,17,http://localhost:8080/api/auth/register,41,0,0
1777735433261,571,获取帖子列表,200,,常规接口测试-50并发 1-6,text,true,,5517,179,14,17,http://localhost:8080/api/post/list?pageNum=1&pageSize=10,569,0,0
1777735433813,26,关键词搜索,400,,常规接口测试-50并发 1-2,text,false,,332,183,14,17,http://localhost:8080/api/search/keyword?q=篮球,23,0,0
1777735433833,19,关键词搜索,400,,常规接口测试-50并发 1-6,text,false,,332,183,14,17,http://localhost:8080/api/search/keyword?q=篮球,17,0,0
1777735433828,24,用户登录,200,,常规接口测试-50并发 1-1,text,true,,319,218,14,17,http://localhost:8080/api/auth/login,22,0,0
1777735433268,606,获取帖子列表,200,,常规接口测试-50并发 1-8,text,true,,5517,179,14,17,http://localhost:8080/api/post/list?pageNum=1&pageSize=10,604,0,0
1777735433874,10,关键词搜索,400,,常规接口测试-50并发 1-8,text,false,,332,183,14,17,http://localhost:8080/api/search/keyword?q=篮球,9,0,0
1777735433818,120,高级筛选搜索,200,,常规接口测试-50并发 1-11,text,true,,5782,232,15,18,http://localhost:8080/api/post/list/filter?category=运动健身&pageNum=1&pageSize=10,118,0,1
1777735433839,115,高级筛选搜索,200,,常规接口测试-50并发 1-2,text,true,,5782,232,15,18,http://localhost:8080/api/post/list/filter?category=运动健身&pageNum=1&pageSize=10,114,0,1
1777735433938,30,用户注册,200,,常规接口测试-50并发 1-11,text,true,,723,253,15,18,http://localhost:8080/api/auth/register,28,0,0
1777735433853,124,高级筛选搜索,200,,常规接口测试-50并发 1-6,text,true,,5782,232,15,18,http://localhost:8080/api/post/list/filter?category=运动健身&pageNum=1&pageSize=10,118,0,0
1777735433934,54,用户注册,200,,常规接口测试-50并发 1-15,text,true,,723,253,15,18,http://localhost:8080/api/auth/register,46,0,0
1777735433384,611,获取帖子列表,200,,常规接口测试-50并发 1-12,text,true,,5517,179,15,18,http://localhost:8080/api/post/list?pageNum=1&pageSize=10,604,0,0
1777735433403,632,获取帖子列表,200,,常规接口测试-50并发 1-5,text,true,,5517,179,15,18,http://localhost:8080/api/post/list?pageNum=1&pageSize=10,630,0,0
1777735433954,83,用户注册,200,,常规接口测试-50并发 1-2,text,true,,724,252,15,18,http://localhost:8080/api/auth/register,69,0,0
1777735433421,622,获取帖子列表,200,,常规接口测试-50并发 1-9,text,true,,5517,179,15,18,http://localhost:8080/api/post/list?pageNum=1&pageSize=10,618,0,0
1777735433884,163,高级筛选搜索,200,,常规接口测试-50并发 1-8,text,true,,5782,232,15,18,http://localhost:8080/api/post/list/filter?category=运动健身&pageNum=1&pageSize=10,157,0,1
1777735433969,86,用户登录,200,,常规接口测试-50并发 1-11,text,true,,319,218,15,18,http://localhost:8080/api/auth/login,80,0,0
1777735433435,631,获取帖子列表,200,,常规接口测试-50并发 1-4,text,true,,5517,179,15,18,http://localhost:8080/api/post/list?pageNum=1&pageSize=10,626,0,0
1777735433978,91,用户注册,200,,常规接口测试-50并发 1-6,text,true,,725,253,15,18,http://localhost:8080/api/auth/register,84,0,0
1777735433988,82,用户登录,200,,常规接口测试-50并发 1-15,text,true,,319,218,15,18,http://localhost:8080/api/auth/login,76,0,0
1777735433995,81,关键词搜索,400,,常规接口测试-50并发 1-12,text,false,,332,183,15,18,http://localhost:8080/api/search/keyword?q=篮球,77,0,0
1777735434037,43,用户登录,200,,常规接口测试-50并发 1-2,text,true,,319,218,15,18,http://localhost:8080/api/auth/login,39,0,0
1777735434036,50,关键词搜索,400,,常规接口测试-50并发 1-5,text,false,,332,183,15,18,http://localhost:8080/api/search/keyword?q=篮球,46,0,0
1777735434044,46,关键词搜索,400,,常规接口测试-50并发 1-9,text,false,,332,183,15,18,http://localhost:8080/api/search/keyword?q=篮球,42,0,0
1777735434047,47,用户注册,200,,常规接口测试-50并发 1-8,text,true,,725,253,15,18,http://localhost:8080/api/auth/register,44,0,0
1777735434069,36,用户登录,200,,常规接口测试-50并发 1-6,text,true,,319,218,15,18,http://localhost:8080/api/auth/login,33,0,0
1777735434066,40,关键词搜索,400,,常规接口测试-50并发 1-4,text,false,,332,183,15,18,http://localhost:8080/api/search/keyword?q=篮球,36,0,0
1777735433498,609,获取帖子列表,200,,常规接口测试-50并发 1-7,text,true,,5517,179,15,18,http://localhost:8080/api/post/list?pageNum=1&pageSize=10,605,0,0
1777735434095,32,用户登录,200,,常规接口测试-50并发 1-8,text,true,,319,218,15,18,http://localhost:8080/api/auth/login,30,0,0
1777735434108,23,关键词搜索,400,,常规接口测试-50并发 1-7,text,false,,332,183,15,18,http://localhost:8080/api/search/keyword?q=篮球,22,0,0
1777735434136,25,用户注册,200,,常规接口测试-50并发 1-16,text,true,,723,253,16,19,http://localhost:8080/api/auth/register,25,0,0
1777735433577,601,获取帖子列表,200,,常规接口测试-50并发 1-13,text,true,,5517,179,16,20,http://localhost:8080/api/post/list?pageNum=1&pageSize=10,598,0,0
1777735434162,31,用户登录,200,,常规接口测试-50并发 1-16,text,true,,319,218,16,20,http://localhost:8080/api/auth/login,28,0,0
1777735434178,35,关键词搜索,400,,常规接口测试-50并发 1-13,text,false,,332,183,16,20,http://localhost:8080/api/search/keyword?q=篮球,31,0,0
1777735434076,145,高级筛选搜索,200,,常规接口测试-50并发 1-12,text,true,,5782,232,16,20,http://localhost:8080/api/post/list/filter?category=运动健身&pageNum=1&pageSize=10,141,0,1
1777735434086,155,高级筛选搜索,200,,常规接口测试-50并发 1-5,text,true,,5782,232,16,20,http://localhost:8080/api/post/list/filter?category=运动健身&pageNum=1&pageSize=10,149,0,1
1777735434090,160,高级筛选搜索,200,,常规接口测试-50并发 1-9,text,true,,5782,232,16,20,http://localhost:8080/api/post/list/filter?category=运动健身&pageNum=1&pageSize=10,155,0,1
1777735434106,151,高级筛选搜索,200,,常规接口测试-50并发 1-4,text,true,,5782,232,16,20,http://localhost:8080/api/post/list/filter?category=运动健身&pageNum=1&pageSize=10,148,0,1
1777735433635,627,获取帖子列表,200,,常规接口测试-50并发 1-10,text,true,,5517,179,16,20,http://localhost:8080/api/post/list?pageNum=1&pageSize=10,624,0,0
1777735434132,144,高级筛选搜索,200,,常规接口测试-50并发 1-7,text,true,,5782,232,16,20,http://localhost:8080/api/post/list/filter?category=运动健身&pageNum=1&pageSize=10,138,0,0
1777735434221,59,用户注册,200,,常规接口测试-50并发 1-12,text,true,,725,253,16,20,http://localhost:8080/api/auth/register,52,0,0
1777735434242,62,用户注册,200,,常规接口测试-50并发 1-5,text,true,,724,252,16,20,http://localhost:8080/api/auth/register,54,0,0
1777735434251,59,用户注册,200,,常规接口测试-50并发 1-9,text,true,,725,253,16,20,http://localhost:8080/api/auth/register,50,0,0
1777735434258,60,用户注册,200,,常规接口测试-50并发 1-4,text,true,,723,253,16,20,http://localhost:8080/api/auth/register,56,0,0
1777735434262,60,关键词搜索,400,,常规接口测试-50并发 1-10,text,false,,332,183,16,20,http://localhost:8080/api/search/keyword?q=篮球,57,0,0
1777735434280,80,用户登录,200,,常规接口测试-50并发 1-12,text,true,,319,218,17,21,http://localhost:8080/api/auth/login,64,0,0
1777735434277,89,用户注册,200,,常规接口测试-50并发 1-7,text,true,,725,253,17,21,http://localhost:8080/api/auth/register,75,0,0
1777735434213,165,高级筛选搜索,200,,常规接口测试-50并发 1-13,text,true,,5782,232,17,21,http://localhost:8080/api/post/list/filter?category=运动健身&pageNum=1&pageSize=10,160,0,1
1777735434304,78,用户登录,200,,常规接口测试-50并发 1-5,text,true,,319,218,17,21,http://localhost:8080/api/auth/login,73,0,0
1777735434310,74,用户登录,200,,常规接口测试-50并发 1-9,text,true,,319,218,17,21,http://localhost:8080/api/auth/login,69,0,0
1777735434318,77,用户登录,200,,常规接口测试-50并发 1-4,text,true,,319,218,17,21,http://localhost:8080/api/auth/login,69,0,0
1777735433783,620,获取帖子列表,200,,常规接口测试-50并发 1-3,text,true,,5517,179,17,21,http://localhost:8080/api/post/list?pageNum=1&pageSize=10,615,0,0
1777735434336,87,用户注册,200,,常规接口测试-50并发 1-17,text,true,,725,253,17,21,http://localhost:8080/api/auth/register,80,0,1
1777735433800,629,获取帖子列表,200,,常规接口测试-50并发 1-14,text,true,,5517,179,17,21,http://localhost:8080/api/post/list?pageNum=1&pageSize=10,619,0,0
1777735434366,66,用户登录,200,,常规接口测试-50并发 1-7,text,true,,319,218,17,21,http://localhost:8080/api/auth/login,54,0,0
1777735434378,66,用户注册,200,,常规接口测试-50并发 1-13,text,true,,725,253,17,21,http://localhost:8080/api/auth/register,59,0,0
1777735434403,68,关键词搜索,400,,常规接口测试-50并发 1-3,text,false,,332,183,17,21,http://localhost:8080/api/search/keyword?q=篮球,64,0,0
1777735433853,625,获取帖子列表,200,,常规接口测试-50并发 1-1,text,true,,5517,179,17,21,http://localhost:8080/api/post/list?pageNum=1&pageSize=10,622,0,0
1777735434424,58,用户登录,200,,常规接口测试-50并发 1-17,text,true,,319,218,17,21,http://localhost:8080/api/auth/login,54,0,0
1777735434430,54,关键词搜索,400,,常规接口测试-50并发 1-14,text,false,,332,183,17,21,http://localhost:8080/api/search/keyword?q=篮球,50,0,0
1777735434444,49,用户登录,200,,常规接口测试-50并发 1-13,text,true,,319,218,17,21,http://localhost:8080/api/auth/login,45,0,0
1777735434323,183,高级筛选搜索,200,,常规接口测试-50并发 1-10,text,true,,5782,232,17,21,http://localhost:8080/api/post/list/filter?category=运动健身&pageNum=1&pageSize=10,181,0,1
1777735434479,36,关键词搜索,400,,常规接口测试-50并发 1-1,text,false,,332,183,17,21,http://localhost:8080/api/search/keyword?q=篮球,34,0,0
1777735434506,36,用户注册,200,,常规接口测试-50并发 1-10,text,true,,725,253,18,22,http://localhost:8080/api/auth/register,34,0,0
1777735434537,29,用户注册,200,,常规接口测试-50并发 1-18,text,true,,313,253,18,22,http://localhost:8080/api/auth/register,27,0,1
1777735434542,25,用户登录,200,,常规接口测试-50并发 1-10,text,true,,319,218,18,22,http://localhost:8080/api/auth/login,23,0,0
1777735434566,29,用户登录,200,,常规接口测试-50并发 1-18,text,true,,319,218,18,22,http://localhost:8080/api/auth/login,28,0,0
1777735434472,156,高级筛选搜索,200,,常规接口测试-50并发 1-3,text,true,,5782,232,18,22,http://localhost:8080/api/post/list/filter?category=运动健身&pageNum=1&pageSize=10,155,0,1
1777735434484,166,高级筛选搜索,200,,常规接口测试-50并发 1-14,text,true,,5782,232,18,22,http://localhost:8080/api/post/list/filter?category=运动健身&pageNum=1&pageSize=10,164,0,1
1777735434515,192,高级筛选搜索,200,,常规接口测试-50并发 1-1,text,true,,5782,232,18,22,http://localhost:8080/api/post/list/filter?category=运动健身&pageNum=1&pageSize=10,149,0,1
1777735434628,90,用户注册,200,,常规接口测试-50并发 1-3,text,true,,313,253,18,22,http://localhost:8080/api/auth/register,88,0,0
1777735434650,118,用户注册,200,,常规接口测试-50并发 1-14,text,true,,723,253,19,23,http://localhost:8080/api/auth/register,106,0,0
1777735434719,64,用户登录,200,,常规接口测试-50并发 1-3,text,true,,319,218,19,23,http://localhost:8080/api/auth/login,63,0,0
1777735434707,94,用户注册,200,,常规接口测试-50并发 1-1,text,true,,725,253,19,23,http://localhost:8080/api/auth/register,91,0,0
1777735434768,35,用户登录,200,,常规接口测试-50并发 1-14,text,true,,319,218,19,23,http://localhost:8080/api/auth/login,33,0,0
1777735434743,73,用户注册,200,,常规接口测试-50并发 1-19,text,true,,725,253,19,23,http://localhost:8080/api/auth/register,69,0,6
1777735434055,776,获取帖子列表,200,,常规接口测试-50并发 1-11,text,true,,5517,179,19,23,http://localhost:8080/api/post/list?pageNum=1&pageSize=10,773,0,0
1777735434801,37,用户登录,200,,常规接口测试-50并发 1-1,text,true,,319,218,19,23,http://localhost:8080/api/auth/login,34,0,0
1777735434816,35,用户登录,200,,常规接口测试-50并发 1-19,text,true,,319,218,19,23,http://localhost:8080/api/auth/login,31,0,0
1777735434831,30,关键词搜索,400,,常规接口测试-50并发 1-11,text,false,,332,183,19,23,http://localhost:8080/api/search/keyword?q=篮球,27,0,0
1777735434081,794,获取帖子列表,200,,常规接口测试-50并发 1-2,text,true,,5517,179,19,23,http://localhost:8080/api/post/list?pageNum=1&pageSize=10,789,0,0
1777735434071,812,获取帖子列表,200,,常规接口测试-50并发 1-15,text,true,,5517,179,19,23,http://localhost:8080/api/post/list?pageNum=1&pageSize=10,806,0,0
1777735434875,29,关键词搜索,400,,常规接口测试-50并发 1-2,text,false,,332,183,19,23,http://localhost:8080/api/search/keyword?q=篮球,25,0,0
1777735434883,30,关键词搜索,400,,常规接口测试-50并发 1-15,text,false,,332,183,19,23,http://localhost:8080/api/search/keyword?q=篮球,26,0,0
1777735434105,816,获取帖子列表,200,,常规接口测试-50并发 1-6,text,true,,5517,179,19,23,http://localhost:8080/api/post/list?pageNum=1&pageSize=10,812,0,0
1777735434922,18,关键词搜索,400,,常规接口测试-50并发 1-6,text,false,,332,183,20,24,http://localhost:8080/api/search/keyword?q=篮球,15,0,0
1777735434127,846,获取帖子列表,200,,常规接口测试-50并发 1-8,text,true,,5517,179,20,24,http://localhost:8080/api/post/list?pageNum=1&pageSize=10,844,0,0
1777735434934,49,用户注册,200,,常规接口测试-50并发 1-20,text,true,,725,253,20,24,http://localhost:8080/api/auth/register,46,0,2
1777735434974,28,关键词搜索,400,,常规接口测试-50并发 1-8,text,false,,332,183,20,24,http://localhost:8080/api/search/keyword?q=篮球,26,0,0
1777735434194,813,获取帖子列表,200,,常规接口测试-50并发 1-16,text,true,,5517,179,20,24,http://localhost:8080/api/post/list?pageNum=1&pageSize=10,811,0,0
1777735434984,33,用户登录,200,,常规接口测试-50并发 1-20,text,true,,319,218,20,24,http://localhost:8080/api/auth/login,28,0,0
1777735434862,190,高级筛选搜索,200,,常规接口测试-50并发 1-11,text,true,,5782,232,20,24,http://localhost:8080/api/post/list/filter?category=运动健身&pageNum=1&pageSize=10,181,0,1
1777735435007,51,关键词搜索,400,,常规接口测试-50并发 1-16,text,false,,332,183,20,24,http://localhost:8080/api/search/keyword?q=篮球,49,0,0
1777735434904,173,高级筛选搜索,200,,常规接口测试-50并发 1-2,text,true,,5782,232,20,24,http://localhost:8080/api/post/list/filter?category=运动健身&pageNum=1&pageSize=10,167,0,2
1777735434914,187,高级筛选搜索,200,,常规接口测试-50并发 1-15,text,true,,5782,232,20,24,http://localhost:8080/api/post/list/filter?category=运动健身&pageNum=1&pageSize=10,184,0,1
1777735435052,69,用户注册,200,,常规接口测试-50并发 1-11,text,true,,725,253,20,24,http://localhost:8080/api/auth/register,67,0,0
1777735435077,64,用户注册,200,,常规接口测试-50并发 1-2,text,true,,725,253,21,25,http://localhost:8080/api/auth/register,62,0,0
1777735435121,46,用户登录,200,,常规接口测试-50并发 1-11,text,true,,319,218,21,26,http://localhost:8080/api/auth/login,41,0,0
1777735435101,70,用户注册,200,,常规接口测试-50并发 1-15,text,true,,725,253,21,26,http://localhost:8080/api/auth/register,64,0,0
1777735434941,232,高级筛选搜索,200,,常规接口测试-50并发 1-6,text,true,,5782,232,21,26,http://localhost:8080/api/post/list/filter?category=运动健身&pageNum=1&pageSize=10,227,0,0
1777735435142,59,用户登录,200,,常规接口测试-50并发 1-2,text,true,,319,218,21,26,http://localhost:8080/api/auth/login,51,0,0
1777735435135,78,用户注册,200,,常规接口测试-50并发 1-21,text,true,,725,253,21,26,http://localhost:8080/api/auth/register,73,0,2
1777735435003,229,高级筛选搜索,200,,常规接口测试-50并发 1-8,text,true,,5782,232,21,26,http://localhost:8080/api/post/list/filter?category=运动健身&pageNum=1&pageSize=10,215,0,0
1777735435171,87,用户登录,200,,常规接口测试-50并发 1-15,text,true,,319,218,21,26,http://localhost:8080/api/auth/login,75,0,0
1777735435174,104,用户注册,200,,常规接口测试-50并发 1-6,text,true,,725,253,21,26,http://localhost:8080/api/auth/register,93,0,0
1777735435059,246,高级筛选搜索,200,,常规接口测试-50并发 1-16,text,true,,5782,232,21,26,http://localhost:8080/api/post/list/filter?category=运动健身&pageNum=1&pageSize=10,236,0,1
1777735435213,110,用户登录,200,,常规接口测试-50并发 1-21,text,true,,319,218,21,26,http://localhost:8080/api/auth/login,94,0,0
1777735435232,109,用户注册,200,,常规接口测试-50并发 1-8,text,true,,725,253,22,27,http://localhost:8080/api/auth/register,102,0,0
1777735434382,966,获取帖子列表,200,,常规接口测试-50并发 1-5,text,true,,5517,179,22,27,http://localhost:8080/api/post/list?pageNum=1&pageSize=10,958,0,0
1777735434361,988,获取帖子列表,200,,常规接口测试-50并发 1-12,text,true,,5517,179,22,27,http://localhost:8080/api/post/list?pageNum=1&pageSize=10,980,0,0
1777735434396,964,获取帖子列表,200,,常规接口测试-50并发 1-4,text,true,,5517,179,22,27,http://localhost:8080/api/post/list?pageNum=1&pageSize=10,956,0,0
1777735435278,93,用户登录,200,,常规接口测试-50并发 1-6,text,true,,319,218,22,27,http://localhost:8080/api/auth/login,85,0,0
1777735434384,1006,获取帖子列表,200,,常规接口测试-50并发 1-9,text,true,,5517,179,22,27,http://localhost:8080/api/post/list?pageNum=1&pageSize=10,996,0,0
1777735435305,96,用户注册,200,,常规接口测试-50并发 1-16,text,true,,725,253,22,27,http://localhost:8080/api/auth/register,79,0,0
1777735434432,983,获取帖子列表,200,,常规接口测试-50并发 1-7,text,true,,5517,179,22,27,http://localhost:8080/api/post/list?pageNum=1&pageSize=10,967,0,0
1777735435335,97,用户注册,200,,常规接口测试-50并发 1-22,text,true,,313,253,22,27,http://localhost:8080/api/auth/register,85,0,1
1777735435341,94,用户登录,200,,常规接口测试-50并发 1-8,text,true,,319,218,22,27,http://localhost:8080/api/auth/login,86,0,0
1777735435348,112,关键词搜索,400,,常规接口测试-50并发 1-5,text,false,,332,183,22,27,http://localhost:8080/api/search/keyword?q=篮球,96,0,0
1777735435350,112,关键词搜索,400,,常规接口测试-50并发 1-12,text,false,,332,183,22,27,http://localhost:8080/api/search/keyword?q=篮球,94,0,0
1777735434493,977,获取帖子列表,200,,常规接口测试-50并发 1-13,text,true,,5517,179,22,27,http://localhost:8080/api/post/list?pageNum=1&pageSize=10,963,0,0
1777735434483,992,获取帖子列表,200,,常规接口测试-50并发 1-17,text,true,,5517,179,22,27,http://localhost:8080/api/post/list?pageNum=1&pageSize=10,976,0,0
1777735435361,123,关键词搜索,400,,常规接口测试-50并发 1-4,text,false,,332,183,22,27,http://localhost:8080/api/search/keyword?q=篮球,106,0,0
1777735435401,139,用户登录,200,,常规接口测试-50并发 1-16,text,true,,319,218,23,28,http://localhost:8080/api/auth/login,126,0,0
1777735435391,160,关键词搜索,400,,常规接口测试-50并发 1-9,text,false,,332,183,23,28,http://localhost:8080/api/search/keyword?q=篮球,145,0,0
1777735434567,988,获取帖子列表,200,,常规接口测试-50并发 1-10,text,true,,5517,179,23,28,http://localhost:8080/api/post/list?pageNum=1&pageSize=10,976,0,0
1777735435416,141,关键词搜索,400,,常规接口测试-50并发 1-7,text,false,,332,183,23,28,http://localhost:8080/api/search/keyword?q=篮球,132,0,0
1777735434596,963,获取帖子列表,200,,常规接口测试-50并发 1-18,text,true,,5517,179,23,28,http://localhost:8080/api/post/list?pageNum=1&pageSize=10,954,0,0
1777735435432,137,用户登录,200,,常规接口测试-50并发 1-22,text,true,,319,218,23,28,http://localhost:8080/api/auth/login,127,0,0
1777735435470,136,关键词搜索,400,,常规接口测试-50并发 1-13,text,false,,332,183,23,28,http://localhost:8080/api/search/keyword?q=篮球,129,0,0
1777735435476,131,关键词搜索,400,,常规接口测试-50并发 1-17,text,false,,332,183,23,28,http://localhost:8080/api/search/keyword?q=篮球,124,0,0
1777735435535,98,用户注册,200,,常规接口测试-50并发 1-23,text,true,,725,253,23,28,http://localhost:8080/api/auth/register,90,0,1
1777735435556,80,关键词搜索,400,,常规接口测试-50并发 1-10,text,false,,332,183,23,28,http://localhost:8080/api/search/keyword?q=篮球,69,0,0
1777735435560,100,关键词搜索,400,,常规接口测试-50并发 1-18,text,false,,332,183,23,28,http://localhost:8080/api/search/keyword?q=篮球,82,0,0
1777735434803,865,获取帖子列表,200,,常规接口测试-50并发 1-14,text,true,,5517,179,23,28,http://localhost:8080/api/post/list?pageNum=1&pageSize=10,855,0,0
1777735434783,896,获取帖子列表,200,,常规接口测试-50并发 1-3,text,true,,5517,179,23,28,http://localhost:8080/api/post/list?pageNum=1&pageSize=10,882,0,0
1777735435462,256,高级筛选搜索,200,,常规接口测试-50并发 1-12,text,true,,5782,232,23,28,http://localhost:8080/api/post/list/filter?category=运动健身&pageNum=1&pageSize=10,245,0,1
1777735434838,883,获取帖子列表,200,,常规接口测试-50并发 1-1,text,true,,5517,179,23,28,http://localhost:8080/api/post/list?pageNum=1&pageSize=10,870,0,0
1777735435461,267,高级筛选搜索,200,,常规接口测试-50并发 1-5,text,true,,5782,232,23,28,http://localhost:8080/api/post/list/filter?category=运动健身&pageNum=1&pageSize=10,257,0,1
1777735435634,101,用户登录,200,,常规接口测试-50并发 1-23,text,true,,319,218,23,28,http://localhost:8080/api/auth/login,92,0,0
1777735434851,894,获取帖子列表,200,,常规接口测试-50并发 1-19,text,true,,5517,179,24,29,http://localhost:8080/api/post/list?pageNum=1&pageSize=10,882,0,0
1777735435485,292,高级筛选搜索,200,,常规接口测试-50并发 1-4,text,true,,5782,232,24,29,http://localhost:8080/api/post/list/filter?category=运动健身&pageNum=1&pageSize=10,280,0,1
1777735435551,230,高级筛选搜索,200,,常规接口测试-50并发 1-9,text,true,,5782,232,24,29,http://localhost:8080/api/post/list/filter?category=运动健身&pageNum=1&pageSize=10,220,0,1
1777735435558,230,高级筛选搜索,200,,常规接口测试-50并发 1-7,text,true,,5782,232,24,29,http://localhost:8080/api/post/list/filter?category=运动健身&pageNum=1&pageSize=10,219,0,1
1777735435669,127,关键词搜索,400,,常规接口测试-50并发 1-14,text,false,,332,183,24,29,http://localhost:8080/api/search/keyword?q=篮球,111,0,0
1777735435679,121,关键词搜索,400,,常规接口测试-50并发 1-3,text,false,,332,183,24,29,http://localhost:8080/api/search/keyword?q=篮球,106,0,0
1777735435607,220,高级筛选搜索,200,,常规接口测试-50并发 1-17,text,true,,5782,232,24,29,http://localhost:8080/api/post/list/filter?category=运动健身&pageNum=1&pageSize=10,209,0,1
1777735435606,239,高级筛选搜索,200,,常规接口测试-50并发 1-13,text,true,,5782,232,24,29,http://localhost:8080/api/post/list/filter?category=运动健身&pageNum=1&pageSize=10,225,0,1
1777735435719,129,用户注册,200,,常规接口测试-50并发 1-12,text,true,,725,253,24,29,http://localhost:8080/api/auth/register,115,0,0
1777735435721,127,关键词搜索,400,,常规接口测试-50并发 1-1,text,false,,332,183,24,29,http://localhost:8080/api/search/keyword?q=篮球,114,0,0
1777735435728,130,用户注册,200,,常规接口测试-50并发 1-5,text,true,,723,253,24,29,http://localhost:8080/api/auth/register,116,0,0
1777735435736,133,用户注册,200,,常规接口测试-50并发 1-24,text,true,,725,253,24,29,http://localhost:8080/api/auth/register,120,0,2
1777735435746,133,关键词搜索,400,,常规接口测试-50并发 1-19,text,false,,332,183,24,29,http://localhost:8080/api/search/keyword?q=篮球,116,0,0
1777735435636,245,高级筛选搜索,200,,常规接口测试-50并发 1-10,text,true,,5782,232,24,29,http://localhost:8080/api/post/list/filter?category=运动健身&pageNum=1&pageSize=10,229,0,1
1777735435017,879,获取帖子列表,200,,常规接口测试-50并发 1-20,text,true,,5517,179,24,29,http://localhost:8080/api/post/list?pageNum=1&pageSize=10,864,0,0
1777735435777,123,用户注册,200,,常规接口测试-50并发 1-4,text,true,,723,253,24,29,http://localhost:8080/api/auth/register,107,0,0
1777735435660,240,高级筛选搜索,200,,常规接口测试-50并发 1-18,text,true,,5782,232,24,29,http://localhost:8080/api/post/list/filter?category=运动健身&pageNum=1&pageSize=10,225,0,1
1777735435781,125,用户注册,200,,常规接口测试-50并发 1-9,text,true,,725,253,24,29,http://localhost:8080/api/auth/register,113,0,0
1777735435788,133,用户注册,200,,常规接口测试-50并发 1-7,text,true,,725,253,24,29,http://localhost:8080/api/auth/register,114,0,0
1777735435827,114,用户注册,200,,常规接口测试-50并发 1-17,text,true,,725,253,25,30,http://localhost:8080/api/auth/register,102,0,0
1777735435167,799,获取帖子列表,200,,常规接口测试-50并发 1-11,text,true,,5517,179,25,30,http://localhost:8080/api/post/list?pageNum=1&pageSize=10,782,0,0
1777735435848,123,用户登录,200,,常规接口测试-50并发 1-12,text,true,,319,218,25,30,http://localhost:8080/api/auth/login,104,0,0
1777735435846,135,用户注册,200,,常规接口测试-50并发 1-13,text,true,,725,253,25,30,http://localhost:8080/api/auth/register,119,0,0
1777735435858,136,用户登录,200,,常规接口测试-50并发 1-5,text,true,,319,218,25,30,http://localhost:8080/api/auth/login,118,0,0
1777735435869,134,用户登录,200,,常规接口测试-50并发 1-24,text,true,,319,218,25,30,http://localhost:8080/api/auth/login,117,0,0
1777735435900,122,用户登录,200,,常规接口测试-50并发 1-4,text,true,,319,218,25,30,http://localhost:8080/api/auth/login,105,0,0
1777735435882,147,用户注册,200,,常规接口测试-50并发 1-10,text,true,,725,253,25,30,http://localhost:8080/api/auth/register,134,0,0
1777735435922,120,用户登录,200,,常规接口测试-50并发 1-7,text,true,,319,218,25,30,http://localhost:8080/api/auth/login,101,0,0
1777735435906,137,用户登录,200,,常规接口测试-50并发 1-9,text,true,,319,218,25,30,http://localhost:8080/api/auth/login,118,0,0
1777735435202,845,获取帖子列表,200,,常规接口测试-50并发 1-2,text,true,,5517,179,25,30,http://localhost:8080/api/post/list?pageNum=1&pageSize=10,824,0,0
1777735435900,149,用户注册,200,,常规接口测试-50并发 1-18,text,true,,725,253,25,30,http://localhost:8080/api/auth/register,127,0,0
1777735435897,153,关键词搜索,400,,常规接口测试-50并发 1-20,text,false,,332,183,25,30,http://localhost:8080/api/search/keyword?q=篮球,132,0,0
1777735435800,256,高级筛选搜索,200,,常规接口测试-50并发 1-3,text,true,,5782,232,25,30,http://localhost:8080/api/post/list/filter?category=运动健身&pageNum=1&pageSize=10,238,0,1
1777735435796,264,高级筛选搜索,200,,常规接口测试-50并发 1-14,text,true,,5782,232,25,30,http://localhost:8080/api/post/list/filter?category=运动健身&pageNum=1&pageSize=10,249,0,1
1777735435935,149,用户注册,200,,常规接口测试-50并发 1-25,text,true,,725,253,25,30,http://localhost:8080/api/auth/register,131,0,1
1777735435941,146,用户登录,200,,常规接口测试-50并发 1-17,text,true,,319,218,25,30,http://localhost:8080/api/auth/login,127,0,0
1777735435848,304,高级筛选搜索,200,,常规接口测试-50并发 1-1,text,true,,5782,232,26,31,http://localhost:8080/api/post/list/filter?category=运动健身&pageNum=1&pageSize=10,246,0,1
1777735435880,285,高级筛选搜索,200,,常规接口测试-50并发 1-19,text,true,,5782,232,26,31,http://localhost:8080/api/post/list/filter?category=运动健身&pageNum=1&pageSize=10,271,0,1
1777735435982,185,用户登录,200,,常规接口测试-50并发 1-13,text,true,,319,218,26,31,http://localhost:8080/api/auth/login,170,0,0
1777735435258,915,获取帖子列表,200,,常规接口测试-50并发 1-15,text,true,,5517,179,26,31,http://localhost:8080/api/post/list?pageNum=1&pageSize=10,899,0,0
1777735435967,208,关键词搜索,400,,常规接口测试-50并发 1-11,text,false,,332,183,26,31,http://localhost:8080/api/search/keyword?q=篮球,192,0,0
1777735435324,856,获取帖子列表,200,,常规接口测试-50并发 1-21,text,true,,5517,179,26,31,http://localhost:8080/api/post/list?pageNum=1&pageSize=10,840,0,0
1777735436029,195,用户登录,200,,常规接口测试-50并发 1-10,text,true,,319,218,26,31,http://localhost:8080/api/auth/login,172,0,0
1777735435372,870,获取帖子列表,200,,常规接口测试-50并发 1-6,text,true,,5517,179,26,31,http://localhost:8080/api/post/list?pageNum=1&pageSize=10,840,0,0
1777735436049,199,用户登录,200,,常规接口测试-50并发 1-18,text,true,,319,218,26,31,http://localhost:8080/api/auth/login,172,0,0
1777735436056,216,用户注册,200,,常规接口测试-50并发 1-3,text,true,,725,253,26,31,http://localhost:8080/api/auth/register,200,0,0
1777735436047,227,关键词搜索,400,,常规接口测试-50并发 1-2,text,false,,332,183,26,31,http://localhost:8080/api/search/keyword?q=篮球,211,0,0
1777735436061,214,用户注册,200,,常规接口测试-50并发 1-14,text,true,,725,253,26,31,http://localhost:8080/api/auth/register,200,0,0
1777735436085,194,用户登录,200,,常规接口测试-50并发 1-25,text,true,,319,218,26,31,http://localhost:8080/api/auth/login,178,0,0
1777735436141,157,用户注册,200,,常规接口测试-50并发 1-26,text,true,,725,253,26,31,http://localhost:8080/api/auth/register,145,0,1
1777735436153,154,用户注册,200,,常规接口测试-50并发 1-1,text,true,,723,253,26,31,http://localhost:8080/api/auth/register,140,0,0
1777735435436,872,获取帖子列表,200,,常规接口测试-50并发 1-8,text,true,,5517,179,26,31,http://localhost:8080/api/post/list?pageNum=1&pageSize=10,859,0,0
1777735436050,266,高级筛选搜索,200,,常规接口测试-50并发 1-20,text,true,,5782,232,26,31,http://localhost:8080/api/post/list/filter?category=运动健身&pageNum=1&pageSize=10,253,0,1
1777735436166,159,用户注册,200,,常规接口测试-50并发 1-19,text,true,,724,252,26,31,http://localhost:8080/api/auth/register,143,0,0
1777735435540,800,获取帖子列表,200,,常规接口测试-50并发 1-16,text,true,,5517,179,27,32,http://localhost:8080/api/post/list?pageNum=1&pageSize=10,775,0,0
1777735435569,779,获取帖子列表,200,,常规接口测试-50并发 1-22,text,true,,5517,179,27,32,http://localhost:8080/api/post/list?pageNum=1&pageSize=10,753,0,0
1777735436173,186,关键词搜索,400,,常规接口测试-50并发 1-15,text,false,,332,183,27,32,http://localhost:8080/api/search/keyword?q=篮球,159,0,0
1777735436181,188,关键词搜索,400,,常规接口测试-50并发 1-21,text,false,,332,183,27,32,http://localhost:8080/api/search/keyword?q=篮球,165,0,0
1777735436242,174,关键词搜索,400,,常规接口测试-50并发 1-6,text,false,,332,183,27,32,http://localhost:8080/api/search/keyword?q=篮球,159,0,0
1777735436272,146,用户登录,200,,常规接口测试-50并发 1-3,text,true,,319,218,27,32,http://localhost:8080/api/auth/login,130,0,0
1777735436276,147,用户登录,200,,常规接口测试-50并发 1-14,text,true,,319,218,27,32,http://localhost:8080/api/auth/login,134,0,0
1777735436176,254,高级筛选搜索,200,,常规接口测试-50并发 1-11,text,true,,5782,232,27,32,http://localhost:8080/api/post/list/filter?category=运动健身&pageNum=1&pageSize=10,240,0,0
1777735436298,158,用户登录,200,,常规接口测试-50并发 1-26,text,true,,319,218,27,32,http://localhost:8080/api/auth/login,142,0,0
1777735436307,157,用户登录,200,,常规接口测试-50并发 1-1,text,true,,319,218,27,32,http://localhost:8080/api/auth/login,137,0,0
1777735436317,182,用户注册,200,,常规接口测试-50并发 1-20,text,true,,725,253,27,32,http://localhost:8080/api/auth/register,162,0,0
1777735436325,174,用户登录,200,,常规接口测试-50并发 1-19,text,true,,319,218,27,32,http://localhost:8080/api/auth/login,152,0,0
1777735436309,197,关键词搜索,400,,常规接口测试-50并发 1-8,text,false,,332,183,27,32,http://localhost:8080/api/search/keyword?q=篮球,177,0,0
1777735436336,192,用户注册,200,,常规接口测试-50并发 1-27,text,true,,725,253,27,32,http://localhost:8080/api/auth/register,171,0,2
1777735436274,262,高级筛选搜索,200,,常规接口测试-50并发 1-2,text,true,,5782,232,28,33,http://localhost:8080/api/post/list/filter?category=运动健身&pageNum=1&pageSize=10,237,0,1
1777735436341,198,关键词搜索,400,,常规接口测试-50并发 1-16,text,false,,332,183,28,33,http://localhost:8080/api/search/keyword?q=篮球,173,0,0
1777735436349,201,关键词搜索,400,,常规接口测试-50并发 1-22,text,false,,332,183,28,33,http://localhost:8080/api/search/keyword?q=篮球,177,0,0
1777735435735,860,获取帖子列表,200,,常规接口测试-50并发 1-23,text,true,,5517,179,28,33,http://localhost:8080/api/post/list?pageNum=1&pageSize=10,838,0,0
1777735436430,205,用户注册,200,,常规接口测试-50并发 1-11,text,true,,724,252,28,33,http://localhost:8080/api/auth/register,175,0,0
1777735436359,293,高级筛选搜索,200,,常规接口测试-50并发 1-15,text,true,,5782,232,28,33,http://localhost:8080/api/post/list/filter?category=运动健身&pageNum=1&pageSize=10,268,0,0
1777735436370,289,高级筛选搜索,200,,常规接口测试-50并发 1-21,text,true,,5782,232,28,33,http://localhost:8080/api/post/list/filter?category=运动健身&pageNum=1&pageSize=10,270,0,0
1777735436499,176,用户登录,200,,常规接口测试-50并发 1-20,text,true,,319,218,28,33,http://localhost:8080/api/auth/login,166,0,0
1777735436417,274,高级筛选搜索,200,,常规接口测试-50并发 1-6,text,true,,5782,232,28,33,http://localhost:8080/api/post/list/filter?category=运动健身&pageNum=1&pageSize=10,264,0,1
1777735436529,170,用户登录,200,,常规接口测试-50并发 1-27,text,true,,319,218,28,33,http://localhost:8080/api/auth/login,157,0,0
1777735436536,198,用户注册,200,,常规接口测试-50并发 1-2,text,true,,725,253,29,34,http://localhost:8080/api/auth/register,177,0,0
1777735436536,206,用户注册,200,,常规接口测试-50并发 1-28,text,true,,722,252,29,34,http://localhost:8080/api/auth/register,194,0,1
1777735435972,809,获取帖子列表,200,,常规接口测试-50并发 1-12,text,true,,5517,179,29,34,http://localhost:8080/api/post/list?pageNum=1&pageSize=10,783,0,0
1777735436596,197,关键词搜索,400,,常规接口测试-50并发 1-23,text,false,,332,183,29,34,http://localhost:8080/api/search/keyword?q=篮球,172,0,0
1777735436635,159,用户登录,200,,常规接口测试-50并发 1-11,text,true,,319,218,29,34,http://localhost:8080/api/auth/login,137,0,0
1777735436652,169,用户注册,200,,常规接口测试-50并发 1-15,text,true,,721,253,29,34,http://localhost:8080/api/auth/register,149,0,0
1777735436659,175,用户注册,200,,常规接口测试-50并发 1-21,text,true,,725,253,29,34,http://localhost:8080/api/auth/register,156,0,0
1777735436003,849,获取帖子列表,200,,常规接口测试-50并发 1-24,text,true,,5517,179,29,34,http://localhost:8080/api/post/list?pageNum=1&pageSize=10,829,0,0
1777735436507,355,高级筛选搜索,200,,常规接口测试-50并发 1-8,text,true,,5782,232,29,34,http://localhost:8080/api/post/list/filter?category=运动健身&pageNum=1&pageSize=10,330,0,2
1777735435994,908,获取帖子列表,200,,常规接口测试-50并发 1-5,text,true,,5517,179,29,34,http://localhost:8080/api/post/list?pageNum=1&pageSize=10,873,0,0
1777735436691,218,用户注册,200,,常规接口测试-50并发 1-6,text,true,,724,252,29,34,http://localhost:8080/api/auth/register,182,0,0
1777735436539,403,高级筛选搜索,200,,常规接口测试-50并发 1-16,text,true,,5782,232,30,35,http://localhost:8080/api/post/list/filter?category=运动健身&pageNum=1&pageSize=10,372,0,0
1777735436734,217,用户登录,200,,常规接口测试-50并发 1-2,text,true,,319,218,30,35,http://localhost:8080/api/auth/login,185,0,0
1777735436550,406,高级筛选搜索,200,,常规接口测试-50并发 1-22,text,true,,5782,232,30,35,http://localhost:8080/api/post/list/filter?category=运动健身&pageNum=1&pageSize=10,377,0,1
1777735436743,221,用户登录,200,,常规接口测试-50并发 1-28,text,true,,319,218,30,35,http://localhost:8080/api/auth/login,201,0,0
1777735436734,232,用户注册,200,,常规接口测试-50并发 1-29,text,true,,725,253,30,35,http://localhost:8080/api/auth/register,212,0,0
1777735436042,930,获取帖子列表,200,,常规接口测试-50并发 1-7,text,true,,5517,179,30,35,http://localhost:8080/api/post/list?pageNum=1&pageSize=10,914,0,0
1777735436022,971,获取帖子列表,200,,常规接口测试-50并发 1-4,text,true,,5517,179,30,35,http://localhost:8080/api/post/list?pageNum=1&pageSize=10,947,0,0
1777735436043,954,获取帖子列表,200,,常规接口测试-50并发 1-9,text,true,,5517,179,30,35,http://localhost:8080/api/post/list?pageNum=1&pageSize=10,927,0,0
1777735436781,223,关键词搜索,400,,常规接口测试-50并发 1-12,text,false,,332,183,30,35,http://localhost:8080/api/search/keyword?q=篮球,221,0,0
1777735436087,918,获取帖子列表,200,,常规接口测试-50并发 1-17,text,true,,5517,179,30,35,http://localhost:8080/api/post/list?pageNum=1&pageSize=10,891,0,0
1777735436821,204,用户登录,200,,常规接口测试-50并发 1-15,text,true,,319,218,30,35,http://localhost:8080/api/auth/login,186,0,0
1777735436834,218,用户登录,200,,常规接口测试-50并发 1-21,text,true,,319,218,30,35,http://localhost:8080/api/auth/login,192,0,0
1777735436167,890,获取帖子列表,200,,常规接口测试-50并发 1-13,text,true,,5517,179,30,35,http://localhost:8080/api/post/list?pageNum=1&pageSize=10,866,0,0
1777735436862,207,用户注册,200,,常规接口测试-50并发 1-8,text,true,,725,253,30,35,http://localhost:8080/api/auth/register,191,0,0
1777735436909,184,用户登录,200,,常规接口测试-50并发 1-6,text,true,,319,218,30,35,http://localhost:8080/api/auth/login,163,0,0
1777735436853,242,关键词搜索,400,,常规接口测试-50并发 1-24,text,false,,332,183,30,35,http://localhost:8080/api/search/keyword?q=篮球,220,0,0
1777735436793,307,高级筛选搜索,200,,常规接口测试-50并发 1-23,text,true,,5782,232,30,35,http://localhost:8080/api/post/list/filter?category=运动健身&pageNum=1&pageSize=10,282,0,1
1777735436248,859,获取帖子列表,200,,常规接口测试-50并发 1-18,text,true,,5517,179,30,35,http://localhost:8080/api/post/list?pageNum=1&pageSize=10,832,0,0
1777735436933,177,用户注册,200,,常规接口测试-50并发 1-30,text,true,,725,253,30,35,http://localhost:8080/api/auth/register,154,0,1
1777735436942,176,用户注册,200,,常规接口测试-50并发 1-16,text,true,,725,253,30,35,http://localhost:8080/api/auth/register,160,0,0
1777735436225,894,获取帖子列表,200,,常规接口测试-50并发 1-10,text,true,,5517,179,30,35,http://localhost:8080/api/post/list?pageNum=1&pageSize=10,877,0,0
1777735436966,154,用户登录,200,,常规接口测试-50并发 1-29,text,true,,319,218,30,35,http://localhost:8080/api/auth/login,138,0,0
1777735436902,221,关键词搜索,400,,常规接口测试-50并发 1-5,text,false,,332,183,30,35,http://localhost:8080/api/search/keyword?q=篮球,204,0,0
1777735436279,850,获取帖子列表,200,,常规接口测试-50并发 1-25,text,true,,5517,179,30,35,http://localhost:8080/api/post/list?pageNum=1&pageSize=10,833,0,0
1777735436956,176,用户注册,200,,常规接口测试-50并发 1-22,text,true,,725,253,30,35,http://localhost:8080/api/auth/register,160,0,0
1777735436972,220,关键词搜索,400,,常规接口测试-50并发 1-7,text,false,,332,183,31,36,http://localhost:8080/api/search/keyword?q=篮球,186,0,0
1777735436993,207,关键词搜索,400,,常规接口测试-50并发 1-4,text,false,,332,183,31,36,http://localhost:8080/api/search/keyword?q=篮球,184,0,0
1777735436997,212,关键词搜索,400,,常规接口测试-50并发 1-9,text,false,,332,183,31,36,http://localhost:8080/api/search/keyword?q=篮球,195,0,0
1777735437005,207,关键词搜索,400,,常规接口测试-50并发 1-17,text,false,,332,183,31,36,http://localhost:8080/api/search/keyword?q=篮球,189,0,0
1777735437070,168,用户登录,200,,常规接口测试-50并发 1-8,text,true,,319,218,31,36,http://localhost:8080/api/auth/login,151,0,0
1777735437057,194,关键词搜索,400,,常规接口测试-50并发 1-13,text,false,,332,183,31,36,http://localhost:8080/api/search/keyword?q=篮球,177,0,0
1777735437004,252,高级筛选搜索,200,,常规接口测试-50并发 1-12,text,true,,5782,232,31,36,http://localhost:8080/api/post/list/filter?category=运动健身&pageNum=1&pageSize=10,236,0,1
1777735437100,166,用户注册,200,,常规接口测试-50并发 1-23,text,true,,725,253,31,36,http://localhost:8080/api/auth/register,148,0,0
1777735436423,852,获取帖子列表,200,,常规接口测试-50并发 1-14,text,true,,5517,179,31,36,http://localhost:8080/api/post/list?pageNum=1&pageSize=10,830,0,0
1777735436419,858,获取帖子列表,200,,常规接口测试-50并发 1-3,text,true,,5517,179,31,36,http://localhost:8080/api/post/list?pageNum=1&pageSize=10,856,0,0
1777735437110,169,用户登录,200,,常规接口测试-50并发 1-30,text,true,,319,218,31,36,http://localhost:8080/api/auth/login,145,0,0
1777735437118,169,用户登录,200,,常规接口测试-50并发 1-16,text,true,,319,218,31,36,http://localhost:8080/api/auth/login,147,0,0
1777735437133,167,用户登录,200,,常规接口测试-50并发 1-22,text,true,,319,218,31,36,http://localhost:8080/api/auth/login,149,0,0
1777735437107,196,关键词搜索,400,,常规接口测试-50并发 1-18,text,false,,332,183,31,36,http://localhost:8080/api/search/keyword?q=篮球,178,0,0
1777735436457,846,获取帖子列表,200,,常规接口测试-50并发 1-26,text,true,,5517,179,31,36,http://localhost:8080/api/post/list?pageNum=1&pageSize=10,829,0,0
1777735436465,843,获取帖子列表,200,,常规接口测试-50并发 1-1,text,true,,5517,179,31,36,http://localhost:8080/api/post/list?pageNum=1&pageSize=10,826,0,0
1777735437135,188,用户注册,200,,常规接口测试-50并发 1-31,text,true,,725,253,31,36,http://localhost:8080/api/auth/register,166,0,0
1777735437120,205,关键词搜索,400,,常规接口测试-50并发 1-10,text,false,,332,183,31,36,http://localhost:8080/api/search/keyword?q=篮球,181,0,0
1777735437129,202,关键词搜索,400,,常规接口测试-50并发 1-25,text,false,,332,183,31,36,http://localhost:8080/api/search/keyword?q=篮球,178,0,0
1777735436499,868,获取帖子列表,200,,常规接口测试-50并发 1-19,text,true,,5517,179,32,37,http://localhost:8080/api/post/list?pageNum=1&pageSize=10,840,0,0
1777735437095,274,高级筛选搜索,200,,常规接口测试-50并发 1-24,text,true,,5782,232,32,37,http://localhost:8080/api/post/list/filter?category=运动健身&pageNum=1&pageSize=10,249,0,1
1777735437124,304,高级筛选搜索,200,,常规接口测试-50并发 1-5,text,true,,5782,232,32,37,http://localhost:8080/api/post/list/filter?category=运动健身&pageNum=1&pageSize=10,282,0,0
1777735437267,180,用户登录,200,,常规接口测试-50并发 1-23,text,true,,319,218,32,37,http://localhost:8080/api/auth/login,162,0,0
1777735437257,199,用户注册,200,,常规接口测试-50并发 1-12,text,true,,725,253,32,37,http://localhost:8080/api/auth/register,179,0,0
1777735437192,282,高级筛选搜索,200,,常规接口测试-50并发 1-7,text,true,,5782,232,32,37,http://localhost:8080/api/post/list/filter?category=运动健身&pageNum=1&pageSize=10,259,0,1
1777735437276,219,关键词搜索,400,,常规接口测试-50并发 1-14,text,false,,332,183,32,37,http://localhost:8080/api/search/keyword?q=篮球,187,0,0
1777735437277,219,关键词搜索,400,,常规接口测试-50并发 1-3,text,false,,332,183,32,37,http://localhost:8080/api/search/keyword?q=篮球,189,0,0
1777735437201,316,高级筛选搜索,200,,常规接口测试-50并发 1-4,text,true,,5782,232,32,37,http://localhost:8080/api/post/list/filter?category=运动健身&pageNum=1&pageSize=10,286,0,0
1777735437323,200,用户登录,200,,常规接口测试-50并发 1-31,text,true,,319,218,32,37,http://localhost:8080/api/auth/login,170,0,0
1777735436675,874,获取帖子列表,200,,常规接口测试-50并发 1-20,text,true,,5517,179,33,38,http://localhost:8080/api/post/list?pageNum=1&pageSize=10,838,0,0
1777735437209,346,高级筛选搜索,200,,常规接口测试-50并发 1-9,text,true,,5782,232,33,38,http://localhost:8080/api/post/list/filter?category=运动健身&pageNum=1&pageSize=10,305,0,1
1777735437304,257,关键词搜索,400,,常规接口测试-50并发 1-26,text,false,,332,183,33,38,http://localhost:8080/api/search/keyword?q=篮球,216,0,0
1777735437308,255,关键词搜索,400,,常规接口测试-50并发 1-1,text,false,,332,183,33,38,http://localhost:8080/api/search/keyword?q=篮球,212,0,0
1777735437212,356,高级筛选搜索,200,,常规接口测试-50并发 1-17,text,true,,5782,232,33,38,http://localhost:8080/api/post/list/filter?category=运动健身&pageNum=1&pageSize=10,319,0,1
1777735437335,235,用户注册,200,,常规接口测试-50并发 1-32,text,true,,725,253,33,38,http://localhost:8080/api/auth/register,200,0,0
1777735436699,888,获取帖子列表,200,,常规接口测试-50并发 1-27,text,true,,5517,179,33,38,http://localhost:8080/api/post/list?pageNum=1&pageSize=10,871,0,0
1777735437369,225,用户注册,200,,常规接口测试-50并发 1-24,text,true,,725,253,33,38,http://localhost:8080/api/auth/register,206,0,0
1777735437251,349,高级筛选搜索,200,,常规接口测试-50并发 1-13,text,true,,5782,232,33,38,http://localhost:8080/api/post/list/filter?category=运动健身&pageNum=1&pageSize=10,331,0,1
1777735437367,245,关键词搜索,400,,常规接口测试-50并发 1-19,text,false,,332,183,33,38,http://localhost:8080/api/search/keyword?q=篮球,226,0,0
1777735437429,217,用户注册,200,,常规接口测试-50并发 1-5,text,true,,725,253,33,38,http://localhost:8080/api/auth/register,189,0,0
1777735437304,344,高级筛选搜索,200,,常规接口测试-50并发 1-18,text,true,,5782,232,33,38,http://localhost:8080/api/post/list/filter?category=运动健身&pageNum=1&pageSize=10,315,0,1
1777735437325,338,高级筛选搜索,200,,常规接口测试-50并发 1-10,text,true,,5782,232,33,38,http://localhost:8080/api/post/list/filter?category=运动健身&pageNum=1&pageSize=10,306,0,1
1777735437332,334,高级筛选搜索,200,,常规接口测试-50并发 1-25,text,true,,5782,232,33,38,http://localhost:8080/api/post/list/filter?category=运动健身&pageNum=1&pageSize=10,302,0,0
1777735437457,223,用户登录,200,,常规接口测试-50并发 1-12,text,true,,319,218,33,38,http://localhost:8080/api/auth/login,201,0,0
1777735437475,226,用户注册,200,,常规接口测试-50并发 1-7,text,true,,724,252,33,38,http://localhost:8080/api/auth/register,206,0,0
1777735436794,920,获取帖子列表,200,,常规接口测试-50并发 1-11,text,true,,5517,179,33,38,http://localhost:8080/api/post/list?pageNum=1&pageSize=10,897,0,0
1777735437556,207,用户注册,200,,常规接口测试-50并发 1-9,text,true,,725,253,34,39,http://localhost:8080/api/auth/register,187,0,0
1777735437517,252,用户注册,200,,常规接口测试-50并发 1-4,text,true,,725,253,34,39,http://localhost:8080/api/auth/register,192,0,0
1777735437536,241,用户注册,200,,常规接口测试-50并发 1-33,text,true,,725,253,34,39,http://localhost:8080/api/auth/register,184,0,1
1777735437570,250,用户登录,200,,常规接口测试-50并发 1-32,text,true,,319,218,34,39,http://localhost:8080/api/auth/login,202,0,0
1777735437549,273,关键词搜索,400,,常规接口测试-50并发 1-20,text,false,,332,183,34,39,http://localhost:8080/api/search/keyword?q=篮球,223,0,0
1777735437568,273,用户注册,200,,常规接口测试-50并发 1-17,text,true,,725,253,34,39,http://localhost:8080/api/auth/register,213,0,0
1777735437594,273,用户登录,200,,常规接口测试-50并发 1-24,text,true,,319,218,34,39,http://localhost:8080/api/auth/login,237,0,0
1777735437588,296,关键词搜索,400,,常规接口测试-50并发 1-27,text,false,,332,183,34,39,http://localhost:8080/api/search/keyword?q=篮球,261,0,0
1777735437600,303,用户注册,200,,常规接口测试-50并发 1-13,text,true,,725,253,34,39,http://localhost:8080/api/auth/register,274,0,0
1777735437495,426,高级筛选搜索,200,,常规接口测试-50并发 1-14,text,true,,5782,232,34,39,http://localhost:8080/api/post/list/filter?category=运动健身&pageNum=1&pageSize=10,407,0,1
1777735437646,282,用户登录,200,,常规接口测试-50并发 1-5,text,true,,319,218,34,39,http://localhost:8080/api/auth/login,265,0,0
1777735437497,432,高级筛选搜索,200,,常规接口测试-50并发 1-3,text,true,,5782,232,34,39,http://localhost:8080/api/post/list/filter?category=运动健身&pageNum=1&pageSize=10,415,0,1
1777735437649,282,用户注册,200,,常规接口测试-50并发 1-18,text,true,,725,253,34,39,http://localhost:8080/api/auth/register,264,0,0
1777735437664,277,用户注册,200,,常规接口测试-50并发 1-10,text,true,,725,253,35,40,http://localhost:8080/api/auth/register,256,0,0
1777735437667,278,用户注册,200,,常规接口测试-50并发 1-25,text,true,,725,253,35,40,http://localhost:8080/api/auth/register,255,0,0
1777735437563,385,高级筛选搜索,200,,常规接口测试-50并发 1-1,text,true,,5782,232,35,40,http://localhost:8080/api/post/list/filter?category=运动健身&pageNum=1&pageSize=10,363,0,1
1777735437562,391,高级筛选搜索,200,,常规接口测试-50并发 1-26,text,true,,5782,232,35,40,http://localhost:8080/api/post/list/filter?category=运动健身&pageNum=1&pageSize=10,366,0,1
1777735437763,197,用户登录,200,,常规接口测试-50并发 1-9,text,true,,319,218,35,40,http://localhost:8080/api/auth/login,169,0,0
1777735436951,1017,获取帖子列表,200,,常规接口测试-50并发 1-2,text,true,,5517,179,35,40,http://localhost:8080/api/post/list?pageNum=1&pageSize=10,988,0,0
1777735436964,1013,获取帖子列表,200,,常规接口测试-50并发 1-28,text,true,,5517,179,35,40,http://localhost:8080/api/post/list?pageNum=1&pageSize=10,983,0,0
1777735437701,282,用户登录,200,,常规接口测试-50并发 1-7,text,true,,319,218,35,40,http://localhost:8080/api/auth/login,249,0,0
1777735437613,382,高级筛选搜索,200,,常规接口测试-50并发 1-19,text,true,,5782,232,35,40,http://localhost:8080/api/post/list/filter?category=运动健身&pageNum=1&pageSize=10,344,0,0
1777735437749,248,用户注册,200,,常规接口测试-50并发 1-34,text,true,,724,252,35,40,http://localhost:8080/api/auth/register,212,0,3
1777735437769,248,用户登录,200,,常规接口测试-50并发 1-4,text,true,,319,218,35,40,http://localhost:8080/api/auth/login,229,0,0
1777735437777,251,用户登录,200,,常规接口测试-50并发 1-33,text,true,,319,218,35,40,http://localhost:8080/api/auth/login,232,0,0
1777735437025,1007,获取帖子列表,200,,常规接口测试-50并发 1-15,text,true,,5517,179,35,40,http://localhost:8080/api/post/list?pageNum=1&pageSize=10,988,0,0
1777735437714,328,关键词搜索,400,,常规接口测试-50并发 1-11,text,false,,332,183,35,40,http://localhost:8080/api/search/keyword?q=篮球,305,0,0
1777735437052,997,获取帖子列表,200,,常规接口测试-50并发 1-21,text,true,,5517,179,35,40,http://localhost:8080/api/post/list?pageNum=1&pageSize=10,973,0,0
1777735437841,215,用户登录,200,,常规接口测试-50并发 1-17,text,true,,319,218,35,40,http://localhost:8080/api/auth/login,188,0,0
1777735437093,978,获取帖子列表,200,,常规接口测试-50并发 1-6,text,true,,5517,179,35,40,http://localhost:8080/api/post/list?pageNum=1&pageSize=10,947,0,0
1777735437903,185,用户登录,200,,常规接口测试-50并发 1-13,text,true,,319,218,35,40,http://localhost:8080/api/auth/login,148,0,0
1777735437120,1005,获取帖子列表,200,,常规接口测试-50并发 1-29,text,true,,5517,179,35,40,http://localhost:8080/api/post/list?pageNum=1&pageSize=10,978,0,0
1777735437823,311,高级筛选搜索,200,,常规接口测试-50并发 1-20,text,true,,5782,232,35,40,http://localhost:8080/api/post/list/filter?category=运动健身&pageNum=1&pageSize=10,288,0,1
1777735437921,226,用户注册,200,,常规接口测试-50并发 1-14,text,true,,725,253,36,41,http://localhost:8080/api/auth/register,209,0,0
1777735437931,218,用户登录,200,,常规接口测试-50并发 1-18,text,true,,319,218,36,41,http://localhost:8080/api/auth/login,200,0,0
1777735437929,229,用户注册,200,,常规接口测试-50并发 1-3,text,true,,725,253,36,41,http://localhost:8080/api/auth/register,209,0,0
1777735437946,215,用户登录,200,,常规接口测试-50并发 1-25,text,true,,319,218,36,41,http://localhost:8080/api/auth/login,195,0,0
1777735437942,220,用户登录,200,,常规接口测试-50并发 1-10,text,true,,319,218,36,41,http://localhost:8080/api/auth/login,199,0,0
1777735437933,231,用户注册,200,,常规接口测试-50并发 1-35,text,true,,725,253,36,41,http://localhost:8080/api/auth/register,210,0,1
1777735437949,218,用户注册,200,,常规接口测试-50并发 1-1,text,true,,725,253,36,41,http://localhost:8080/api/auth/register,196,0,0
1777735437953,222,用户注册,200,,常规接口测试-50并发 1-26,text,true,,725,253,36,41,http://localhost:8080/api/auth/register,198,0,0
1777735437885,299,高级筛选搜索,200,,常规接口测试-50并发 1-27,text,true,,5782,232,36,41,http://localhost:8080/api/post/list/filter?category=运动健身&pageNum=1&pageSize=10,275,0,0
1777735437238,960,获取帖子列表,200,,常规接口测试-50并发 1-8,text,true,,5517,179,36,41,http://localhost:8080/api/post/list?pageNum=1&pageSize=10,937,0,0
1777735437968,232,关键词搜索,400,,常规接口测试-50并发 1-2,text,false,,332,183,36,41,http://localhost:8080/api/search/keyword?q=篮球,208,0,0
1777735437997,203,用户登录,200,,常规接口测试-50并发 1-34,text,true,,319,218,36,41,http://localhost:8080/api/auth/login,180,0,0
1777735437995,211,用户注册,200,,常规接口测试-50并发 1-19,text,true,,723,253,36,41,http://localhost:8080/api/auth/register,185,0,0
1777735437287,934,获取帖子列表,200,,常规接口测试-50并发 1-16,text,true,,5517,179,36,41,http://localhost:8080/api/post/list?pageNum=1&pageSize=10,907,0,0
1777735437977,254,关键词搜索,400,,常规接口测试-50并发 1-28,text,false,,332,183,36,41,http://localhost:8080/api/search/keyword?q=篮球,225,0,0
1777735437300,956,获取帖子列表,200,,常规接口测试-50并发 1-22,text,true,,5517,179,36,41,http://localhost:8080/api/post/list?pageNum=1&pageSize=10,918,0,0
1777735437279,984,获取帖子列表,200,,常规接口测试-50并发 1-30,text,true,,5517,179,36,41,http://localhost:8080/api/post/list?pageNum=1&pageSize=10,944,0,0
1777735438033,284,关键词搜索,400,,常规接口测试-50并发 1-15,text,false,,332,183,36,41,http://localhost:8080/api/search/keyword?q=篮球,247,0,0
1777735438049,288,关键词搜索,400,,常规接口测试-50并发 1-21,text,false,,332,183,37,42,http://localhost:8080/api/search/keyword?q=篮球,254,0,0
1777735438072,282,关键词搜索,400,,常规接口测试-50并发 1-6,text,false,,332,183,37,42,http://localhost:8080/api/search/keyword?q=篮球,246,0,0
1777735438135,243,用户注册,200,,常规接口测试-50并发 1-20,text,true,,725,253,37,42,http://localhost:8080/api/auth/register,210,0,0
1777735438042,346,高级筛选搜索,200,,常规接口测试-50并发 1-11,text,true,,5782,232,37,42,http://localhost:8080/api/post/list/filter?category=运动健身&pageNum=1&pageSize=10,318,0,1
1777735438136,257,用户注册,200,,常规接口测试-50并发 1-36,text,true,,724,252,37,42,http://localhost:8080/api/auth/register,231,0,1
1777735438148,247,用户登录,200,,常规接口测试-50并发 1-14,text,true,,319,218,37,42,http://localhost:8080/api/auth/login,221,0,0
1777735438167,233,用户登录,200,,常规接口测试-50并发 1-1,text,true,,319,218,37,42,http://localhost:8080/api/auth/login,207,0,0
1777735437448,957,获取帖子列表,200,,常规接口测试-50并发 1-23,text,true,,5517,179,37,42,http://localhost:8080/api/post/list?pageNum=1&pageSize=10,928,0,0
1777735438158,249,用户登录,200,,常规接口测试-50并发 1-3,text,true,,319,218,37,42,http://localhost:8080/api/auth/login,222,0,0
1777735438126,281,关键词搜索,400,,常规接口测试-50并发 1-29,text,false,,332,183,37,42,http://localhost:8080/api/search/keyword?q=篮球,253,0,0
1777735438165,247,用户登录,200,,常规接口测试-50并发 1-35,text,true,,319,218,37,42,http://localhost:8080/api/auth/login,220,0,0
1777735438175,253,用户登录,200,,常规接口测试-50并发 1-26,text,true,,319,218,37,42,http://localhost:8080/api/auth/login,222,0,0
1777735437524,909,获取帖子列表,200,,常规接口测试-50并发 1-31,text,true,,5517,179,37,42,http://localhost:8080/api/post/list?pageNum=1&pageSize=10,879,0,0
1777735438184,307,用户注册,200,,常规接口测试-50并发 1-27,text,true,,725,253,37,42,http://localhost:8080/api/auth/register,239,0,0
1777735438206,308,用户登录,200,,常规接口测试-50并发 1-19,text,true,,319,218,37,42,http://localhost:8080/api/auth/login,278,0,0
1777735438198,323,关键词搜索,400,,常规接口测试-50并发 1-8,text,false,,332,183,37,42,http://localhost:8080/api/search/keyword?q=篮球,291,0,0
1777735438221,391,关键词搜索,400,,常规接口测试-50并发 1-16,text,false,,332,183,38,43,http://localhost:8080/api/search/keyword?q=篮球,335,0,0
1777735438257,414,关键词搜索,400,,常规接口测试-50并发 1-22,text,false,,332,183,38,43,http://localhost:8080/api/search/keyword?q=篮球,349,0,0
1777735438263,422,关键词搜索,400,,常规接口测试-50并发 1-30,text,false,,332,183,38,43,http://localhost:8080/api/search/keyword?q=篮球,367,0,0
1777735438335,389,用户注册,200,,常规接口测试-50并发 1-37,text,true,,722,252,38,43,http://localhost:8080/api/auth/register,342,0,0
1777735438200,538,高级筛选搜索,200,,常规接口测试-50并发 1-2,text,true,,5782,232,39,44,http://localhost:8080/api/post/list/filter?category=运动健身&pageNum=1&pageSize=10,488,0,1
1777735438378,395,用户登录,200,,常规接口测试-50并发 1-20,text,true,,319,218,39,44,http://localhost:8080/api/auth/login,339,0,0
1777735438232,557,高级筛选搜索,200,,常规接口测试-50并发 1-28,text,true,,5782,232,39,44,http://localhost:8080/api/post/list/filter?category=运动健身&pageNum=1&pageSize=10,513,0,0
1777735438389,406,用户注册,200,,常规接口测试-50并发 1-11,text,true,,725,253,39,44,http://localhost:8080/api/auth/register,365,0,0
1777735438393,404,用户登录,200,,常规接口测试-50并发 1-36,text,true,,319,218,39,44,http://localhost:8080/api/auth/login,366,0,0
1777735437680,1133,获取帖子列表,200,,常规接口测试-50并发 1-12,text,true,,5517,179,39,44,http://localhost:8080/api/post/list?pageNum=1&pageSize=10,1104,0,0
1777735438338,486,高级筛选搜索,200,,常规接口测试-50并发 1-21,text,true,,5782,232,39,44,http://localhost:8080/api/post/list/filter?category=运动健身&pageNum=1&pageSize=10,452,0,0
1777735438317,510,高级筛选搜索,200,,常规接口测试-50并发 1-15,text,true,,5782,232,39,44,http://localhost:8080/api/post/list/filter?category=运动健身&pageNum=1&pageSize=10,476,0,1
1777735438354,504,高级筛选搜索,200,,常规接口测试-50并发 1-6,text,true,,5782,232,39,44,http://localhost:8080/api/post/list/filter?category=运动健身&pageNum=1&pageSize=10,457,0,1
1777735438492,396,用户登录,200,,常规接口测试-50并发 1-27,text,true,,319,218,39,44,http://localhost:8080/api/auth/login,338,0,0
1777735438405,496,关键词搜索,400,,常规接口测试-50并发 1-23,text,false,,332,183,39,44,http://localhost:8080/api/search/keyword?q=篮球,439,0,0
1777735438433,468,关键词搜索,400,,常规接口测试-50并发 1-31,text,false,,332,183,39,44,http://localhost:8080/api/search/keyword?q=篮球,408,0,0
1777735437820,1089,获取帖子列表,200,,常规接口测试-50并发 1-32,text,true,,5517,179,39,44,http://localhost:8080/api/post/list?pageNum=1&pageSize=10,1033,0,0
1777735438408,537,高级筛选搜索,200,,常规接口测试-50并发 1-29,text,true,,5782,232,40,45,http://localhost:8080/api/post/list/filter?category=运动健身&pageNum=1&pageSize=10,485,0,0
1777735437867,1081,获取帖子列表,200,,常规接口测试-50并发 1-24,text,true,,5517,179,40,45,http://localhost:8080/api/post/list?pageNum=1&pageSize=10,1031,0,0
1777735438535,424,用户注册,200,,常规接口测试-50并发 1-38,text,true,,725,253,40,45,http://localhost:8080/api/auth/register,383,0,1
1777735438521,521,高级筛选搜索,200,,常规接口测试-50并发 1-8,text,true,,5782,232,40,45,http://localhost:8080/api/post/list/filter?category=运动健身&pageNum=1&pageSize=10,492,0,1
1777735437929,1115,获取帖子列表,200,,常规接口测试-50并发 1-5,text,true,,5517,179,40,45,http://localhost:8080/api/post/list?pageNum=1&pageSize=10,1086,0,0
1777735438724,330,用户登录,200,,常规接口测试-50并发 1-37,text,true,,319,218,40,45,http://localhost:8080/api/auth/login,299,0,0
1777735437960,1095,获取帖子列表,200,,常规接口测试-50并发 1-9,text,true,,5517,179,40,45,http://localhost:8080/api/post/list?pageNum=1&pageSize=10,1065,0,0
1777735437983,1075,获取帖子列表,200,,常规接口测试-50并发 1-7,text,true,,5517,179,40,45,http://localhost:8080/api/post/list?pageNum=1&pageSize=10,1047,0,0
1777735438736,323,用户注册,200,,常规接口测试-50并发 1-39,text,true,,725,253,40,45,http://localhost:8080/api/auth/register,294,0,1
1777735438738,334,用户注册,200,,常规接口测试-50并发 1-2,text,true,,725,253,40,45,http://localhost:8080/api/auth/register,302,0,0
1777735438790,285,用户注册,200,,常规接口测试-50并发 1-28,text,true,,725,253,40,45,http://localhost:8080/api/auth/register,255,0,0
1777735438612,476,高级筛选搜索,200,,常规接口测试-50并发 1-16,text,true,,5782,232,40,45,http://localhost:8080/api/post/list/filter?category=运动健身&pageNum=1&pageSize=10,435,0,1
1777735438795,325,用户登录,200,,常规接口测试-50并发 1-11,text,true,,319,218,40,45,http://localhost:8080/api/auth/login,276,0,0
1777735438671,470,高级筛选搜索,200,,常规接口测试-50并发 1-22,text,true,,5782,232,41,46,http://localhost:8080/api/post/list/filter?category=运动健身&pageNum=1&pageSize=10,420,0,1
1777735438028,1132,获取帖子列表,200,,常规接口测试-50并发 1-33,text,true,,5517,179,41,46,http://localhost:8080/api/post/list?pageNum=1&pageSize=10,1073,0,0
1777735438018,1147,获取帖子列表,200,,常规接口测试-50并发 1-4,text,true,,5517,179,41,46,http://localhost:8080/api/post/list?pageNum=1&pageSize=10,1086,0,0
1777735438824,347,用户注册,200,,常规接口测试-50并发 1-21,text,true,,725,253,41,46,http://localhost:8080/api/auth/register,287,0,0
1777735438686,486,高级筛选搜索,200,,常规接口测试-50并发 1-30,text,true,,5782,232,41,46,http://localhost:8080/api/post/list/filter?category=运动健身&pageNum=1&pageSize=10,425,0,0
1777735438827,354,用户注册,200,,常规接口测试-50并发 1-15,text,true,,725,253,41,46,http://localhost:8080/api/auth/register,293,0,0
1777735438056,1134,获取帖子列表,200,,常规接口测试-50并发 1-17,text,true,,5517,179,41,46,http://localhost:8080/api/post/list?pageNum=1&pageSize=10,1090,0,0
1777735438858,338,用户注册,200,,常规接口测试-50并发 1-6,text,true,,723,251,41,46,http://localhost:8080/api/auth/register,309,0,0
1777735438814,401,关键词搜索,400,,常规接口测试-50并发 1-12,text,false,,332,183,41,46,http://localhost:8080/api/search/keyword?q=篮球,376,0,0
1777735438088,1142,获取帖子列表,200,,常规接口测试-50并发 1-13,text,true,,5517,179,41,46,http://localhost:8080/api/post/list?pageNum=1&pageSize=10,1112,0,0
1777735438935,301,用户注册,200,,常规接口测试-50并发 1-40,text,true,,725,253,41,46,http://localhost:8080/api/auth/register,273,0,0
1777735438945,296,用户注册,200,,常规接口测试-50并发 1-29,text,true,,725,253,41,46,http://localhost:8080/api/auth/register,267,0,0
1777735438959,291,用户登录,200,,常规接口测试-50并发 1-38,text,true,,319,218,41,46,http://localhost:8080/api/auth/login,267,0,0
1777735438910,349,关键词搜索,400,,常规接口测试-50并发 1-32,text,false,,332,183,41,46,http://localhost:8080/api/search/keyword?q=篮球,326,0,0
1777735438948,350,关键词搜索,400,,常规接口测试-50并发 1-24,text,false,,332,183,41,46,http://localhost:8080/api/search/keyword?q=篮球,304,0,0
1777735438902,405,高级筛选搜索,200,,常规接口测试-50并发 1-23,text,true,,5782,232,41,46,http://localhost:8080/api/post/list/filter?category=运动健身&pageNum=1&pageSize=10,366,0,0
1777735438162,1152,获取帖子列表,200,,常规接口测试-50并发 1-10,text,true,,5517,179,41,46,http://localhost:8080/api/post/list?pageNum=1&pageSize=10,1117,0,0
1777735438150,1165,获取帖子列表,200,,常规接口测试-50并发 1-18,text,true,,5517,179,41,46,http://localhost:8080/api/post/list?pageNum=1&pageSize=10,1131,0,0
1777735438902,420,高级筛选搜索,200,,常规接口测试-50并发 1-31,text,true,,5782,232,41,46,http://localhost:8080/api/post/list/filter?category=运动健身&pageNum=1&pageSize=10,392,0,0
1777735438162,1164,获取帖子列表,200,,常规接口测试-50并发 1-25,text,true,,5517,179,41,46,http://localhost:8080/api/post/list?pageNum=1&pageSize=10,1140,0,0
1777735439072,264,用户登录,200,,常规接口测试-50并发 1-2,text,true,,319,218,42,47,http://localhost:8080/api/auth/login,235,0,0
1777735439043,294,用户注册,200,,常规接口测试-50并发 1-8,text,true,,313,253,42,47,http://localhost:8080/api/auth/register,264,0,0
1777735438200,1148,获取帖子列表,200,,常规接口测试-50并发 1-34,text,true,,5517,179,42,47,http://localhost:8080/api/post/list?pageNum=1&pageSize=10,1116,0,0
1777735439059,298,用户登录,200,,常规接口测试-50并发 1-39,text,true,,319,218,42,47,http://localhost:8080/api/auth/login,267,0,0
1777735439075,286,用户登录,200,,常规接口测试-50并发 1-28,text,true,,319,218,42,47,http://localhost:8080/api/auth/login,259,0,0
1777735439088,294,用户注册,200,,常规接口测试-50并发 1-16,text,true,,725,253,42,47,http://localhost:8080/api/auth/register,267,0,0
1777735439045,344,关键词搜索,400,,常规接口测试-50并发 1-5,text,false,,332,183,42,47,http://localhost:8080/api/search/keyword?q=篮球,314,0,0
1777735439055,344,关键词搜索,400,,常规接口测试-50并发 1-9,text,false,,332,183,42,47,http://localhost:8080/api/search/keyword?q=篮球,315,0,0
1777735439135,265,用户注册,200,,常规接口测试-50并发 1-41,text,true,,723,253,42,47,http://localhost:8080/api/auth/register,236,0,0
1777735439141,262,用户注册,200,,常规接口测试-50并发 1-22,text,true,,725,253,42,47,http://localhost:8080/api/auth/register,237,0,0
1777735439058,347,关键词搜索,400,,常规接口测试-50并发 1-7,text,false,,332,183,42,47,http://localhost:8080/api/search/keyword?q=篮球,321,0,0
1777735439171,238,用户登录,200,,常规接口测试-50并发 1-21,text,true,,319,218,42,47,http://localhost:8080/api/auth/login,213,0,0
1777735439181,237,用户登录,200,,常规接口测试-50并发 1-15,text,true,,319,218,42,47,http://localhost:8080/api/auth/login,217,0,0
1777735439160,264,关键词搜索,400,,常规接口测试-50并发 1-33,text,false,,332,183,42,47,http://localhost:8080/api/search/keyword?q=篮球,243,0,0
1777735439173,254,用户注册,200,,常规接口测试-50并发 1-30,text,true,,724,252,42,47,http://localhost:8080/api/auth/register,234,0,0
1777735439196,235,用户登录,200,,常规接口测试-50并发 1-6,text,true,,319,218,42,47,http://localhost:8080/api/auth/login,214,0,0
1777735439190,253,关键词搜索,400,,常规接口测试-50并发 1-17,text,false,,332,183,42,47,http://localhost:8080/api/search/keyword?q=篮球,252,0,0
1777735439166,288,关键词搜索,400,,常规接口测试-50并发 1-4,text,false,,332,183,42,47,http://localhost:8080/api/search/keyword?q=篮球,260,0,0
1777735438408,1059,获取帖子列表,200,,常规接口测试-50并发 1-3,text,true,,5517,179,42,47,http://localhost:8080/api/post/list?pageNum=1&pageSize=10,1027,0,0
1777735438395,1074,获取帖子列表,200,,常规接口测试-50并发 1-14,text,true,,5517,179,42,47,http://localhost:8080/api/post/list?pageNum=1&pageSize=10,1044,0,0
1777735439237,234,用户登录,200,,常规接口测试-50并发 1-40,text,true,,319,218,42,47,http://localhost:8080/api/auth/login,204,0,0
1777735438412,1061,获取帖子列表,200,,常规接口测试-50并发 1-35,text,true,,5517,179,42,47,http://localhost:8080/api/post/list?pageNum=1&pageSize=10,1032,0,0
1777735439241,234,用户登录,200,,常规接口测试-50并发 1-29,text,true,,319,218,42,47,http://localhost:8080/api/auth/login,204,0,0
1777735438400,1078,获取帖子列表,200,,常规接口测试-50并发 1-1,text,true,,5517,179,42,47,http://localhost:8080/api/post/list?pageNum=1&pageSize=10,1048,0,0
1777735438428,1084,获取帖子列表,200,,常规接口测试-50并发 1-26,text,true,,5517,179,42,47,http://localhost:8080/api/post/list?pageNum=1&pageSize=10,1057,0,0
1777735439215,305,高级筛选搜索,200,,常规接口测试-50并发 1-12,text,true,,5782,232,42,47,http://localhost:8080/api/post/list/filter?category=运动健身&pageNum=1&pageSize=10,279,0,1
1777735439231,293,关键词搜索,400,,常规接口测试-50并发 1-13,text,false,,332,183,42,47,http://localhost:8080/api/search/keyword?q=篮球,267,0,0
1777735438514,1018,获取帖子列表,200,,常规接口测试-50并发 1-19,text,true,,5517,179,42,47,http://localhost:8080/api/post/list?pageNum=1&pageSize=10,988,0,0
1777735439308,242,用户注册,200,,常规接口测试-50并发 1-23,text,true,,723,253,43,48,http://localhost:8080/api/auth/register,210,0,0
1777735439323,242,用户注册,200,,常规接口测试-50并发 1-31,text,true,,725,253,43,48,http://localhost:8080/api/auth/register,206,0,0
1777735439337,236,用户登录,200,,常规接口测试-50并发 1-8,text,true,,319,218,43,48,http://localhost:8080/api/auth/login,199,0,0
1777735439314,264,关键词搜索,400,,常规接口测试-50并发 1-10,text,false,,332,183,43,48,http://localhost:8080/api/search/keyword?q=篮球,262,0,0
1777735439335,247,用户注册,200,,常规接口测试-50并发 1-42,text,true,,725,253,43,48,http://localhost:8080/api/auth/register,208,0,1
1777735439259,332,高级筛选搜索,200,,常规接口测试-50并发 1-32,text,true,,5782,232,43,48,http://localhost:8080/api/post/list/filter?category=运动健身&pageNum=1&pageSize=10,297,0,1
1777735439315,294,关键词搜索,400,,常规接口测试-50并发 1-18,text,false,,332,183,43,48,http://localhost:8080/api/search/keyword?q=篮球,263,0,0
1777735439298,329,高级筛选搜索,200,,常规接口测试-50并发 1-24,text,true,,5782,232,43,48,http://localhost:8080/api/post/list/filter?category=运动健身&pageNum=1&pageSize=10,288,0,1
1777735439326,309,关键词搜索,400,,常规接口测试-50并发 1-25,text,false,,332,183,43,48,http://localhost:8080/api/search/keyword?q=篮球,267,0,0
1777735439383,256,用户登录,200,,常规接口测试-50并发 1-16,text,true,,319,218,43,48,http://localhost:8080/api/auth/login,212,0,0
1777735439348,317,关键词搜索,400,,常规接口测试-50并发 1-34,text,false,,332,183,43,48,http://localhost:8080/api/search/keyword?q=篮球,266,0,0
1777735439400,269,用户登录,200,,常规接口测试-50并发 1-41,text,true,,319,218,43,48,http://localhost:8080/api/auth/login,223,0,0
1777735439404,269,用户登录,200,,常规接口测试-50并发 1-22,text,true,,319,218,43,48,http://localhost:8080/api/auth/login,226,0,0
1777735439427,252,用户登录,200,,常规接口测试-50并发 1-30,text,true,,319,218,43,48,http://localhost:8080/api/auth/login,215,0,0
1777735439390,328,高级筛选搜索,200,,常规接口测试-50并发 1-5,text,true,,5782,232,43,48,http://localhost:8080/api/post/list/filter?category=运动健身&pageNum=1&pageSize=10,300,0,0
1777735438798,930,获取帖子列表,200,,常规接口测试-50并发 1-36,text,true,,5517,179,43,48,http://localhost:8080/api/post/list?pageNum=1&pageSize=10,902,0,0
1777735438773,959,获取帖子列表,200,,常规接口测试-50并发 1-20,text,true,,5517,179,43,48,http://localhost:8080/api/post/list?pageNum=1&pageSize=10,930,0,0
1777735439399,371,高级筛选搜索,200,,常规接口测试-50并发 1-9,text,true,,5782,232,44,49,http://localhost:8080/api/post/list/filter?category=运动健身&pageNum=1&pageSize=10,326,0,1
1777735439405,403,高级筛选搜索,200,,常规接口测试-50并发 1-7,text,true,,5782,232,44,49,http://localhost:8080/api/post/list/filter?category=运动健身&pageNum=1&pageSize=10,337,0,1
1777735439425,393,高级筛选搜索,200,,常规接口测试-50并发 1-33,text,true,,5782,232,44,49,http://localhost:8080/api/post/list/filter?category=运动健身&pageNum=1&pageSize=10,328,0,0
1777735438888,941,获取帖子列表,200,,常规接口测试-50并发 1-27,text,true,,5517,179,44,49,http://localhost:8080/api/post/list?pageNum=1&pageSize=10,889,0,0
1777735439468,379,关键词搜索,400,,常规接口测试-50并发 1-3,text,false,,332,183,44,49,http://localhost:8080/api/search/keyword?q=篮球,342,0,0
1777735439469,378,关键词搜索,400,,常规接口测试-50并发 1-14,text,false,,332,183,44,49,http://localhost:8080/api/search/keyword?q=篮球,343,0,0
1777735439474,378,关键词搜索,400,,常规接口测试-50并发 1-35,text,false,,332,183,44,49,http://localhost:8080/api/search/keyword?q=篮球,342,0,0
1777735439521,335,用户注册,200,,常规接口测试-50并发 1-12,text,true,,724,252,44,49,http://localhost:8080/api/auth/register,301,0,0
1777735439478,380,关键词搜索,400,,常规接口测试-50并发 1-1,text,false,,332,183,44,49,http://localhost:8080/api/search/keyword?q=篮球,344,0,0
1777735439443,417,高级筛选搜索,200,,常规接口测试-50并发 1-17,text,true,,5782,232,44,49,http://localhost:8080/api/post/list/filter?category=运动健身&pageNum=1&pageSize=10,382,0,1
1777735439534,335,用户注册,200,,常规接口测试-50并发 1-43,text,true,,725,253,44,49,http://localhost:8080/api/auth/register,300,0,1
1777735439454,421,高级筛选搜索,200,,常规接口测试-50并发 1-4,text,true,,5782,232,44,49,http://localhost:8080/api/post/list/filter?category=运动健身&pageNum=1&pageSize=10,384,0,1
1777735439550,337,用户登录,200,,常规接口测试-50并发 1-23,text,true,,319,218,44,49,http://localhost:8080/api/auth/login,294,0,0
1777735439565,340,用户登录,200,,常规接口测试-50并发 1-31,text,true,,319,218,44,49,http://localhost:8080/api/auth/login,294,0,0
1777735439513,400,关键词搜索,400,,常规接口测试-50并发 1-26,text,false,,332,183,44,49,http://localhost:8080/api/search/keyword?q=篮球,350,0,0
1777735439582,348,用户登录,200,,常规接口测试-50并发 1-42,text,true,,319,218,44,49,http://localhost:8080/api/auth/login,299,0,0
1777735439532,417,关键词搜索,400,,常规接口测试-50并发 1-19,text,false,,332,183,45,50,http://localhost:8080/api/search/keyword?q=篮球,362,0,0
1777735439591,364,用户注册,200,,常规接口测试-50并发 1-32,text,true,,725,253,45,50,http://localhost:8080/api/auth/register,309,0,0
1777735439525,446,高级筛选搜索,200,,常规接口测试-50并发 1-13,text,true,,5782,232,45,50,http://localhost:8080/api/post/list/filter?category=运动健身&pageNum=1&pageSize=10,403,0,0
1777735439628,349,用户注册,200,,常规接口测试-50并发 1-24,text,true,,725,253,45,50,http://localhost:8080/api/auth/register,305,0,0
1777735439578,406,高级筛选搜索,200,,常规接口测试-50并发 1-10,text,true,,5782,232,45,50,http://localhost:8080/api/post/list/filter?category=运动健身&pageNum=1&pageSize=10,370,0,1
1777735439054,961,获取帖子列表,200,,常规接口测试-50并发 1-37,text,true,,5517,179,45,50,http://localhost:8080/api/post/list?pageNum=1&pageSize=10,913,0,0
1777735439120,963,获取帖子列表,200,,常规接口测试-50并发 1-11,text,true,,5517,179,45,50,http://localhost:8080/api/post/list?pageNum=1&pageSize=10,891,0,0
1777735439609,517,高级筛选搜索,200,,常规接口测试-50并发 1-18,text,true,,5782,232,45,50,http://localhost:8080/api/post/list/filter?category=运动健身&pageNum=1&pageSize=10,434,0,1
1777735439718,450,用户注册,200,,常规接口测试-50并发 1-5,text,true,,725,253,46,51,http://localhost:8080/api/auth/register,389,0,0
1777735439735,451,用户注册,200,,常规接口测试-50并发 1-44,text,true,,725,253,46,51,http://localhost:8080/api/auth/register,398,0,1
1777735439635,569,高级筛选搜索,200,,常规接口测试-50并发 1-25,text,true,,5782,232,46,51,http://localhost:8080/api/post/list/filter?category=运动健身&pageNum=1&pageSize=10,522,0,1
1777735439770,447,用户注册,200,,常规接口测试-50并发 1-9,text,true,,723,253,46,51,http://localhost:8080/api/auth/register,402,0,0
1777735439808,421,用户注册,200,,常规接口测试-50并发 1-7,text,true,,725,253,46,51,http://localhost:8080/api/auth/register,382,0,0
1777735439665,569,高级筛选搜索,200,,常规接口测试-50并发 1-34,text,true,,5782,232,46,51,http://localhost:8080/api/post/list/filter?category=运动健身&pageNum=1&pageSize=10,531,0,1
1777735439819,417,用户注册,200,,常规接口测试-50并发 1-33,text,true,,725,253,46,51,http://localhost:8080/api/auth/register,379,0,0
1777735439728,511,关键词搜索,400,,常规接口测试-50并发 1-36,text,false,,332,183,46,51,http://localhost:8080/api/search/keyword?q=篮球,472,0,0
1777735439732,523,关键词搜索,400,,常规接口测试-50并发 1-20,text,false,,332,183,46,51,http://localhost:8080/api/search/keyword?q=篮球,477,0,0
1777735439857,414,用户登录,200,,常规接口测试-50并发 1-12,text,true,,319,218,46,51,http://localhost:8080/api/auth/login,374,0,0
1777735439861,424,用户注册,200,,常规接口测试-50并发 1-17,text,true,,725,253,46,51,http://localhost:8080/api/auth/register,389,0,0
1777735439870,422,用户登录,200,,常规接口测试-50并发 1-43,text,true,,319,218,46,51,http://localhost:8080/api/auth/login,386,0,0
1777735439250,1046,获取帖子列表,200,,常规接口测试-50并发 1-38,text,true,,5517,179,46,51,http://localhost:8080/api/post/list?pageNum=1&pageSize=10,1009,0,0
1777735439875,423,用户注册,200,,常规接口测试-50并发 1-4,text,true,,725,253,46,51,http://localhost:8080/api/auth/register,386,0,0
1777735439829,480,关键词搜索,400,,常规接口测试-50并发 1-27,text,false,,332,183,46,51,http://localhost:8080/api/search/keyword?q=篮球,443,0,0
1777735439955,388,用户登录,200,,常规接口测试-50并发 1-32,text,true,,319,218,47,52,http://localhost:8080/api/auth/login,362,0,0
1777735439935,410,用户注册,200,,常规接口测试-50并发 1-45,text,true,,723,253,47,52,http://localhost:8080/api/auth/register,384,0,0
1777735439847,501,高级筛选搜索,200,,常规接口测试-50并发 1-3,text,true,,5782,232,47,52,http://localhost:8080/api/post/list/filter?category=运动健身&pageNum=1&pageSize=10,474,0,0
1777735439977,383,用户登录,200,,常规接口测试-50并发 1-24,text,true,,319,218,47,52,http://localhost:8080/api/auth/login,357,0,0
1777735439848,518,高级筛选搜索,200,,常规接口测试-50并发 1-14,text,true,,5782,232,47,52,http://localhost:8080/api/post/list/filter?category=运动健身&pageNum=1&pageSize=10,489,0,0
1777735439972,399,用户注册,200,,常规接口测试-50并发 1-13,text,true,,725,253,47,52,http://localhost:8080/api/auth/register,369,0,0
1777735439852,521,高级筛选搜索,200,,常规接口测试-50并发 1-35,text,true,,5782,232,47,52,http://localhost:8080/api/post/list/filter?category=运动健身&pageNum=1&pageSize=10,490,0,0
1777735439336,1044,获取帖子列表,200,,常规接口测试-50并发 1-2,text,true,,5517,179,47,52,http://localhost:8080/api/post/list?pageNum=1&pageSize=10,1013,0,0
1777735439357,1027,获取帖子列表,200,,常规接口测试-50并发 1-39,text,true,,5517,179,47,52,http://localhost:8080/api/post/list?pageNum=1&pageSize=10,995,0,0
1777735439985,399,用户注册,200,,常规接口测试-50并发 1-10,text,true,,725,253,47,52,http://localhost:8080/api/auth/register,368,0,0
1777735439858,528,高级筛选搜索,200,,常规接口测试-50并发 1-1,text,true,,5782,232,47,52,http://localhost:8080/api/post/list/filter?category=运动健身&pageNum=1&pageSize=10,497,0,1
1777735439361,1028,获取帖子列表,200,,常规接口测试-50并发 1-28,text,true,,5517,179,46,51,http://localhost:8080/api/post/list?pageNum=1&pageSize=10,997,0,0
1777735439913,519,高级筛选搜索,200,,常规接口测试-50并发 1-26,text,true,,5782,232,46,51,http://localhost:8080/api/post/list/filter?category=运动健身&pageNum=1&pageSize=10,481,0,1
1777735440127,324,用户注册,200,,常规接口测试-50并发 1-18,text,true,,725,253,46,51,http://localhost:8080/api/auth/register,275,0,0
1777735440135,324,用户注册,200,,常规接口测试-50并发 1-46,text,true,,725,253,46,51,http://localhost:8080/api/auth/register,271,0,1
1777735439949,513,高级筛选搜索,200,,常规接口测试-50并发 1-19,text,true,,5782,232,46,51,http://localhost:8080/api/post/list/filter?category=运动健身&pageNum=1&pageSize=10,459,0,1
1777735440018,447,关键词搜索,400,,常规接口测试-50并发 1-37,text,false,,332,183,46,51,http://localhost:8080/api/search/keyword?q=篮球,395,0,0
1777735439409,1059,获取帖子列表,200,,常规接口测试-50并发 1-21,text,true,,5517,179,46,51,http://localhost:8080/api/post/list?pageNum=1&pageSize=10,1005,0,0
1777735440169,305,用户登录,200,,常规接口测试-50并发 1-5,text,true,,319,218,46,51,http://localhost:8080/api/auth/login,257,0,0
1777735439418,1059,获取帖子列表,200,,常规接口测试-50并发 1-15,text,true,,5517,179,46,51,http://localhost:8080/api/post/list?pageNum=1&pageSize=10,1012,0,0
1777735440186,298,用户登录,200,,常规接口测试-50并发 1-44,text,true,,319,218,46,51,http://localhost:8080/api/auth/login,260,0,0
1777735440083,408,关键词搜索,400,,常规接口测试-50并发 1-11,text,false,,332,183,46,51,http://localhost:8080/api/search/keyword?q=篮球,374,0,0
1777735440204,305,用户注册,200,,常规接口测试-50并发 1-25,text,true,,725,253,46,51,http://localhost:8080/api/auth/register,271,0,0
1777735440217,296,用户登录,200,,常规接口测试-50并发 1-9,text,true,,319,218,46,51,http://localhost:8080/api/auth/login,262,0,0
1777735439432,1081,获取帖子列表,200,,常规接口测试-50并发 1-6,text,true,,5517,179,46,51,http://localhost:8080/api/post/list?pageNum=1&pageSize=10,1047,0,0
1777735440229,286,用户登录,200,,常规接口测试-50并发 1-7,text,true,,319,218,46,51,http://localhost:8080/api/auth/login,251,0,0
1777735440236,295,用户登录,200,,常规接口测试-50并发 1-33,text,true,,319,218,46,51,http://localhost:8080/api/auth/login,255,0,0
1777735440234,317,用户注册,200,,常规接口测试-50并发 1-34,text,true,,725,253,47,52,http://localhost:8080/api/auth/register,268,0,0
1777735440286,267,用户登录,200,,常规接口测试-50并发 1-17,text,true,,319,218,47,52,http://localhost:8080/api/auth/login,218,0,0
1777735439471,1104,获取帖子列表,200,,常规接口测试-50并发 1-40,text,true,,5517,179,47,52,http://localhost:8080/api/post/list?pageNum=1&pageSize=10,1065,0,0
1777735440299,285,用户登录,200,,常规接口测试-50并发 1-4,text,true,,319,218,47,52,http://localhost:8080/api/auth/login,257,0,0
1777735439475,1114,获取帖子列表,200,,常规接口测试-50并发 1-29,text,true,,5517,179,47,52,http://localhost:8080/api/post/list?pageNum=1&pageSize=10,1089,0,0
1777735440297,309,关键词搜索,400,,常规接口测试-50并发 1-38,text,false,,332,183,47,52,http://localhost:8080/api/search/keyword?q=篮球,286,0,0
1777735440255,360,高级筛选搜索,200,,常规接口测试-50并发 1-20,text,true,,5782,232,47,52,http://localhost:8080/api/post/list/filter?category=运动健身&pageNum=1&pageSize=10,336,0,1
1777735440345,281,用户登录,200,,常规接口测试-50并发 1-45,text,true,,319,218,47,52,http://localhost:8080/api/auth/login,256,0,0
1777735440335,293,用户注册,200,,常规接口测试-50并发 1-47,text,true,,725,253,47,52,http://localhost:8080/api/auth/register,267,0,1
1777735440240,390,高级筛选搜索,200,,常规接口测试-50并发 1-36,text,true,,5782,232,47,52,http://localhost:8080/api/post/list/filter?category=运动健身&pageNum=1&pageSize=10,363,0,1
1777735440348,292,用户注册,200,,常规接口测试-50并发 1-3,text,true,,725,253,47,52,http://localhost:8080/api/auth/register,263,0,0
1777735440372,273,用户登录,200,,常规接口测试-50并发 1-13,text,true,,319,218,47,52,http://localhost:8080/api/auth/login,243,0,0
1777735440367,283,用户注册,200,,常规接口测试-50并发 1-14,text,true,,724,252,47,52,http://localhost:8080/api/auth/register,252,0,0
1777735439574,1083,获取帖子列表,200,,常规接口测试-50并发 1-8,text,true,,5517,179,47,52,http://localhost:8080/api/post/list?pageNum=1&pageSize=10,1049,0,0
1777735440373,285,用户注册,200,,常规接口测试-50并发 1-35,text,true,,725,253,47,52,http://localhost:8080/api/auth/register,251,0,0
1777735440310,358,高级筛选搜索,200,,常规接口测试-50并发 1-27,text,true,,5782,232,47,52,http://localhost:8080/api/post/list/filter?category=运动健身&pageNum=1&pageSize=10,322,0,0
1777735440384,287,用户登录,200,,常规接口测试-50并发 1-10,text,true,,319,218,47,52,http://localhost:8080/api/auth/login,250,0,0
1777735440380,318,关键词搜索,400,,常规接口测试-50并发 1-2,text,false,,332,183,47,52,http://localhost:8080/api/search/keyword?q=篮球,280,0,0
1777735439673,1044,获取帖子列表,200,,常规接口测试-50并发 1-22,text,true,,5517,179,47,52,http://localhost:8080/api/post/list?pageNum=1&pageSize=10,1003,0,0
1777735439639,1095,获取帖子列表,200,,常规接口测试-50并发 1-16,text,true,,5517,179,47,52,http://localhost:8080/api/post/list?pageNum=1&pageSize=10,1047,0,0
1777735439679,1057,获取帖子列表,200,,常规接口测试-50并发 1-30,text,true,,5517,179,48,53,http://localhost:8080/api/post/list?pageNum=1&pageSize=10,1007,0,0
1777735439669,1071,获取帖子列表,200,,常规接口测试-50并发 1-41,text,true,,5517,179,48,53,http://localhost:8080/api/post/list?pageNum=1&pageSize=10,1020,0,0
1777735440452,290,用户登录,200,,常规接口测试-50并发 1-18,text,true,,319,218,48,53,http://localhost:8080/api/auth/login,239,0,0
1777735440432,312,用户注册,200,,常规接口测试-50并发 1-26,text,true,,723,253,48,53,http://localhost:8080/api/auth/register,259,0,0
1777735440459,292,用户登录,200,,常规接口测试-50并发 1-46,text,true,,319,218,48,53,http://localhost:8080/api/auth/login,236,0,0
1777735440384,378,关键词搜索,400,,常规接口测试-50并发 1-39,text,false,,332,183,48,53,http://localhost:8080/api/search/keyword?q=篮球,316,0,0
1777735440389,388,关键词搜索,400,,常规接口测试-50并发 1-28,text,false,,332,183,48,53,http://localhost:8080/api/search/keyword?q=篮球,317,0,0
1777735440462,321,用户注册,200,,常规接口测试-50并发 1-19,text,true,,723,253,48,53,http://localhost:8080/api/auth/register,252,0,0
1777735440509,290,用户登录,200,,常规接口测试-50并发 1-25,text,true,,319,218,48,53,http://localhost:8080/api/auth/login,288,0,0
1777735440469,500,关键词搜索,400,,常规接口测试-50并发 1-21,text,false,,332,183,49,54,http://localhost:8080/api/search/keyword?q=篮球,436,0,0
1777735440534,439,用户注册,200,,常规接口测试-50并发 1-48,text,true,,725,253,49,54,http://localhost:8080/api/auth/register,373,0,1
1777735440551,432,用户登录,200,,常规接口测试-50并发 1-34,text,true,,319,218,49,54,http://localhost:8080/api/auth/login,361,0,0
1777735440477,511,关键词搜索,400,,常规接口测试-50并发 1-15,text,false,,332,183,49,54,http://localhost:8080/api/search/keyword?q=篮球,442,0,0
1777735440465,577,高级筛选搜索,200,,常规接口测试-50并发 1-37,text,true,,5782,232,49,54,http://localhost:8080/api/post/list/filter?category=运动健身&pageNum=1&pageSize=10,526,0,1
1777735440513,531,关键词搜索,400,,常规接口测试-50并发 1-6,text,false,,332,183,49,54,http://localhost:8080/api/search/keyword?q=篮球,481,0,0
1777735440491,559,高级筛选搜索,200,,常规接口测试-50并发 1-11,text,true,,5782,232,49,54,http://localhost:8080/api/post/list/filter?category=运动健身&pageNum=1&pageSize=10,508,0,1
1777735440628,454,用户登录,200,,常规接口测试-50并发 1-47,text,true,,319,218,49,54,http://localhost:8080/api/auth/login,393,0,0
1777735440630,473,用户注册,200,,常规接口测试-50并发 1-36,text,true,,725,253,49,54,http://localhost:8080/api/auth/register,417,0,0
1777735440589,517,关键词搜索,400,,常规接口测试-50并发 1-29,text,false,,332,183,49,54,http://localhost:8080/api/search/keyword?q=篮球,458,0,0
1777735440615,505,用户注册,200,,常规接口测试-50并发 1-20,text,true,,725,253,49,54,http://localhost:8080/api/auth/register,447,0,0
1777735440576,553,关键词搜索,400,,常规接口测试-50并发 1-40,text,false,,332,183,49,54,http://localhost:8080/api/search/keyword?q=篮球,493,0,0
1777735439888,1265,获取帖子列表,200,,常规接口测试-50并发 1-23,text,true,,5517,179,49,54,http://localhost:8080/api/post/list?pageNum=1&pageSize=10,1199,0,0
1777735440641,531,用户登录,200,,常规接口测试-50并发 1-3,text,true,,319,218,49,54,http://localhost:8080/api/auth/login,471,0,0
1777735440650,531,用户登录,200,,常规接口测试-50并发 1-14,text,true,,319,218,49,54,http://localhost:8080/api/auth/login,472,0,0
1777735439906,1276,获取帖子列表,200,,常规接口测试-50并发 1-31,text,true,,5517,179,49,54,http://localhost:8080/api/post/list?pageNum=1&pageSize=10,1220,0,0
1777735440658,529,用户登录,200,,常规接口测试-50并发 1-35,text,true,,319,218,49,54,http://localhost:8080/api/auth/login,480,0,0
1777735439931,1265,获取帖子列表,200,,常规接口测试-50并发 1-42,text,true,,5517,179,49,54,http://localhost:8080/api/post/list?pageNum=1&pageSize=10,1219,0,0
1777735440606,595,高级筛选搜索,200,,常规接口测试-50并发 1-38,text,true,,5782,232,49,54,http://localhost:8080/api/post/list/filter?category=运动健身&pageNum=1&pageSize=10,553,0,1
1777735440669,539,用户注册,200,,常规接口测试-50并发 1-27,text,true,,724,252,49,54,http://localhost:8080/api/auth/register,493,0,0
1777735440657,626,关键词搜索,400,,常规接口测试-50并发 1-8,text,false,,332,183,49,54,http://localhost:8080/api/search/keyword?q=篮球,572,0,0
1777735440744,542,用户登录,200,,常规接口测试-50并发 1-26,text,true,,319,218,49,54,http://localhost:8080/api/auth/login,488,0,0
1777735440736,556,用户注册,200,,常规接口测试-50并发 1-49,text,true,,725,253,49,54,http://localhost:8080/api/auth/register,499,0,1
1777735440783,548,用户登录,200,,常规接口测试-50并发 1-19,text,true,,319,218,49,54,http://localhost:8080/api/auth/login,479,0,0
1777735440734,601,关键词搜索,400,,常规接口测试-50并发 1-16,text,false,,332,183,49,54,http://localhost:8080/api/search/keyword?q=篮球,533,0,0
1777735440717,651,关键词搜索,400,,常规接口测试-50并发 1-22,text,false,,332,183,49,54,http://localhost:8080/api/search/keyword?q=篮球,598,0,0
1777735440736,657,关键词搜索,400,,常规接口测试-50并发 1-30,text,false,,332,183,49,54,http://localhost:8080/api/search/keyword?q=篮球,606,0,0
1777735440741,656,关键词搜索,400,,常规接口测试-50并发 1-41,text,false,,332,183,49,54,http://localhost:8080/api/search/keyword?q=篮球,602,0,0
1777735440698,733,高级筛选搜索,200,,常规接口测试-50并发 1-2,text,true,,5782,232,49,54,http://localhost:8080/api/post/list/filter?category=运动健身&pageNum=1&pageSize=10,661,0,1
1777735440935,513,用户注册,200,,常规接口测试-50并发 1-50,text,true,,725,253,48,53,http://localhost:8080/api/auth/register,433,0,1
1777735440973,487,用户登录,200,,常规接口测试-50并发 1-48,text,true,,319,218,48,53,http://localhost:8080/api/auth/login,401,0,0
1777735440272,1188,获取帖子列表,200,,常规接口测试-50并发 1-12,text,true,,5517,179,48,53,http://localhost:8080/api/post/list?pageNum=1&pageSize=10,1105,0,0
1777735440777,696,高级筛选搜索,200,,常规接口测试-50并发 1-28,text,true,,5782,232,48,53,http://localhost:8080/api/post/list/filter?category=运动健身&pageNum=1&pageSize=10,691,0,1
1777735440762,772,高级筛选搜索,200,,常规接口测试-50并发 1-39,text,true,,5782,232,48,53,http://localhost:8080/api/post/list/filter?category=运动健身&pageNum=1&pageSize=10,675,0,1
1777735440293,1258,获取帖子列表,200,,常规接口测试-50并发 1-43,text,true,,5517,179,48,53,http://localhost:8080/api/post/list?pageNum=1&pageSize=10,1175,0,0
1777735441042,520,用户注册,200,,常规接口测试-50并发 1-37,text,true,,725,253,48,53,http://localhost:8080/api/auth/register,477,0,0
1777735441051,517,用户注册,200,,常规接口测试-50并发 1-11,text,true,,725,253,48,53,http://localhost:8080/api/auth/register,477,0,0
1777735441103,528,用户登录,200,,常规接口测试-50并发 1-36,text,true,,319,218,48,53,http://localhost:8080/api/auth/login,459,0,0
1777735440969,667,高级筛选搜索,200,,常规接口测试-50并发 1-21,text,true,,5782,232,48,53,http://localhost:8080/api/post/list/filter?category=运动健身&pageNum=1&pageSize=10,601,0,1
1777735441120,519,用户登录,200,,常规接口测试-50并发 1-20,text,true,,319,218,48,53,http://localhost:8080/api/auth/login,454,0,0
1777735440343,1304,获取帖子列表,200,,常规接口测试-50并发 1-32,text,true,,5517,179,48,53,http://localhost:8080/api/post/list?pageNum=1&pageSize=10,1237,0,0
1777735440989,672,高级筛选搜索,200,,常规接口测试-50并发 1-15,text,true,,5782,232,48,53,http://localhost:8080/api/post/list/filter?category=运动健身&pageNum=1&pageSize=10,611,0,0
1777735441045,640,高级筛选搜索,200,,常规接口测试-50并发 1-6,text,true,,5782,232,48,53,http://localhost:8080/api/post/list/filter?category=运动健身&pageNum=1&pageSize=10,591,0,1
1777735440360,1332,获取帖子列表,200,,常规接口测试-50并发 1-24,text,true,,5517,179,48,53,http://localhost:8080/api/post/list?pageNum=1&pageSize=10,1282,0,0
1777735441208,512,用户登录,200,,常规接口测试-50并发 1-27,text,true,,319,218,48,53,http://localhost:8080/api/auth/login,468,0,0
1777735441202,519,用户注册,200,,常规接口测试-50并发 1-38,text,true,,725,253,48,53,http://localhost:8080/api/auth/register,474,0,0
1777735441153,594,关键词搜索,400,,常规接口测试-50并发 1-23,text,false,,332,183,48,53,http://localhost:8080/api/search/keyword?q=篮球,545,0,0
1777735441106,643,高级筛选搜索,200,,常规接口测试-50并发 1-29,text,true,,5782,232,48,53,http://localhost:8080/api/post/list/filter?category=运动健身&pageNum=1&pageSize=10,595,0,1
1777735441129,621,高级筛选搜索,200,,常规接口测试-50并发 1-40,text,true,,5782,232,48,53,http://localhost:8080/api/post/list/filter?category=运动健身&pageNum=1&pageSize=10,572,0,1
1777735440484,1283,获取帖子列表,200,,常规接口测试-50并发 1-44,text,true,,5517,179,48,53,http://localhost:8080/api/post/list?pageNum=1&pageSize=10,1239,0,0
1777735441182,591,关键词搜索,400,,常规接口测试-50并发 1-31,text,false,,332,183,48,53,http://localhost:8080/api/search/keyword?q=篮球,547,0,0
1777735441196,588,关键词搜索,400,,常规接口测试-50并发 1-42,text,false,,332,183,48,53,http://localhost:8080/api/search/keyword?q=篮球,548,0,0
1777735441294,492,用户登录,200,,常规接口测试-50并发 1-49,text,true,,319,218,48,53,http://localhost:8080/api/auth/login,453,0,0
1777735440474,1323,获取帖子列表,200,,常规接口测试-50并发 1-5,text,true,,5517,179,48,53,http://localhost:8080/api/post/list?pageNum=1&pageSize=10,1281,0,0
1777735440513,1333,获取帖子列表,200,,常规接口测试-50并发 1-9,text,true,,5517,179,48,53,http://localhost:8080/api/post/list?pageNum=1&pageSize=10,1287,0,0
1777735440531,1316,获取帖子列表,200,,常规接口测试-50并发 1-33,text,true,,5517,179,48,53,http://localhost:8080/api/post/list?pageNum=1&pageSize=10,1271,0,0
1777735440516,1340,获取帖子列表,200,,常规接口测试-50并发 1-7,text,true,,5517,179,48,53,http://localhost:8080/api/post/list?pageNum=1&pageSize=10,1295,0,0
1777735441449,441,用户登录,200,,常规接口测试-50并发 1-50,text,true,,319,218,48,53,http://localhost:8080/api/auth/login,406,0,0
1777735440553,1346,获取帖子列表,200,,常规接口测试-50并发 1-17,text,true,,5517,179,48,53,http://localhost:8080/api/post/list?pageNum=1&pageSize=10,1309,0,0
1777735441474,430,用户注册,200,,常规接口测试-50并发 1-28,text,true,,725,253,48,53,http://localhost:8080/api/auth/register,392,0,0
1777735441570,352,用户登录,200,,常规接口测试-50并发 1-11,text,true,,319,218,48,53,http://localhost:8080/api/auth/login,303,0,0
1777735440585,1338,获取帖子列表,200,,常规接口测试-50并发 1-4,text,true,,5517,179,48,53,http://localhost:8080/api/post/list?pageNum=1&pageSize=10,1289,0,0
1777735441285,657,高级筛选搜索,200,,常规接口测试-50并发 1-8,text,true,,5782,232,48,53,http://localhost:8080/api/post/list/filter?category=运动健身&pageNum=1&pageSize=10,605,0,0
1777735441536,409,用户注册,200,,常规接口测试-50并发 1-39,text,true,,723,253,48,53,http://localhost:8080/api/auth/register,356,0,0
1777735441563,399,用户登录,200,,常规接口测试-50并发 1-37,text,true,,319,218,48,53,http://localhost:8080/api/auth/login,344,0,0
1777735441461,517,关键词搜索,400,,常规接口测试-50并发 1-12,text,false,,332,183,48,53,http://localhost:8080/api/search/keyword?q=篮球,468,0,0
1777735441395,600,高级筛选搜索,200,,常规接口测试-50并发 1-30,text,true,,5782,232,48,53,http://localhost:8080/api/post/list/filter?category=运动健身&pageNum=1&pageSize=10,542,0,0
1777735441336,664,高级筛选搜索,200,,常规接口测试-50并发 1-16,text,true,,5782,232,48,53,http://localhost:8080/api/post/list/filter?category=运动健身&pageNum=1&pageSize=10,604,0,1
1777735441398,604,高级筛选搜索,200,,常规接口测试-50并发 1-41,text,true,,5782,232,48,53,http://localhost:8080/api/post/list/filter?category=运动健身&pageNum=1&pageSize=10,544,0,0
1777735441369,645,高级筛选搜索,200,,常规接口测试-50并发 1-22,text,true,,5782,232,48,53,http://localhost:8080/api/post/list/filter?category=运动健身&pageNum=1&pageSize=10,579,0,1
1777735441637,417,用户注册,200,,常规接口测试-50并发 1-21,text,true,,725,253,48,53,http://localhost:8080/api/auth/register,343,0,0
1777735441552,514,关键词搜索,400,,常规接口测试-50并发 1-43,text,false,,332,183,48,53,http://localhost:8080/api/search/keyword?q=篮球,441,0,0
1777735440646,1425,获取帖子列表,200,,常规接口测试-50并发 1-13,text,true,,5517,179,48,53,http://localhost:8080/api/post/list?pageNum=1&pageSize=10,1351,0,0
1777735441662,429,用户注册,200,,常规接口测试-50并发 1-15,text,true,,721,253,48,53,http://localhost:8080/api/auth/register,361,0,0
1777735440627,1477,获取帖子列表,200,,常规接口测试-50并发 1-45,text,true,,5517,179,48,53,http://localhost:8080/api/post/list?pageNum=1&pageSize=10,1414,0,0
1777735441686,431,用户注册,200,,常规接口测试-50并发 1-6,text,true,,725,253,48,53,http://localhost:8080/api/auth/register,372,0,0
1777735441722,427,用户登录,200,,常规接口测试-50并发 1-38,text,true,,319,218,48,53,http://localhost:8080/api/auth/login,376,0,0
1777735441694,460,关键词搜索,400,,常规接口测试-50并发 1-24,text,false,,332,183,48,53,http://localhost:8080/api/search/keyword?q=篮球,408,0,0
1777735441648,512,关键词搜索,400,,常规接口测试-50并发 1-32,text,false,,332,183,48,53,http://localhost:8080/api/search/keyword?q=篮球,459,0,0
1777735441751,443,用户注册,200,,常规接口测试-50并发 1-40,text,true,,721,251,48,53,http://localhost:8080/api/auth/register,383,0,0
1777735441750,452,用户注册,200,,常规接口测试-50并发 1-29,text,true,,723,253,48,53,http://localhost:8080/api/auth/register,393,0,0
1777735440672,1581,获取帖子列表,200,,常规接口测试-50并发 1-10,text,true,,5517,179,48,53,http://localhost:8080/api/post/list?pageNum=1&pageSize=10,1531,0,0
1777735440742,1526,获取帖子列表,200,,常规接口测试-50并发 1-18,text,true,,5517,179,48,53,http://localhost:8080/api/post/list?pageNum=1&pageSize=10,1474,0,0
1777735441748,523,高级筛选搜索,200,,常规接口测试-50并发 1-23,text,true,,5782,232,48,53,http://localhost:8080/api/post/list/filter?category=运动健身&pageNum=1&pageSize=10,472,0,1
1777735440752,1524,获取帖子列表,200,,常规接口测试-50并发 1-46,text,true,,5517,179,48,53,http://localhost:8080/api/post/list?pageNum=1&pageSize=10,1479,0,0
1777735441774,506,高级筛选搜索,200,,常规接口测试-50并发 1-31,text,true,,5782,232,48,53,http://localhost:8080/api/post/list/filter?category=运动健身&pageNum=1&pageSize=10,468,0,0
1777735441769,515,关键词搜索,400,,常规接口测试-50并发 1-44,text,false,,332,183,48,53,http://localhost:8080/api/search/keyword?q=篮球,481,0,0
1777735441785,500,高级筛选搜索,200,,常规接口测试-50并发 1-42,text,true,,5782,232,48,53,http://localhost:8080/api/post/list/filter?category=运动健身&pageNum=1&pageSize=10,465,0,1
1777735440800,1494,获取帖子列表,200,,常规接口测试-50并发 1-25,text,true,,5517,179,48,53,http://localhost:8080/api/post/list?pageNum=1&pageSize=10,1463,0,0
1777735441798,505,关键词搜索,400,,常规接口测试-50并发 1-5,text,false,,332,183,48,53,http://localhost:8080/api/search/keyword?q=篮球,476,0,0
1777735441858,452,关键词搜索,400,,常规接口测试-50并发 1-7,text,false,,332,183,48,53,http://localhost:8080/api/search/keyword?q=篮球,423,0,0
1777735440984,1328,获取帖子列表,200,,常规接口测试-50并发 1-34,text,true,,5517,179,48,53,http://localhost:8080/api/post/list?pageNum=1&pageSize=10,1299,0,0
1777735441905,421,用户登录,200,,常规接口测试-50并发 1-28,text,true,,319,218,48,53,http://localhost:8080/api/auth/login,393,0,0
1777735441847,485,关键词搜索,400,,常规接口测试-50并发 1-9,text,false,,332,183,48,53,http://localhost:8080/api/search/keyword?q=篮球,457,0,0
1777735441848,486,关键词搜索,400,,常规接口测试-50并发 1-33,text,false,,332,183,48,53,http://localhost:8080/api/search/keyword?q=篮球,456,0,0
1777735441082,1263,获取帖子列表,200,,常规接口测试-50并发 1-47,text,true,,5517,179,48,53,http://localhost:8080/api/post/list?pageNum=1&pageSize=10,1228,0,0
1777735441945,404,用户登录,200,,常规接口测试-50并发 1-39,text,true,,319,218,48,53,http://localhost:8080/api/auth/login,366,0,0
1777735441943,411,用户注册,200,,常规接口测试-50并发 1-8,text,true,,725,253,48,53,http://localhost:8080/api/auth/register,372,0,0
1777735441173,1191,获取帖子列表,200,,常规接口测试-50并发 1-3,text,true,,5517,179,48,53,http://localhost:8080/api/post/list?pageNum=1&pageSize=10,1153,0,0
1777735441181,1189,获取帖子列表,200,,常规接口测试-50并发 1-14,text,true,,5517,179,48,53,http://localhost:8080/api/post/list?pageNum=1&pageSize=10,1154,0,0
1777735441995,386,用户注册,200,,常规接口测试-50并发 1-30,text,true,,725,253,48,53,http://localhost:8080/api/auth/register,360,0,0
1777735442001,382,用户注册,200,,常规接口测试-50并发 1-16,text,true,,725,253,48,53,http://localhost:8080/api/auth/register,357,0,0
1777735441901,482,关键词搜索,400,,常规接口测试-50并发 1-17,text,false,,332,183,48,53,http://localhost:8080/api/search/keyword?q=篮球,457,0,0
1777735441188,1196,获取帖子列表,200,,常规接口测试-50并发 1-35,text,true,,5517,179,48,53,http://localhost:8080/api/post/list?pageNum=1&pageSize=10,1171,0,0
1777735441978,408,高级筛选搜索,200,,常规接口测试-50并发 1-12,text,true,,5782,232,48,53,http://localhost:8080/api/post/list/filter?category=运动健身&pageNum=1&pageSize=10,383,0,1
1777735442002,385,用户注册,200,,常规接口测试-50并发 1-41,text,true,,725,253,48,53,http://localhost:8080/api/auth/register,360,0,0
1777735442014,376,用户注册,200,,常规接口测试-50并发 1-22,text,true,,725,253,48,53,http://localhost:8080/api/auth/register,349,0,0
1777735441925,472,关键词搜索,400,,常规接口测试-50并发 1-4,text,false,,332,183,48,53,http://localhost:8080/api/search/keyword?q=篮球,442,0,0
1777735442054,351,用户登录,200,,常规接口测试-50并发 1-21,text,true,,319,218,48,53,http://localhost:8080/api/auth/login,319,0,0
1777735442091,337,用户登录,200,,常规接口测试-50并发 1-15,text,true,,319,218,48,53,http://localhost:8080/api/auth/login,293,0,0
1777735442118,332,用户登录,200,,常规接口测试-50并发 1-6,text,true,,319,218,48,53,http://localhost:8080/api/auth/login,288,0,0
1777735441287,1165,获取帖子列表,200,,常规接口测试-50并发 1-26,text,true,,5517,179,48,53,http://localhost:8080/api/post/list?pageNum=1&pageSize=10,1121,0,0
1777735442194,267,用户登录,200,,常规接口测试-50并发 1-40,text,true,,319,218,48,53,http://localhost:8080/api/auth/login,231,0,0
1777735442072,408,关键词搜索,400,,常规接口测试-50并发 1-13,text,false,,332,183,48,53,http://localhost:8080/api/search/keyword?q=篮球,378,0,0
1777735442203,297,用户登录,200,,常规接口测试-50并发 1-29,text,true,,319,218,48,53,http://localhost:8080/api/auth/login,266,0,0
1777735442106,398,关键词搜索,400,,常规接口测试-50并发 1-45,text,false,,332,183,48,53,http://localhost:8080/api/search/keyword?q=篮球,365,0,0
1777735441332,1178,获取帖子列表,200,,常规接口测试-50并发 1-19,text,true,,5517,179,48,53,http://localhost:8080/api/post/list?pageNum=1&pageSize=10,1143,0,0
1777735442066,453,高级筛选搜索,200,,常规接口测试-50并发 1-43,text,true,,5782,232,48,53,http://localhost:8080/api/post/list/filter?category=运动健身&pageNum=1&pageSize=10,417,0,1
1777735441461,1080,获取帖子列表,200,,常规接口测试-50并发 1-48,text,true,,5517,179,48,53,http://localhost:8080/api/post/list?pageNum=1&pageSize=10,1044,0,0
1777735442154,403,高级筛选搜索,200,,常规接口测试-50并发 1-24,text,true,,5782,232,48,53,http://localhost:8080/api/post/list/filter?category=运动健身&pageNum=1&pageSize=10,367,0,1
1777735442271,287,用户注册,200,,常规接口测试-50并发 1-23,text,true,,724,252,48,53,http://localhost:8080/api/auth/register,250,0,0
1777735442281,281,用户注册,200,,常规接口测试-50并发 1-31,text,true,,725,253,48,53,http://localhost:8080/api/auth/register,248,0,0
1777735442285,285,用户注册,200,,常规接口测试-50并发 1-42,text,true,,725,253,48,53,http://localhost:8080/api/auth/register,250,0,0
1777735442160,418,高级筛选搜索,200,,常规接口测试-50并发 1-32,text,true,,5782,232,48,53,http://localhost:8080/api/post/list/filter?category=运动健身&pageNum=1&pageSize=10,385,0,1
1777735442254,339,关键词搜索,400,,常规接口测试-50并发 1-10,text,false,,332,183,48,53,http://localhost:8080/api/search/keyword?q=篮球,307,0,0
1777735441633,970,获取帖子列表,200,,常规接口测试-50并发 1-36,text,true,,5517,179,48,53,http://localhost:8080/api/post/list?pageNum=1&pageSize=10,935,0,0
1777735441640,965,获取帖子列表,200,,常规接口测试-50并发 1-20,text,true,,5517,179,48,53,http://localhost:8080/api/post/list?pageNum=1&pageSize=10,929,0,0
1777735442270,355,关键词搜索,400,,常规接口测试-50并发 1-18,text,false,,332,183,48,53,http://localhost:8080/api/search/keyword?q=篮球,309,0,0
1777735442277,353,关键词搜索,400,,常规接口测试-50并发 1-46,text,false,,332,183,48,53,http://localhost:8080/api/search/keyword?q=篮球,305,0,0
1777735442354,306,用户登录,200,,常规接口测试-50并发 1-8,text,true,,319,218,48,53,http://localhost:8080/api/auth/login,244,0,0
1777735441721,952,获取帖子列表,200,,常规接口测试-50并发 1-27,text,true,,5517,179,48,53,http://localhost:8080/api/post/list?pageNum=1&pageSize=10,891,0,0
1777735442296,380,关键词搜索,400,,常规接口测试-50并发 1-25,text,false,,332,183,48,53,http://localhost:8080/api/search/keyword?q=篮球,319,0,0
1777735442313,386,关键词搜索,400,,常规接口测试-50并发 1-34,text,false,,332,183,48,53,http://localhost:8080/api/search/keyword?q=篮球,341,0,0
1777735442284,418,高级筛选搜索,200,,常规接口测试-50并发 1-44,text,true,,5782,232,48,53,http://localhost:8080/api/post/list/filter?category=运动健身&pageNum=1&pageSize=10,375,0,1
1777735442382,326,用户登录,200,,常规接口测试-50并发 1-30,text,true,,319,218,48,53,http://localhost:8080/api/auth/login,281,0,0
1777735442383,330,用户登录,200,,常规接口测试-50并发 1-16,text,true,,319,218,48,53,http://localhost:8080/api/auth/login,285,0,0
1777735442303,416,高级筛选搜索,200,,常规接口测试-50并发 1-5,text,true,,5782,232,48,53,http://localhost:8080/api/post/list/filter?category=运动健身&pageNum=1&pageSize=10,371,0,0
1777735442388,343,用户登录,200,,常规接口测试-50并发 1-41,text,true,,319,218,48,53,http://localhost:8080/api/auth/login,297,0,0
1777735442390,350,用户登录,200,,常规接口测试-50并发 1-22,text,true,,319,218,48,53,http://localhost:8080/api/auth/login,300,0,0
1777735442386,357,用户注册,200,,常规接口测试-50并发 1-12,text,true,,723,253,48,53,http://localhost:8080/api/auth/register,306,0,0
1777735442347,400,关键词搜索,400,,常规接口测试-50并发 1-47,text,false,,332,183,48,53,http://localhost:8080/api/search/keyword?q=篮球,347,0,0
1777735442310,442,高级筛选搜索,200,,常规接口测试-50并发 1-7,text,true,,5782,232,48,53,http://localhost:8080/api/post/list/filter?category=运动健身&pageNum=1&pageSize=10,388,0,0
1777735442365,406,关键词搜索,400,,常规接口测试-50并发 1-3,text,false,,332,183,48,53,http://localhost:8080/api/search/keyword?q=篮球,360,0,0
1777735442371,405,关键词搜索,400,,常规接口测试-50并发 1-14,text,false,,332,183,48,53,http://localhost:8080/api/search/keyword?q=篮球,364,0,0
1777735442334,443,高级筛选搜索,200,,常规接口测试-50并发 1-33,text,true,,5782,232,48,53,http://localhost:8080/api/post/list/filter?category=运动健身&pageNum=1&pageSize=10,403,0,1
1777735442332,447,高级筛选搜索,200,,常规接口测试-50并发 1-9,text,true,,5782,232,48,53,http://localhost:8080/api/post/list/filter?category=运动健身&pageNum=1&pageSize=10,410,0,1
1777735442386,407,关键词搜索,400,,常规接口测试-50并发 1-35,text,false,,332,183,48,53,http://localhost:8080/api/search/keyword?q=篮球,373,0,0
1777735442383,436,高级筛选搜索,200,,常规接口测试-50并发 1-17,text,true,,5782,232,48,53,http://localhost:8080/api/post/list/filter?category=运动健身&pageNum=1&pageSize=10,391,0,1
1777735441786,1040,获取帖子列表,200,,常规接口测试-50并发 1-49,text,true,,5517,179,48,53,http://localhost:8080/api/post/list?pageNum=1&pageSize=10,995,0,0
1777735442397,431,高级筛选搜索,200,,常规接口测试-50并发 1-4,text,true,,5782,232,48,53,http://localhost:8080/api/post/list/filter?category=运动健身&pageNum=1&pageSize=10,387,0,1
1777735442452,419,关键词搜索,400,,常规接口测试-50并发 1-26,text,false,,332,183,48,53,http://localhost:8080/api/search/keyword?q=篮球,373,0,0
1777735442519,375,用户注册,200,,常规接口测试-50并发 1-43,text,true,,725,253,48,53,http://localhost:8080/api/auth/register,318,0,0
1777735441922,978,获取帖子列表,200,,常规接口测试-50并发 1-11,text,true,,5517,179,48,53,http://localhost:8080/api/post/list?pageNum=1&pageSize=10,920,0,0
1777735441891,1016,获取帖子列表,200,,常规接口测试-50并发 1-50,text,true,,5517,179,48,53,http://localhost:8080/api/post/list?pageNum=1&pageSize=10,953,0,0
1777735442480,452,高级筛选搜索,200,,常规接口测试-50并发 1-13,text,true,,5782,232,48,53,http://localhost:8080/api/post/list/filter?category=运动健身&pageNum=1&pageSize=10,384,0,1
1777735442558,401,用户登录,200,,常规接口测试-50并发 1-23,text,true,,319,218,48,53,http://localhost:8080/api/auth/login,328,0,0
1777735442562,402,用户登录,200,,常规接口测试-50并发 1-31,text,true,,319,218,48,53,http://localhost:8080/api/auth/login,334,0,0
1777735442557,408,用户注册,200,,常规接口测试-50并发 1-24,text,true,,725,253,48,53,http://localhost:8080/api/auth/register,341,0,0
1777735442570,403,用户登录,200,,常规接口测试-50并发 1-42,text,true,,319,218,48,53,http://localhost:8080/api/auth/login,344,0,0
1777735442504,470,高级筛选搜索,200,,常规接口测试-50并发 1-45,text,true,,5782,232,48,53,http://localhost:8080/api/post/list/filter?category=运动健身&pageNum=1&pageSize=10,412,0,1
1777735442510,466,关键词搜索,400,,常规接口测试-50并发 1-19,text,false,,332,183,48,53,http://localhost:8080/api/search/keyword?q=篮球,411,0,0
1777735442578,414,用户注册,200,,常规接口测试-50并发 1-32,text,true,,725,253,48,53,http://localhost:8080/api/auth/register,378,0,0
1777735441962,1052,获取帖子列表,200,,常规接口测试-50并发 1-37,text,true,,5517,179,48,53,http://localhost:8080/api/post/list?pageNum=1&pageSize=10,1009,0,0
1777735442541,475,关键词搜索,400,,常规接口测试-50并发 1-48,text,false,,332,183,48,53,http://localhost:8080/api/search/keyword?q=篮球,431,0,0
1777735442603,445,关键词搜索,400,,常规接口测试-50并发 1-36,text,false,,332,183,48,53,http://localhost:8080/api/search/keyword?q=篮球,398,0,0
1777735442593,509,高级筛选搜索,200,,常规接口测试-50并发 1-10,text,true,,5782,232,48,53,http://localhost:8080/api/post/list/filter?category=运动健身&pageNum=1&pageSize=10,440,0,1
1777735442605,502,关键词搜索,400,,常规接口测试-50并发 1-20,text,false,,332,183,48,53,http://localhost:8080/api/search/keyword?q=篮球,438,0,0
1777735442703,418,用户注册,200,,常规接口测试-50并发 1-44,text,true,,725,253,48,53,http://localhost:8080/api/auth/register,360,0,0
1777735442719,415,用户注册,200,,常规接口测试-50并发 1-5,text,true,,725,253,48,53,http://localhost:8080/api/auth/register,368,0,0
1777735442631,506,高级筛选搜索,200,,常规接口测试-50并发 1-46,text,true,,5782,232,48,53,http://localhost:8080/api/post/list/filter?category=运动健身&pageNum=1&pageSize=10,463,0,0
1777735442625,513,高级筛选搜索,200,,常规接口测试-50并发 1-18,text,true,,5782,232,48,53,http://localhost:8080/api/post/list/filter?category=运动健身&pageNum=1&pageSize=10,471,0,1
1777735442744,395,用户登录,200,,常规接口测试-50并发 1-12,text,true,,319,218,48,53,http://localhost:8080/api/auth/login,356,0,0
1777735442677,468,高级筛选搜索,200,,常规接口测试-50并发 1-25,text,true,,5782,232,48,53,http://localhost:8080/api/post/list/filter?category=运动健身&pageNum=1&pageSize=10,428,0,1
1777735442753,406,用户注册,200,,常规接口测试-50并发 1-7,text,true,,725,253,48,53,http://localhost:8080/api/auth/register,371,0,0
1777735442673,486,关键词搜索,400,,常规接口测试-50并发 1-27,text,false,,332,183,48,53,http://localhost:8080/api/search/keyword?q=篮球,451,0,0
1777735442149,1013,获取帖子列表,200,,常规接口测试-50并发 1-38,text,true,,5517,179,48,53,http://localhost:8080/api/post/list?pageNum=1&pageSize=10,977,0,0
1777735442777,411,用户注册,200,,常规接口测试-50并发 1-33,text,true,,725,253,48,53,http://localhost:8080/api/auth/register,370,0,0
1777735442779,416,用户注册,200,,常规接口测试-50并发 1-9,text,true,,725,253,48,53,http://localhost:8080/api/auth/register,376,0,0
1777735442699,509,高级筛选搜索,200,,常规接口测试-50并发 1-34,text,true,,5782,232,48,53,http://localhost:8080/api/post/list/filter?category=运动健身&pageNum=1&pageSize=10,468,0,1
1777735442819,401,用户注册,200,,常规接口测试-50并发 1-17,text,true,,725,253,48,53,http://localhost:8080/api/auth/register,365,0,0
1777735442828,398,用户注册,200,,常规接口测试-50并发 1-4,text,true,,725,253,48,53,http://localhost:8080/api/auth/register,366,0,0
1777735442747,493,高级筛选搜索,200,,常规接口测试-50并发 1-47,text,true,,5782,232,48,53,http://localhost:8080/api/post/list/filter?category=运动健身&pageNum=1&pageSize=10,457,0,1
1777735442771,482,高级筛选搜索,200,,常规接口测试-50并发 1-3,text,true,,5782,232,48,53,http://localhost:8080/api/post/list/filter?category=运动健身&pageNum=1&pageSize=10,449,0,1
1777735442776,490,高级筛选搜索,200,,常规接口测试-50并发 1-14,text,true,,5782,232,47,52,http://localhost:8080/api/post/list/filter?category=运动健身&pageNum=1&pageSize=10,455,0,1
1777735442894,383,用户登录,200,,常规接口测试-50并发 1-43,text,true,,319,218,47,52,http://localhost:8080/api/auth/login,342,0,0
1777735442326,961,获取帖子列表,200,,常规接口测试-50并发 1-28,text,true,,5517,179,47,52,http://localhost:8080/api/post/list?pageNum=1&pageSize=10,917,0,0
1777735442793,498,高级筛选搜索,200,,常规接口测试-50并发 1-35,text,true,,5782,232,47,52,http://localhost:8080/api/post/list/filter?category=运动健身&pageNum=1&pageSize=10,452,0,1
1777735442827,471,关键词搜索,400,,常规接口测试-50并发 1-49,text,false,,332,183,47,52,http://localhost:8080/api/search/keyword?q=篮球,422,0,0
1777735442349,953,获取帖子列表,200,,常规接口测试-50并发 1-39,text,true,,5517,179,47,52,http://localhost:8080/api/post/list?pageNum=1&pageSize=10,902,0,0
1777735442932,384,用户注册,200,,常规接口测试-50并发 1-13,text,true,,725,253,47,52,http://localhost:8080/api/auth/register,328,0,0
1777735442429,891,获取帖子列表,200,,常规接口测试-50并发 1-15,text,true,,5517,179,47,52,http://localhost:8080/api/post/list?pageNum=1&pageSize=10,834,0,0
1777735442966,366,用户登录,200,,常规接口测试-50并发 1-24,text,true,,319,218,47,52,http://localhost:8080/api/auth/login,315,0,0
1777735442872,475,高级筛选搜索,200,,常规接口测试-50并发 1-26,text,true,,5782,232,47,52,http://localhost:8080/api/post/list/filter?category=运动健身&pageNum=1&pageSize=10,422,0,0
1777735442974,382,用户注册,200,,常规接口测试-50并发 1-45,text,true,,725,253,47,52,http://localhost:8080/api/auth/register,336,0,0
1777735442992,367,用户登录,200,,常规接口测试-50并发 1-32,text,true,,319,218,47,52,http://localhost:8080/api/auth/login,321,0,0
1777735442406,953,获取帖子列表,200,,常规接口测试-50并发 1-21,text,true,,5517,179,47,52,http://localhost:8080/api/post/list?pageNum=1&pageSize=10,906,0,0
1777735442901,467,关键词搜索,400,,常规接口测试-50并发 1-11,text,false,,332,183,47,52,http://localhost:8080/api/search/keyword?q=篮球,424,0,0
1777735442908,462,关键词搜索,400,,常规接口测试-50并发 1-50,text,false,,332,183,47,52,http://localhost:8080/api/search/keyword?q=篮球,421,0,0
1777735442450,942,获取帖子列表,200,,常规接口测试-50并发 1-6,text,true,,5517,179,47,52,http://localhost:8080/api/post/list?pageNum=1&pageSize=10,913,0,0
1777735443014,394,关键词搜索,400,,常规接口测试-50并发 1-37,text,false,,332,183,47,52,http://localhost:8080/api/search/keyword?q=篮球,364,0,0
1777735442461,948,获取帖子列表,200,,常规接口测试-50并发 1-40,text,true,,5517,179,47,52,http://localhost:8080/api/post/list?pageNum=1&pageSize=10,918,0,0
1777735443102,320,用户注册,200,,常规接口测试-50并发 1-10,text,true,,725,253,47,52,http://localhost:8080/api/auth/register,293,0,0
1777735443121,309,用户登录,200,,常规接口测试-50并发 1-44,text,true,,319,218,47,52,http://localhost:8080/api/auth/login,282,0,0
1777735442976,458,高级筛选搜索,200,,常规接口测试-50并发 1-19,text,true,,5782,232,47,52,http://localhost:8080/api/post/list/filter?category=运动健身&pageNum=1&pageSize=10,431,0,1
1777735443134,308,用户登录,200,,常规接口测试-50并发 1-5,text,true,,319,218,47,52,http://localhost:8080/api/auth/login,279,0,0
1777735443137,307,用户注册,200,,常规接口测试-50并发 1-46,text,true,,313,253,47,52,http://localhost:8080/api/auth/register,277,0,0
1777735443138,312,用户注册,200,,常规接口测试-50并发 1-18,text,true,,723,251,47,52,http://localhost:8080/api/auth/register,282,0,0
1777735443145,322,用户注册,200,,常规接口测试-50并发 1-25,text,true,,724,252,47,52,http://localhost:8080/api/auth/register,286,0,0
1777735442500,969,获取帖子列表,200,,常规接口测试-50并发 1-29,text,true,,5517,179,47,52,http://localhost:8080/api/post/list?pageNum=1&pageSize=10,933,0,0
1777735443159,310,用户登录,200,,常规接口测试-50并发 1-7,text,true,,319,218,47,52,http://localhost:8080/api/auth/login,274,0,0
1777735443016,459,高级筛选搜索,200,,常规接口测试-50并发 1-48,text,true,,5782,232,47,52,http://localhost:8080/api/post/list/filter?category=运动健身&pageNum=1&pageSize=10,423,0,1
1777735443188,304,用户登录,200,,常规接口测试-50并发 1-33,text,true,,319,218,47,52,http://localhost:8080/api/auth/login,266,0,0
1777735443196,303,用户登录,200,,常规接口测试-50并发 1-9,text,true,,319,218,47,52,http://localhost:8080/api/auth/login,268,0,0
1777735443049,453,高级筛选搜索,200,,常规接口测试-50并发 1-36,text,true,,5782,232,47,52,http://localhost:8080/api/post/list/filter?category=运动健身&pageNum=1&pageSize=10,418,0,0
1777735443220,299,用户登录,200,,常规接口测试-50并发 1-17,text,true,,319,218,47,52,http://localhost:8080/api/auth/login,264,0,0
1777735443208,317,用户注册,200,,常规接口测试-50并发 1-34,text,true,,723,253,47,52,http://localhost:8080/api/auth/register,281,0,0
1777735443226,305,用户登录,200,,常规接口测试-50并发 1-4,text,true,,319,218,47,52,http://localhost:8080/api/auth/login,269,0,0
1777735443162,369,关键词搜索,400,,常规接口测试-50并发 1-38,text,false,,332,183,47,52,http://localhost:8080/api/search/keyword?q=篮球,335,0,0
1777735443107,426,高级筛选搜索,200,,常规接口测试-50并发 1-20,text,true,,5782,232,47,52,http://localhost:8080/api/post/list/filter?category=运动健身&pageNum=1&pageSize=10,392,0,1
1777735443159,393,高级筛选搜索,200,,常规接口测试-50并发 1-27,text,true,,5782,232,47,52,http://localhost:8080/api/post/list/filter?category=运动健身&pageNum=1&pageSize=10,349,0,0
1777735443240,343,用户注册,200,,常规接口测试-50并发 1-47,text,true,,725,253,47,52,http://localhost:8080/api/auth/register,284,0,0
1777735443266,353,用户注册,200,,常规接口测试-50并发 1-14,text,true,,725,253,47,52,http://localhost:8080/api/auth/register,302,0,0
1777735443291,345,用户注册,200,,常规接口测试-50并发 1-35,text,true,,725,253,47,52,http://localhost:8080/api/auth/register,298,0,0
1777735443317,321,用户登录,200,,常规接口测试-50并发 1-13,text,true,,319,218,47,52,http://localhost:8080/api/auth/login,274,0,0
1777735443356,309,用户登录,200,,常规接口测试-50并发 1-45,text,true,,319,218,47,52,http://localhost:8080/api/auth/login,269,0,0
1777735443347,331,用户注册,200,,常规接口测试-50并发 1-26,text,true,,725,253,47,52,http://localhost:8080/api/auth/register,299,0,0
1777735443287,399,关键词搜索,400,,常规接口测试-50并发 1-28,text,false,,332,183,47,52,http://localhost:8080/api/search/keyword?q=篮球,369,0,0
1777735443303,389,关键词搜索,400,,常规接口测试-50并发 1-39,text,false,,332,183,47,52,http://localhost:8080/api/search/keyword?q=篮球,358,0,0
1777735442661,1032,获取帖子列表,200,,常规接口测试-50并发 1-8,text,true,,5517,179,47,52,http://localhost:8080/api/post/list?pageNum=1&pageSize=10,1001,0,0
1777735443321,380,关键词搜索,400,,常规接口测试-50并发 1-15,text,false,,332,183,47,52,http://localhost:8080/api/search/keyword?q=篮球,347,0,0
1777735443298,427,高级筛选搜索,200,,常规接口测试-50并发 1-49,text,true,,5782,232,47,52,http://localhost:8080/api/post/list/filter?category=运动健身&pageNum=1&pageSize=10,391,0,1
1777735443359,375,关键词搜索,400,,常规接口测试-50并发 1-21,text,false,,332,183,47,52,http://localhost:8080/api/search/keyword?q=篮球,336,0,0
1777735443422,328,用户登录,200,,常规接口测试-50并发 1-10,text,true,,319,218,47,52,http://localhost:8080/api/auth/login,288,0,0
1777735443368,386,高级筛选搜索,200,,常规接口测试-50并发 1-11,text,true,,5782,232,47,52,http://localhost:8080/api/post/list/filter?category=运动健身&pageNum=1&pageSize=10,349,0,1
1777735443370,386,高级筛选搜索,200,,常规接口测试-50并发 1-50,text,true,,5782,232,47,52,http://localhost:8080/api/post/list/filter?category=运动健身&pageNum=1&pageSize=10,349,0,1
1777735442708,1050,获取帖子列表,200,,常规接口测试-50并发 1-30,text,true,,5517,179,47,52,http://localhost:8080/api/post/list?pageNum=1&pageSize=10,1014,0,0
1777735443434,333,用户注册,200,,常规接口测试-50并发 1-19,text,true,,725,253,47,52,http://localhost:8080/api/auth/register,299,0,0
1777735443444,326,用户登录,200,,常规接口测试-50并发 1-46,text,true,,319,218,47,52,http://localhost:8080/api/auth/login,292,0,0
1777735443393,380,关键词搜索,400,,常规接口测试-50并发 1-6,text,false,,332,183,47,52,http://localhost:8080/api/search/keyword?q=篮球,345,0,0
1777735442713,1063,获取帖子列表,200,,常规接口测试-50并发 1-16,text,true,,5517,179,47,52,http://localhost:8080/api/post/list?pageNum=1&pageSize=10,1031,0,0
1777735443450,327,用户登录,200,,常规接口测试-50并发 1-18,text,true,,319,218,47,52,http://localhost:8080/api/auth/login,294,0,0
1777735442741,1040,获取帖子列表,200,,常规接口测试-50并发 1-22,text,true,,5517,179,47,52,http://localhost:8080/api/post/list?pageNum=1&pageSize=10,1007,0,0
1777735443408,377,高级筛选搜索,200,,常规接口测试-50并发 1-37,text,true,,5782,232,47,52,http://localhost:8080/api/post/list/filter?category=运动健身&pageNum=1&pageSize=10,343,0,1
1777735442731,1058,获取帖子列表,200,,常规接口测试-50并发 1-41,text,true,,5517,179,47,52,http://localhost:8080/api/post/list?pageNum=1&pageSize=10,1024,0,0
1777735443410,386,关键词搜索,400,,常规接口测试-50并发 1-40,text,false,,332,183,47,52,http://localhost:8080/api/search/keyword?q=篮球,351,0,0
1777735443467,329,用户登录,200,,常规接口测试-50并发 1-25,text,true,,319,218,47,52,http://localhost:8080/api/auth/login,296,0,0
1777735443475,358,用户注册,200,,常规接口测试-50并发 1-48,text,true,,725,253,47,52,http://localhost:8080/api/auth/register,309,0,0
1777735443502,380,用户注册,200,,常规接口测试-50并发 1-36,text,true,,724,252,47,52,http://localhost:8080/api/auth/register,310,0,0
1777735443525,391,用户登录,200,,常规接口测试-50并发 1-34,text,true,,319,218,47,52,http://localhost:8080/api/auth/login,317,0,0
1777735443469,452,关键词搜索,400,,常规接口测试-50并发 1-29,text,false,,332,183,47,52,http://localhost:8080/api/search/keyword?q=篮球,381,0,0
1777735443533,430,用户注册,200,,常规接口测试-50并发 1-20,text,true,,725,253,47,52,http://localhost:8080/api/auth/register,346,0,0
1777735443619,350,用户登录,200,,常规接口测试-50并发 1-14,text,true,,319,218,47,52,http://localhost:8080/api/auth/login,275,0,0
1777735443552,422,用户注册,200,,常规接口测试-50并发 1-27,text,true,,725,253,47,52,http://localhost:8080/api/auth/register,351,0,0
1777735443583,396,用户登录,200,,常规接口测试-50并发 1-47,text,true,,319,218,47,52,http://localhost:8080/api/auth/login,326,0,0
1777735442959,1068,获取帖子列表,200,,常规接口测试-50并发 1-23,text,true,,5517,179,47,52,http://localhost:8080/api/post/list?pageNum=1&pageSize=10,1010,0,0
1777735443636,412,用户登录,200,,常规接口测试-50并发 1-35,text,true,,319,218,47,52,http://localhost:8080/api/auth/login,358,0,0
1777735442964,1095,获取帖子列表,200,,常规接口测试-50并发 1-31,text,true,,5517,179,47,52,http://localhost:8080/api/post/list?pageNum=1&pageSize=10,1047,0,0
1777735443531,558,高级筛选搜索,200,,常规接口测试-50并发 1-38,text,true,,5782,232,47,52,http://localhost:8080/api/post/list/filter?category=运动健身&pageNum=1&pageSize=10,514,0,1
1777735442973,1118,获取帖子列表,200,,常规接口测试-50并发 1-42,text,true,,5517,179,47,52,http://localhost:8080/api/post/list?pageNum=1&pageSize=10,1075,0,0
1777735443678,425,用户登录,200,,常规接口测试-50并发 1-26,text,true,,319,218,47,52,http://localhost:8080/api/auth/login,381,0,0
1777735443755,410,用户注册,200,,常规接口测试-50并发 1-11,text,true,,725,253,47,52,http://localhost:8080/api/auth/register,357,0,0
1777735443726,452,用户注册,200,,常规接口测试-50并发 1-49,text,true,,725,253,47,52,http://localhost:8080/api/auth/register,392,0,0
1777735443756,426,用户注册,200,,常规接口测试-50并发 1-50,text,true,,725,253,47,52,http://localhost:8080/api/auth/register,365,0,0
1777735443693,529,关键词搜索,400,,常规接口测试-50并发 1-8,text,false,,332,183,47,52,http://localhost:8080/api/search/keyword?q=篮球,464,0,0
1777735443767,469,用户登录,200,,常规接口测试-50并发 1-19,text,true,,319,218,47,52,http://localhost:8080/api/auth/login,407,0,0
1777735443139,1111,获取帖子列表,200,,常规接口测试-50并发 1-12,text,true,,5517,179,47,52,http://localhost:8080/api/post/list?pageNum=1&pageSize=10,1051,0,0
1777735443686,567,高级筛选搜索,200,,常规接口测试-50并发 1-28,text,true,,5782,232,47,52,http://localhost:8080/api/post/list/filter?category=运动健身&pageNum=1&pageSize=10,507,0,1
1777735443692,571,高级筛选搜索,200,,常规接口测试-50并发 1-39,text,true,,5782,232,47,52,http://localhost:8080/api/post/list/filter?category=运动健身&pageNum=1&pageSize=10,515,0,1
1777735443758,511,关键词搜索,400,,常规接口测试-50并发 1-30,text,false,,332,183,47,52,http://localhost:8080/api/search/keyword?q=篮球,458,0,0
1777735443785,494,用户注册,200,,常规接口测试-50并发 1-37,text,true,,724,252,47,52,http://localhost:8080/api/auth/register,448,0,0
1777735443776,506,关键词搜索,400,,常规接口测试-50并发 1-16,text,false,,332,183,47,52,http://localhost:8080/api/search/keyword?q=篮球,465,0,0
1777735443702,616,高级筛选搜索,200,,常规接口测试-50并发 1-15,text,true,,5782,232,47,52,http://localhost:8080/api/post/list/filter?category=运动健身&pageNum=1&pageSize=10,560,0,1
1777735443833,493,用户登录,200,,常规接口测试-50并发 1-48,text,true,,319,218,47,52,http://localhost:8080/api/auth/login,433,0,0
1777735443734,603,高级筛选搜索,200,,常规接口测试-50并发 1-21,text,true,,5782,232,47,52,http://localhost:8080/api/post/list/filter?category=运动健身&pageNum=1&pageSize=10,540,0,1
1777735443883,469,用户登录,200,,常规接口测试-50并发 1-36,text,true,,319,218,47,52,http://localhost:8080/api/auth/login,407,0,0
1777735443781,574,关键词搜索,400,,常规接口测试-50并发 1-22,text,false,,332,183,47,52,http://localhost:8080/api/search/keyword?q=篮球,514,0,0
1777735443789,579,关键词搜索,400,,常规接口测试-50并发 1-41,text,false,,332,183,47,52,http://localhost:8080/api/search/keyword?q=篮球,534,0,0
1777735443963,421,用户登录,200,,常规接口测试-50并发 1-20,text,true,,319,218,47,52,http://localhost:8080/api/auth/login,380,0,0
1777735443277,1121,获取帖子列表,200,,常规接口测试-50并发 1-43,text,true,,5517,179,47,52,http://localhost:8080/api/post/list?pageNum=1&pageSize=10,1080,0,0
1777735443974,427,用户登录,200,,常规接口测试-50并发 1-27,text,true,,319,218,47,52,http://localhost:8080/api/auth/login,386,0,0
1777735443773,631,高级筛选搜索,200,,常规接口测试-50并发 1-6,text,true,,5782,232,47,52,http://localhost:8080/api/post/list/filter?category=运动健身&pageNum=1&pageSize=10,590,0,0
1777735443796,629,高级筛选搜索,200,,常规接口测试-50并发 1-40,text,true,,5782,232,47,52,http://localhost:8080/api/post/list/filter?category=运动健身&pageNum=1&pageSize=10,591,0,1
1777735443332,1123,获取帖子列表,200,,常规接口测试-50并发 1-24,text,true,,5517,179,47,52,http://localhost:8080/api/post/list?pageNum=1&pageSize=10,1082,0,0
1777735443922,545,高级筛选搜索,200,,常规接口测试-50并发 1-29,text,true,,5782,232,47,52,http://localhost:8080/api/post/list/filter?category=运动健身&pageNum=1&pageSize=10,505,0,1
1777735443359,1118,获取帖子列表,200,,常规接口测试-50并发 1-32,text,true,,5517,179,47,52,http://localhost:8080/api/post/list?pageNum=1&pageSize=10,1077,0,0
1777735444089,404,用户注册,200,,常规接口测试-50并发 1-38,text,true,,725,253,47,52,http://localhost:8080/api/auth/register,362,0,0
1777735444028,472,关键词搜索,400,,常规接口测试-50并发 1-23,text,false,,332,183,47,52,http://localhost:8080/api/search/keyword?q=篮球,430,0,0
1777735444091,478,关键词搜索,400,,常规接口测试-50并发 1-42,text,false,,332,183,47,52,http://localhost:8080/api/search/keyword?q=篮球,389,0,0
1777735444059,519,关键词搜索,400,,常规接口测试-50并发 1-31,text,false,,332,183,47,52,http://localhost:8080/api/search/keyword?q=篮球,433,0,0
1777735444165,424,用户登录,200,,常规接口测试-50并发 1-11,text,true,,319,218,47,52,http://localhost:8080/api/auth/login,342,0,0
1777735444178,427,用户登录,200,,常规接口测试-50并发 1-49,text,true,,319,218,47,52,http://localhost:8080/api/auth/login,384,0,0
1777735444182,433,用户登录,200,,常规接口测试-50并发 1-50,text,true,,319,218,47,52,http://localhost:8080/api/auth/login,388,0,0
1777735443430,1222,获取帖子列表,200,,常规接口测试-50并发 1-44,text,true,,5517,179,47,52,http://localhost:8080/api/post/list?pageNum=1&pageSize=10,1177,0,0
1777735444253,415,用户注册,200,,常规接口测试-50并发 1-28,text,true,,725,253,47,52,http://localhost:8080/api/auth/register,370,0,0
1777735444264,417,用户注册,200,,常规接口测试-50并发 1-39,text,true,,725,253,47,52,http://localhost:8080/api/auth/register,372,0,0
1777735444279,404,用户登录,200,,常规接口测试-50并发 1-37,text,true,,319,218,47,52,http://localhost:8080/api/auth/login,361,0,0
1777735443443,1247,获取帖子列表,200,,常规接口测试-50并发 1-5,text,true,,5517,179,47,52,http://localhost:8080/api/post/list?pageNum=1&pageSize=10,1205,0,0
1777735444318,400,用户注册,200,,常规接口测试-50并发 1-15,text,true,,724,252,47,52,http://localhost:8080/api/auth/register,360,0,0
1777735444250,478,关键词搜索,400,,常规接口测试-50并发 1-12,text,false,,332,183,47,52,http://localhost:8080/api/search/keyword?q=篮球,439,0,0
1777735444337,402,用户注册,200,,常规接口测试-50并发 1-21,text,true,,725,253,47,52,http://localhost:8080/api/auth/register,362,0,0
1777735443469,1300,获取帖子列表,200,,常规接口测试-50并发 1-7,text,true,,5517,179,47,52,http://localhost:8080/api/post/list?pageNum=1&pageSize=10,1257,0,0
1777735444222,577,高级筛选搜索,200,,常规接口测试-50并发 1-8,text,true,,5782,232,47,52,http://localhost:8080/api/post/list/filter?category=运动健身&pageNum=1&pageSize=10,532,0,1
1777735443499,1313,获取帖子列表,200,,常规接口测试-50并发 1-9,text,true,,5517,179,47,52,http://localhost:8080/api/post/list?pageNum=1&pageSize=10,1267,0,0
1777735444404,414,用户注册,200,,常规接口测试-50并发 1-6,text,true,,725,253,47,52,http://localhost:8080/api/auth/register,373,0,0
1777735444425,404,用户注册,200,,常规接口测试-50并发 1-40,text,true,,725,253,47,52,http://localhost:8080/api/auth/register,365,0,0
1777735443492,1340,获取帖子列表,200,,常规接口测试-50并发 1-33,text,true,,5517,179,47,52,http://localhost:8080/api/post/list?pageNum=1&pageSize=10,1301,0,0
1777735444467,393,用户注册,200,,常规接口测试-50并发 1-29,text,true,,313,253,47,52,http://localhost:8080/api/auth/register,352,0,0
1777735444399,470,关键词搜索,400,,常规接口测试-50并发 1-43,text,false,,332,183,47,52,http://localhost:8080/api/search/keyword?q=篮球,428,0,0
1777735444283,586,高级筛选搜索,200,,常规接口测试-50并发 1-16,text,true,,5782,232,47,52,http://localhost:8080/api/post/list/filter?category=运动健身&pageNum=1&pageSize=10,545,0,0
1777735444269,604,高级筛选搜索,200,,常规接口测试-50并发 1-30,text,true,,5782,232,47,52,http://localhost:8080/api/post/list/filter?category=运动健身&pageNum=1&pageSize=10,561,0,1
1777735444493,395,用户登录,200,,常规接口测试-50并发 1-38,text,true,,319,218,47,52,http://localhost:8080/api/auth/login,351,0,0
1777735444355,562,高级筛选搜索,200,,常规接口测试-50并发 1-22,text,true,,5782,232,47,52,http://localhost:8080/api/post/list/filter?category=运动健身&pageNum=1&pageSize=10,521,0,1
1777735444455,465,关键词搜索,400,,常规接口测试-50并发 1-24,text,false,,332,183,47,52,http://localhost:8080/api/search/keyword?q=篮球,424,0,0
1777735444368,559,高级筛选搜索,200,,常规接口测试-50并发 1-41,text,true,,5782,232,47,52,http://localhost:8080/api/post/list/filter?category=运动健身&pageNum=1&pageSize=10,514,0,1
1777735443531,1402,获取帖子列表,200,,常规接口测试-50并发 1-4,text,true,,5517,179,47,52,http://localhost:8080/api/post/list?pageNum=1&pageSize=10,1358,0,0
1777735444477,468,关键词搜索,400,,常规接口测试-50并发 1-32,text,false,,332,183,47,52,http://localhost:8080/api/search/keyword?q=篮球,427,0,0
1777735443519,1428,获取帖子列表,200,,常规接口测试-50并发 1-17,text,true,,5517,179,47,52,http://localhost:8080/api/post/list?pageNum=1&pageSize=10,1388,0,0
1777735443638,1325,获取帖子列表,200,,常规接口测试-50并发 1-13,text,true,,5517,179,47,52,http://localhost:8080/api/post/list?pageNum=1&pageSize=10,1292,0,0
1777735444668,334,用户登录,200,,常规接口测试-50并发 1-28,text,true,,319,218,47,52,http://localhost:8080/api/auth/login,296,0,0
1777735444682,335,用户登录,200,,常规接口测试-50并发 1-39,text,true,,319,218,47,52,http://localhost:8080/api/auth/login,296,0,0
1777735443666,1356,获取帖子列表,200,,常规接口测试-50并发 1-45,text,true,,5517,179,47,52,http://localhost:8080/api/post/list?pageNum=1&pageSize=10,1318,0,0
1777735444500,544,高级筛选搜索,200,,常规接口测试-50并发 1-23,text,true,,5782,232,47,52,http://localhost:8080/api/post/list/filter?category=运动健身&pageNum=1&pageSize=10,500,0,1
1777735444718,349,用户登录,200,,常规接口测试-50并发 1-15,text,true,,319,218,47,52,http://localhost:8080/api/auth/login,295,0,0
1777735444652,420,关键词搜索,400,,常规接口测试-50并发 1-44,text,false,,332,183,47,52,http://localhost:8080/api/search/keyword?q=篮球,363,0,0
1777735444739,352,用户登录,200,,常规接口测试-50并发 1-21,text,true,,319,218,47,52,http://localhost:8080/api/auth/login,302,0,0
1777735444579,527,高级筛选搜索,200,,常规接口测试-50并发 1-31,text,true,,5782,232,47,52,http://localhost:8080/api/post/list/filter?category=运动健身&pageNum=1&pageSize=10,474,0,0
1777735444569,537,高级筛选搜索,200,,常规接口测试-50并发 1-42,text,true,,5782,232,47,52,http://localhost:8080/api/post/list/filter?category=运动健身&pageNum=1&pageSize=10,489,0,1
1777735444690,425,关键词搜索,400,,常规接口测试-50并发 1-5,text,false,,332,183,47,52,http://localhost:8080/api/search/keyword?q=篮球,376,0,0
1777735443750,1458,获取帖子列表,200,,常规接口测试-50并发 1-10,text,true,,5517,179,47,52,http://localhost:8080/api/post/list?pageNum=1&pageSize=10,1374,0,0
1777735444799,420,用户注册,200,,常规接口测试-50并发 1-8,text,true,,725,253,47,52,http://localhost:8080/api/auth/register,333,0,0
1777735444818,409,用户登录,200,,常规接口测试-50并发 1-6,text,true,,319,218,47,52,http://localhost:8080/api/auth/login,324,0,0
1777735444830,410,用户登录,200,,常规接口测试-50并发 1-40,text,true,,319,218,47,52,http://localhost:8080/api/auth/login,329,0,0
1777735444812,439,关键词搜索,400,,常规接口测试-50并发 1-9,text,false,,332,183,47,52,http://localhost:8080/api/search/keyword?q=篮球,362,0,0
1777735444769,498,关键词搜索,400,,常规接口测试-50并发 1-7,text,false,,332,183,47,52,http://localhost:8080/api/search/keyword?q=篮球,431,0,0
1777735444860,423,用户登录,200,,常规接口测试-50并发 1-29,text,true,,319,218,47,52,http://localhost:8080/api/auth/login,370,0,0
1777735444870,438,用户注册,200,,常规接口测试-50并发 1-16,text,true,,725,253,47,52,http://localhost:8080/api/auth/register,384,0,0
1777735444728,583,高级筛选搜索,200,,常规接口测试-50并发 1-12,text,true,,5782,232,47,52,http://localhost:8080/api/post/list/filter?category=运动健身&pageNum=1&pageSize=10,529,0,0
1777735444873,439,用户注册,200,,常规接口测试-50并发 1-30,text,true,,725,253,47,52,http://localhost:8080/api/auth/register,385,0,0
1777735443796,1523,获取帖子列表,200,,常规接口测试-50并发 1-25,text,true,,5517,179,47,52,http://localhost:8080/api/post/list?pageNum=1&pageSize=10,1471,0,0
1777735443770,1553,获取帖子列表,200,,常规接口测试-50并发 1-46,text,true,,5517,179,47,52,http://localhost:8080/api/post/list?pageNum=1&pageSize=10,1503,0,0
1777735444833,501,关键词搜索,400,,常规接口测试-50并发 1-33,text,false,,332,183,47,52,http://localhost:8080/api/search/keyword?q=篮球,452,0,0
1777735444917,441,用户注册,200,,常规接口测试-50并发 1-22,text,true,,725,253,47,52,http://localhost:8080/api/auth/register,397,0,0
1777735443777,1584,获取帖子列表,200,,常规接口测试-50并发 1-18,text,true,,5517,179,47,52,http://localhost:8080/api/post/list?pageNum=1&pageSize=10,1541,0,0
1777735444927,439,用户注册,200,,常规接口测试-50并发 1-41,text,true,,725,253,47,52,http://localhost:8080/api/auth/register,396,0,0
1777735444870,523,高级筛选搜索,200,,常规接口测试-50并发 1-43,text,true,,5782,232,47,52,http://localhost:8080/api/post/list/filter?category=运动健身&pageNum=1&pageSize=10,491,0,0
1777735443917,1488,获取帖子列表,200,,常规接口测试-50并发 1-34,text,true,,5517,179,47,52,http://localhost:8080/api/post/list?pageNum=1&pageSize=10,1454,0,0
1777735444920,497,高级筛选搜索,200,,常规接口测试-50并发 1-24,text,true,,5782,232,47,52,http://localhost:8080/api/post/list/filter?category=运动健身&pageNum=1&pageSize=10,461,0,1
1777735443979,1442,获取帖子列表,200,,常规接口测试-50并发 1-47,text,true,,5517,179,47,52,http://localhost:8080/api/post/list?pageNum=1&pageSize=10,1406,0,0
1777735444933,491,关键词搜索,400,,常规接口测试-50并发 1-4,text,false,,332,183,47,52,http://localhost:8080/api/search/keyword?q=篮球,454,0,0
1777735445044,383,用户注册,200,,常规接口测试-50并发 1-23,text,true,,725,253,47,52,http://localhost:8080/api/auth/register,383,0,0
1777735443969,1462,获取帖子列表,200,,常规接口测试-50并发 1-14,text,true,,5517,179,47,52,http://localhost:8080/api/post/list?pageNum=1&pageSize=10,1422,0,0
1777735444945,508,高级筛选搜索,200,,常规接口测试-50并发 1-32,text,true,,5782,232,47,52,http://localhost:8080/api/post/list/filter?category=运动健身&pageNum=1&pageSize=10,464,0,1
1777735444947,506,关键词搜索,400,,常规接口测试-50并发 1-17,text,false,,332,183,47,52,http://localhost:8080/api/search/keyword?q=篮球,463,0,0
1777735444964,495,关键词搜索,400,,常规接口测试-50并发 1-13,text,false,,332,183,47,52,http://localhost:8080/api/search/keyword?q=篮球,452,0,0
1777735444048,1413,获取帖子列表,200,,常规接口测试-50并发 1-35,text,true,,5517,179,47,52,http://localhost:8080/api/post/list?pageNum=1&pageSize=10,1371,0,0
1777735444103,1403,获取帖子列表,200,,常规接口测试-50并发 1-26,text,true,,5517,179,47,52,http://localhost:8080/api/post/list?pageNum=1&pageSize=10,1364,0,0
1777735445106,411,用户注册,200,,常规接口测试-50并发 1-42,text,true,,724,252,47,52,http://localhost:8080/api/auth/register,375,0,0
1777735445106,413,用户注册,200,,常规接口测试-50并发 1-31,text,true,,725,253,47,52,http://localhost:8080/api/auth/register,375,0,0
1777735445022,507,关键词搜索,400,,常规接口测试-50并发 1-45,text,false,,332,183,47,52,http://localhost:8080/api/search/keyword?q=篮球,470,0,0
1777735444236,1331,获取帖子列表,200,,常规接口测试-50并发 1-19,text,true,,5517,179,47,52,http://localhost:8080/api/post/list?pageNum=1&pageSize=10,1296,0,0
1777735445219,355,用户登录,200,,常规接口测试-50并发 1-8,text,true,,319,218,47,52,http://localhost:8080/api/auth/login,317,0,0
1777735445072,543,高级筛选搜索,200,,常规接口测试-50并发 1-44,text,true,,5782,232,47,52,http://localhost:8080/api/post/list/filter?category=运动健身&pageNum=1&pageSize=10,513,0,1
1777735445308,307,用户登录,200,,常规接口测试-50并发 1-16,text,true,,319,218,47,52,http://localhost:8080/api/auth/login,278,0,0
1777735444352,1267,获取帖子列表,200,,常规接口测试-50并发 1-36,text,true,,5517,179,47,52,http://localhost:8080/api/post/list?pageNum=1&pageSize=10,1237,0,0
1777735445313,315,用户登录,200,,常规接口测试-50并发 1-30,text,true,,319,218,47,52,http://localhost:8080/api/auth/login,280,0,0
1777735445208,434,关键词搜索,400,,常规接口测试-50并发 1-10,text,false,,332,183,47,52,http://localhost:8080/api/search/keyword?q=篮球,390,0,0
1777735445311,339,用户注册,200,,常规接口测试-50并发 1-12,text,true,,725,253,47,52,http://localhost:8080/api/auth/register,289,0,0
1777735444326,1330,获取帖子列表,200,,常规接口测试-50并发 1-48,text,true,,5517,179,47,52,http://localhost:8080/api/post/list?pageNum=1&pageSize=10,1277,0,0
1777735445115,547,高级筛选搜索,200,,常规接口测试-50并发 1-5,text,true,,5782,232,47,52,http://localhost:8080/api/post/list/filter?category=运动健身&pageNum=1&pageSize=10,494,0,1
1777735445358,324,用户登录,200,,常规接口测试-50并发 1-22,text,true,,319,218,47,52,http://localhost:8080/api/auth/login,273,0,0
1777735445366,330,用户登录,200,,常规接口测试-50并发 1-41,text,true,,319,218,47,52,http://localhost:8080/api/auth/login,291,0,0
1777735444385,1332,获取帖子列表,200,,常规接口测试-50并发 1-20,text,true,,5517,179,47,52,http://localhost:8080/api/post/list?pageNum=1&pageSize=10,1294,0,0
1777735445319,405,关键词搜索,400,,常规接口测试-50并发 1-25,text,false,,332,183,47,52,http://localhost:8080/api/search/keyword?q=篮球,367,0,0
1777735445251,474,高级筛选搜索,200,,常规接口测试-50并发 1-9,text,true,,5782,232,47,52,http://localhost:8080/api/post/list/filter?category=运动健身&pageNum=1&pageSize=10,436,0,1
1777735445324,403,关键词搜索,400,,常规接口测试-50并发 1-46,text,false,,332,183,47,52,http://localhost:8080/api/search/keyword?q=篮球,366,0,0
1777735445394,338,用户注册,200,,常规接口测试-50并发 1-43,text,true,,725,253,47,52,http://localhost:8080/api/auth/register,303,0,0
1777735445267,469,高级筛选搜索,200,,常规接口测试-50并发 1-7,text,true,,5782,232,47,52,http://localhost:8080/api/post/list/filter?category=运动健身&pageNum=1&pageSize=10,435,0,1
1777735445361,382,关键词搜索,400,,常规接口测试-50并发 1-18,text,false,,332,183,47,52,http://localhost:8080/api/search/keyword?q=篮球,352,0,0
1777735445428,318,用户登录,200,,常规接口测试-50并发 1-23,text,true,,319,218,47,52,http://localhost:8080/api/auth/login,292,0,0
1777735445417,331,用户注册,200,,常规接口测试-50并发 1-24,text,true,,725,253,47,52,http://localhost:8080/api/auth/register,304,0,0
1777735445334,419,高级筛选搜索,200,,常规接口测试-50并发 1-33,text,true,,5782,232,47,52,http://localhost:8080/api/post/list/filter?category=运动健身&pageNum=1&pageSize=10,390,0,1
1777735444401,1357,获取帖子列表,200,,常规接口测试-50并发 1-27,text,true,,5517,179,47,52,http://localhost:8080/api/post/list?pageNum=1&pageSize=10,1326,0,0
1777735444589,1202,获取帖子列表,200,,常规接口测试-50并发 1-11,text,true,,5517,179,47,52,http://localhost:8080/api/post/list?pageNum=1&pageSize=10,1154,0,0
1777735445453,342,用户注册,200,,常规接口测试-50并发 1-32,text,true,,724,252,47,52,http://localhost:8080/api/auth/register,293,0,0
1777735445406,404,关键词搜索,400,,常规接口测试-50并发 1-34,text,false,,332,183,47,52,http://localhost:8080/api/search/keyword?q=篮球,354,0,0
1777735445421,416,关键词搜索,400,,常规接口测试-50并发 1-47,text,false,,332,183,47,52,http://localhost:8080/api/search/keyword?q=篮球,359,0,0
1777735445431,415,关键词搜索,400,,常规接口测试-50并发 1-14,text,false,,332,183,47,52,http://localhost:8080/api/search/keyword?q=篮球,360,0,0
1777735445517,341,用户登录,200,,常规接口测试-50并发 1-42,text,true,,319,218,47,52,http://localhost:8080/api/auth/login,283,0,0
1777735444605,1254,获取帖子列表,200,,常规接口测试-50并发 1-49,text,true,,5517,179,47,52,http://localhost:8080/api/post/list?pageNum=1&pageSize=10,1195,0,0
1777735445519,346,用户登录,200,,常规接口测试-50并发 1-31,text,true,,319,218,47,52,http://localhost:8080/api/auth/login,293,0,0
1777735444615,1251,获取帖子列表,200,,常规接口测试-50并发 1-50,text,true,,5517,179,47,52,http://localhost:8080/api/post/list?pageNum=1&pageSize=10,1199,0,0
1777735445424,445,高级筛选搜索,200,,常规接口测试-50并发 1-4,text,true,,5782,232,47,52,http://localhost:8080/api/post/list/filter?category=运动健身&pageNum=1&pageSize=10,400,0,1
1777735445461,419,关键词搜索,400,,常规接口测试-50并发 1-35,text,false,,332,183,46,51,http://localhost:8080/api/search/keyword?q=篮球,372,0,0
1777735445454,427,高级筛选搜索,200,,常规接口测试-50并发 1-17,text,true,,5782,232,46,51,http://localhost:8080/api/post/list/filter?category=运动健身&pageNum=1&pageSize=10,381,0,0
1777735444683,1208,获取帖子列表,200,,常规接口测试-50并发 1-37,text,true,,5517,179,46,51,http://localhost:8080/api/post/list?pageNum=1&pageSize=10,1159,0,0
1777735445459,434,高级筛选搜索,200,,常规接口测试-50并发 1-13,text,true,,5782,232,46,51,http://localhost:8080/api/post/list/filter?category=运动健身&pageNum=1&pageSize=10,385,0,1
1777735445506,446,关键词搜索,400,,常规接口测试-50并发 1-26,text,false,,332,183,46,51,http://localhost:8080/api/search/keyword?q=篮球,382,0,0
1777735445529,475,高级筛选搜索,200,,常规接口测试-50并发 1-45,text,true,,5782,232,46,51,http://localhost:8080/api/post/list/filter?category=运动健身&pageNum=1&pageSize=10,414,0,1
1777735445615,427,用户注册,200,,常规接口测试-50并发 1-44,text,true,,723,253,46,51,http://localhost:8080/api/auth/register,370,0,0
1777735445567,491,关键词搜索,400,,常规接口测试-50并发 1-19,text,false,,332,183,46,51,http://localhost:8080/api/search/keyword?q=篮球,432,0,0
1777735445651,410,用户登录,200,,常规接口测试-50并发 1-12,text,true,,319,218,46,51,http://localhost:8080/api/auth/login,351,0,0
1777735445662,412,用户注册,200,,常规接口测试-50并发 1-5,text,true,,725,253,46,51,http://localhost:8080/api/auth/register,359,0,0
1777735444889,1202,获取帖子列表,200,,常规接口测试-50并发 1-38,text,true,,5517,179,46,51,http://localhost:8080/api/post/list?pageNum=1&pageSize=10,1156,0,0
1777735445620,494,关键词搜索,400,,常规接口测试-50并发 1-36,text,false,,332,183,46,51,http://localhost:8080/api/search/keyword?q=篮球,455,0,0
1777735445643,480,高级筛选搜索,200,,常规接口测试-50并发 1-10,text,true,,5782,232,46,51,http://localhost:8080/api/post/list/filter?category=运动健身&pageNum=1&pageSize=10,443,0,0
1777735445017,1118,获取帖子列表,200,,常规接口测试-50并发 1-39,text,true,,5517,179,46,51,http://localhost:8080/api/post/list?pageNum=1&pageSize=10,1082,0,0
1777735445656,482,关键词搜索,400,,常规接口测试-50并发 1-48,text,false,,332,183,46,51,http://localhost:8080/api/search/keyword?q=篮球,444,0,0
1777735445732,420,用户登录,200,,常规接口测试-50并发 1-43,text,true,,319,218,46,51,http://localhost:8080/api/auth/login,374,0,0
1777735445725,430,用户注册,200,,常规接口测试-50并发 1-9,text,true,,725,253,46,51,http://localhost:8080/api/auth/register,385,0,0
1777735445737,424,用户注册,200,,常规接口测试-50并发 1-7,text,true,,725,253,46,51,http://localhost:8080/api/auth/register,380,0,0
1777735445748,417,用户登录,200,,常规接口测试-50并发 1-24,text,true,,319,218,46,51,http://localhost:8080/api/auth/login,373,0,0
1777735445753,430,用户注册,200,,常规接口测试-50并发 1-33,text,true,,725,253,46,51,http://localhost:8080/api/auth/register,380,0,0
1777735445091,1097,获取帖子列表,200,,常规接口测试-50并发 1-21,text,true,,5517,179,46,51,http://localhost:8080/api/post/list?pageNum=1&pageSize=10,1046,0,0
1777735445717,492,关键词搜索,400,,常规接口测试-50并发 1-20,text,false,,332,183,46,51,http://localhost:8080/api/search/keyword?q=篮球,445,0,0
1777735445003,1209,获取帖子列表,200,,常规接口测试-50并发 1-28,text,true,,5517,179,46,51,http://localhost:8080/api/post/list?pageNum=1&pageSize=10,1160,0,0
1777735445796,419,用户登录,200,,常规接口测试-50并发 1-32,text,true,,319,218,46,51,http://localhost:8080/api/auth/login,369,0,0
1777735445724,496,高级筛选搜索,200,,常规接口测试-50并发 1-25,text,true,,5782,232,46,51,http://localhost:8080/api/post/list/filter?category=运动健身&pageNum=1&pageSize=10,444,0,1
1777735445067,1158,获取帖子列表,200,,常规接口测试-50并发 1-15,text,true,,5517,179,46,51,http://localhost:8080/api/post/list?pageNum=1&pageSize=10,1103,0,0
1777735445728,505,高级筛选搜索,200,,常规接口测试-50并发 1-46,text,true,,5782,232,46,51,http://localhost:8080/api/post/list/filter?category=运动健身&pageNum=1&pageSize=10,446,0,0
1777735445743,507,高级筛选搜索,200,,常规接口测试-50并发 1-18,text,true,,5782,232,46,51,http://localhost:8080/api/post/list/filter?category=运动健身&pageNum=1&pageSize=10,458,0,0
1777735445759,508,关键词搜索,400,,常规接口测试-50并发 1-27,text,false,,332,183,46,51,http://localhost:8080/api/search/keyword?q=篮球,470,0,0
1777735445881,389,用户注册,200,,常规接口测试-50并发 1-17,text,true,,725,253,46,51,http://localhost:8080/api/auth/register,355,0,0
1777735445283,988,获取帖子列表,200,,常规接口测试-50并发 1-29,text,true,,5517,179,46,51,http://localhost:8080/api/post/list?pageNum=1&pageSize=10,955,0,0
1777735445227,1047,获取帖子列表,200,,常规接口测试-50并发 1-6,text,true,,5517,179,46,51,http://localhost:8080/api/post/list?pageNum=1&pageSize=10,1014,0,0
1777735445241,1036,获取帖子列表,200,,常规接口测试-50并发 1-40,text,true,,5517,179,46,51,http://localhost:8080/api/post/list?pageNum=1&pageSize=10,1007,0,0
1777735445791,491,关键词搜索,400,,常规接口测试-50并发 1-11,text,false,,332,183,46,51,http://localhost:8080/api/search/keyword?q=篮球,461,0,0
1777735445894,407,用户注册,200,,常规接口测试-50并发 1-13,text,true,,725,253,46,51,http://localhost:8080/api/auth/register,377,0,0
1777735445811,500,高级筛选搜索,200,,常规接口测试-50并发 1-34,text,true,,5782,232,46,51,http://localhost:8080/api/post/list/filter?category=运动健身&pageNum=1&pageSize=10,466,0,0
1777735445859,465,关键词搜索,400,,常规接口测试-50并发 1-49,text,false,,332,183,46,51,http://localhost:8080/api/search/keyword?q=篮球,429,0,0
1777735445837,496,高级筛选搜索,200,,常规接口测试-50并发 1-47,text,true,,5782,232,46,51,http://localhost:8080/api/post/list/filter?category=运动健身&pageNum=1&pageSize=10,461,0,0
1777735445866,470,关键词搜索,400,,常规接口测试-50并发 1-50,text,false,,332,183,46,51,http://localhost:8080/api/search/keyword?q=篮球,434,0,0
1777735445846,497,高级筛选搜索,200,,常规接口测试-50并发 1-14,text,true,,5782,232,46,51,http://localhost:8080/api/post/list/filter?category=运动健身&pageNum=1&pageSize=10,457,0,0
1777735445891,463,关键词搜索,400,,常规接口测试-50并发 1-37,text,false,,332,183,46,51,http://localhost:8080/api/search/keyword?q=篮球,422,0,0
1777735446004,352,用户注册,200,,常规接口测试-50并发 1-45,text,true,,725,253,46,51,http://localhost:8080/api/auth/register,312,0,0
1777735445880,496,高级筛选搜索,200,,常规接口测试-50并发 1-35,text,true,,5782,232,46,51,http://localhost:8080/api/post/list/filter?category=运动健身&pageNum=1&pageSize=10,452,0,1
1777735446042,335,用户登录,200,,常规接口测试-50并发 1-44,text,true,,319,218,46,51,http://localhost:8080/api/auth/login,290,0,0
1777735445952,451,高级筛选搜索,200,,常规接口测试-50并发 1-26,text,true,,5782,232,46,51,http://localhost:8080/api/post/list/filter?category=运动健身&pageNum=1&pageSize=10,406,0,0
1777735446074,335,用户登录,200,,常规接口测试-50并发 1-5,text,true,,319,218,46,51,http://localhost:8080/api/auth/login,293,0,0
1777735446124,335,用户注册,200,,常规接口测试-50并发 1-10,text,true,,725,253,46,51,http://localhost:8080/api/auth/register,302,0,0
1777735446155,322,用户登录,200,,常规接口测试-50并发 1-9,text,true,,319,218,46,51,http://localhost:8080/api/auth/login,285,0,0
1777735446162,318,用户登录,200,,常规接口测试-50并发 1-7,text,true,,319,218,46,51,http://localhost:8080/api/auth/login,282,0,0
1777735446092,389,关键词搜索,400,,常规接口测试-50并发 1-38,text,false,,332,183,46,51,http://localhost:8080/api/search/keyword?q=篮球,354,0,0
1777735446059,436,高级筛选搜索,200,,常规接口测试-50并发 1-19,text,true,,5782,232,46,51,http://localhost:8080/api/post/list/filter?category=运动健身&pageNum=1&pageSize=10,404,0,0
1777735446183,317,用户登录,200,,常规接口测试-50并发 1-33,text,true,,319,218,46,51,http://localhost:8080/api/auth/login,286,0,0
1777735446114,394,高级筛选搜索,200,,常规接口测试-50并发 1-36,text,true,,5782,232,46,51,http://localhost:8080/api/post/list/filter?category=运动健身&pageNum=1&pageSize=10,392,0,1
1777735446135,393,关键词搜索,400,,常规接口测试-50并发 1-39,text,false,,332,183,46,51,http://localhost:8080/api/search/keyword?q=篮球,353,0,0
1777735446221,308,用户注册,200,,常规接口测试-50并发 1-25,text,true,,724,252,46,51,http://localhost:8080/api/auth/register,268,0,0
1777735446233,307,用户注册,200,,常规接口测试-50并发 1-46,text,true,,313,253,46,51,http://localhost:8080/api/auth/register,267,0,0
1777735445574,973,获取帖子列表,200,,常规接口测试-50并发 1-8,text,true,,5517,179,46,51,http://localhost:8080/api/post/list?pageNum=1&pageSize=10,933,0,0
1777735445628,930,获取帖子列表,200,,常规接口测试-50并发 1-30,text,true,,5517,179,46,51,http://localhost:8080/api/post/list?pageNum=1&pageSize=10,893,0,0
1777735446250,310,用户注册,200,,常规接口测试-50并发 1-18,text,true,,725,253,46,51,http://localhost:8080/api/auth/register,275,0,0
1777735446188,382,关键词搜索,400,,常规接口测试-50并发 1-21,text,false,,332,183,46,51,http://localhost:8080/api/search/keyword?q=篮球,348,0,0
1777735446269,302,用户登录,200,,常规接口测试-50并发 1-17,text,true,,319,218,46,51,http://localhost:8080/api/auth/login,268,0,0
1777735446138,434,高级筛选搜索,200,,常规接口测试-50并发 1-48,text,true,,5782,232,46,51,http://localhost:8080/api/post/list/filter?category=运动健身&pageNum=1&pageSize=10,401,0,1
1777735446212,368,关键词搜索,400,,常规接口测试-50并发 1-28,text,false,,332,183,46,51,http://localhost:8080/api/search/keyword?q=篮球,337,0,0
1777735446225,358,关键词搜索,400,,常规接口测试-50并发 1-15,text,false,,332,183,46,51,http://localhost:8080/api/search/keyword?q=篮球,329,0,0
1777735446301,288,用户登录,200,,常规接口测试-50并发 1-13,text,true,,319,218,46,51,http://localhost:8080/api/auth/login,263,0,0
1777735446209,389,高级筛选搜索,200,,常规接口测试-50并发 1-20,text,true,,5782,232,46,51,http://localhost:8080/api/post/list/filter?category=运动健身&pageNum=1&pageSize=10,362,0,1
1777735445615,987,获取帖子列表,200,,常规接口测试-50并发 1-16,text,true,,5517,179,46,51,http://localhost:8080/api/post/list?pageNum=1&pageSize=10,961,0,0
1777735446310,301,用户注册,200,,常规接口测试-50并发 1-34,text,true,,725,253,46,51,http://localhost:8080/api/auth/register,275,0,0
1777735446271,344,关键词搜索,400,,常规接口测试-50并发 1-29,text,false,,332,183,46,51,http://localhost:8080/api/search/keyword?q=篮球,317,0,0
1777735446273,345,关键词搜索,400,,常规接口测试-50并发 1-6,text,false,,332,183,46,51,http://localhost:8080/api/search/keyword?q=篮球,319,0,0
1777735445683,937,获取帖子列表,200,,常规接口测试-50并发 1-22,text,true,,5517,179,46,51,http://localhost:8080/api/post/list?pageNum=1&pageSize=10,912,0,0
1777735446375,255,用户注册,200,,常规接口测试-50并发 1-35,text,true,,724,252,46,51,http://localhost:8080/api/auth/register,226,0,0
1777735446333,299,用户注册,200,,常规接口测试-50并发 1-47,text,true,,725,253,46,51,http://localhost:8080/api/auth/register,270,0,0
1777735446277,357,关键词搜索,400,,常规接口测试-50并发 1-40,text,false,,332,183,46,51,http://localhost:8080/api/search/keyword?q=篮球,326,0,0
1777735446342,292,用户注册,200,,常规接口测试-50并发 1-14,text,true,,725,253,46,51,http://localhost:8080/api/auth/register,262,0,0
1777735446355,282,用户登录,200,,常规接口测试-50并发 1-45,text,true,,319,218,46,51,http://localhost:8080/api/auth/login,251,0,0
1777735445696,944,获取帖子列表,200,,常规接口测试-50并发 1-41,text,true,,5517,179,46,51,http://localhost:8080/api/post/list?pageNum=1&pageSize=10,912,0,0
1777735446266,374,高级筛选搜索,200,,常规接口测试-50并发 1-27,text,true,,5782,232,46,51,http://localhost:8080/api/post/list/filter?category=运动健身&pageNum=1&pageSize=10,344,0,1
1777735446281,372,高级筛选搜索,200,,常规接口测试-50并发 1-11,text,true,,5782,232,46,51,http://localhost:8080/api/post/list/filter?category=运动健身&pageNum=1&pageSize=10,340,0,1
1777735446402,296,用户注册,200,,常规接口测试-50并发 1-26,text,true,,725,253,46,51,http://localhost:8080/api/auth/register,248,0,0
1777735446323,390,高级筛选搜索,200,,常规接口测试-50并发 1-49,text,true,,5782,232,46,51,http://localhost:8080/api/post/list/filter?category=运动健身&pageNum=1&pageSize=10,343,0,1
1777735445746,997,获取帖子列表,200,,常规接口测试-50并发 1-23,text,true,,5517,179,46,51,http://localhost:8080/api/post/list?pageNum=1&pageSize=10,946,0,0
1777735446353,401,高级筛选搜索,200,,常规接口测试-50并发 1-37,text,true,,5782,232,46,51,http://localhost:8080/api/post/list/filter?category=运动健身&pageNum=1&pageSize=10,348,0,1
1777735446458,307,用户登录,200,,常规接口测试-50并发 1-10,text,true,,319,218,46,51,http://localhost:8080/api/auth/login,253,0,0
1777735446336,431,高级筛选搜索,200,,常规接口测试-50并发 1-50,text,true,,5782,232,46,51,http://localhost:8080/api/post/list/filter?category=运动健身&pageNum=1&pageSize=10,376,0,1
1777735446494,327,用户注册,200,,常规接口测试-50并发 1-19,text,true,,725,253,46,51,http://localhost:8080/api/auth/register,291,0,0
1777735446507,337,用户注册,200,,常规接口测试-50并发 1-36,text,true,,725,253,46,51,http://localhost:8080/api/auth/register,295,0,0
1777735446528,318,用户登录,200,,常规接口测试-50并发 1-25,text,true,,319,218,46,51,http://localhost:8080/api/auth/login,276,0,0
1777735446539,312,用户登录,200,,常规接口测试-50并发 1-46,text,true,,319,218,46,51,http://localhost:8080/api/auth/login,271,0,0
1777735446480,377,高级筛选搜索,200,,常规接口测试-50并发 1-38,text,true,,5782,232,46,51,http://localhost:8080/api/post/list/filter?category=运动健身&pageNum=1&pageSize=10,340,0,0
1777735445858,1012,获取帖子列表,200,,常规接口测试-50并发 1-42,text,true,,5517,179,46,51,http://localhost:8080/api/post/list?pageNum=1&pageSize=10,975,0,0
1777735446560,314,用户登录,200,,常规接口测试-50并发 1-18,text,true,,319,218,46,51,http://localhost:8080/api/auth/login,278,0,0
1777735446571,327,用户注册,200,,常规接口测试-50并发 1-48,text,true,,725,253,46,51,http://localhost:8080/api/auth/register,293,0,0
1777735445866,1035,获取帖子列表,200,,常规接口测试-50并发 1-31,text,true,,5517,179,46,51,http://localhost:8080/api/post/list?pageNum=1&pageSize=10,999,0,0
1777735446527,407,高级筛选搜索,200,,常规接口测试-50并发 1-39,text,true,,5782,232,46,51,http://localhost:8080/api/post/list/filter?category=运动健身&pageNum=1&pageSize=10,362,0,1
1777735446547,387,关键词搜索,400,,常规接口测试-50并发 1-8,text,false,,332,183,46,51,http://localhost:8080/api/search/keyword?q=篮球,342,0,0
1777735446630,337,用户登录,200,,常规接口测试-50并发 1-35,text,true,,319,218,46,51,http://localhost:8080/api/auth/login,337,0,0
1777735446597,386,用户注册,200,,常规接口测试-50并发 1-20,text,true,,723,253,46,51,http://localhost:8080/api/auth/register,309,0,0
1777735446557,428,关键词搜索,400,,常规接口测试-50并发 1-30,text,false,,332,183,46,51,http://localhost:8080/api/search/keyword?q=篮球,351,0,0
1777735446612,378,用户登录,200,,常规接口测试-50并发 1-34,text,true,,319,218,46,51,http://localhost:8080/api/auth/login,302,0,0
1777735446632,395,用户登录,200,,常规接口测试-50并发 1-47,text,true,,319,218,46,51,http://localhost:8080/api/auth/login,341,0,0
1777735446634,395,用户登录,200,,常规接口测试-50并发 1-14,text,true,,319,218,46,51,http://localhost:8080/api/auth/login,340,0,0
1777735446640,402,用户注册,200,,常规接口测试-50并发 1-27,text,true,,725,253,46,51,http://localhost:8080/api/auth/register,354,0,0
1777735446570,473,高级筛选搜索,200,,常规接口测试-50并发 1-21,text,true,,5782,232,46,51,http://localhost:8080/api/post/list/filter?category=运动健身&pageNum=1&pageSize=10,425,0,0
1777735446602,443,关键词搜索,400,,常规接口测试-50并发 1-16,text,false,,332,183,46,51,http://localhost:8080/api/search/keyword?q=篮球,396,0,0
1777735446654,406,用户注册,200,,常规接口测试-50并发 1-11,text,true,,725,253,46,51,http://localhost:8080/api/auth/register,378,0,0
1777735446620,450,关键词搜索,400,,常规接口测试-50并发 1-22,text,false,,332,183,46,51,http://localhost:8080/api/search/keyword?q=篮球,418,0,0
1777735446580,494,高级筛选搜索,200,,常规接口测试-50并发 1-28,text,true,,5782,232,46,51,http://localhost:8080/api/post/list/filter?category=运动健身&pageNum=1&pageSize=10,461,0,0
1777735446698,378,用户登录,200,,常规接口测试-50并发 1-26,text,true,,319,218,46,51,http://localhost:8080/api/auth/login,346,0,0
1777735446583,497,高级筛选搜索,200,,常规接口测试-50并发 1-15,text,true,,5782,232,46,51,http://localhost:8080/api/post/list/filter?category=运动健身&pageNum=1&pageSize=10,465,0,0
1777735446640,447,关键词搜索,400,,常规接口测试-50并发 1-41,text,false,,332,183,46,51,http://localhost:8080/api/search/keyword?q=篮球,416,0,0
1777735446713,385,用户注册,200,,常规接口测试-50并发 1-49,text,true,,725,253,46,51,http://localhost:8080/api/auth/register,349,0,0
1777735446615,512,高级筛选搜索,200,,常规接口测试-50并发 1-29,text,true,,5782,232,46,51,http://localhost:8080/api/post/list/filter?category=运动健身&pageNum=1&pageSize=10,463,0,1
1777735446755,386,用户注册,200,,常规接口测试-50并发 1-37,text,true,,725,253,46,51,http://localhost:8080/api/auth/register,330,0,0
1777735446619,522,高级筛选搜索,200,,常规接口测试-50并发 1-6,text,true,,5782,232,46,51,http://localhost:8080/api/post/list/filter?category=运动健身&pageNum=1&pageSize=10,467,0,0
1777735446767,384,用户注册,200,,常规接口测试-50并发 1-50,text,true,,725,253,46,51,http://localhost:8080/api/auth/register,330,0,0
1777735446061,1099,获取帖子列表,200,,常规接口测试-50并发 1-12,text,true,,5517,179,46,51,http://localhost:8080/api/post/list?pageNum=1&pageSize=10,1044,0,0
1777735446634,532,高级筛选搜索,200,,常规接口测试-50并发 1-40,text,true,,5782,232,46,51,http://localhost:8080/api/post/list/filter?category=运动健身&pageNum=1&pageSize=10,475,0,1
1777735446821,416,用户登录,200,,常规接口测试-50并发 1-19,text,true,,319,218,46,51,http://localhost:8080/api/auth/login,335,0,0
1777735446742,501,关键词搜索,400,,常规接口测试-50并发 1-23,text,false,,332,183,46,51,http://localhost:8080/api/search/keyword?q=篮球,422,0,0
1777735446165,1092,获取帖子列表,200,,常规接口测试-50并发 1-24,text,true,,5517,179,46,51,http://localhost:8080/api/post/list?pageNum=1&pageSize=10,1015,0,0
1777735446844,424,用户登录,200,,常规接口测试-50并发 1-36,text,true,,319,218,46,51,http://localhost:8080/api/auth/login,344,0,0
1777735446152,1129,获取帖子列表,200,,常规接口测试-50并发 1-43,text,true,,5517,179,46,51,http://localhost:8080/api/post/list?pageNum=1&pageSize=10,1050,0,0
1777735446857,466,用户注册,200,,常规接口测试-50并发 1-38,text,true,,725,253,46,51,http://localhost:8080/api/auth/register,397,0,0
1777735446899,457,用户登录,200,,常规接口测试-50并发 1-48,text,true,,319,218,46,51,http://localhost:8080/api/auth/login,400,0,0
1777735446215,1176,获取帖子列表,200,,常规接口测试-50并发 1-32,text,true,,5517,179,46,51,http://localhost:8080/api/post/list?pageNum=1&pageSize=10,1131,0,0
1777735446934,482,用户注册,200,,常规接口测试-50并发 1-39,text,true,,723,253,46,51,http://localhost:8080/api/auth/register,427,0,0
1777735446983,452,用户登录,200,,常规接口测试-50并发 1-20,text,true,,319,218,46,51,http://localhost:8080/api/auth/login,388,0,0
1777735446869,569,关键词搜索,400,,常规接口测试-50并发 1-42,text,false,,332,183,46,51,http://localhost:8080/api/search/keyword?q=篮球,504,0,0
1777735446901,556,关键词搜索,400,,常规接口测试-50并发 1-31,text,false,,332,183,46,51,http://localhost:8080/api/search/keyword?q=篮球,504,0,0
1777735447042,435,用户登录,200,,常规接口测试-50并发 1-27,text,true,,319,218,46,51,http://localhost:8080/api/auth/login,401,0,0
1777735446934,543,高级筛选搜索,200,,常规接口测试-50并发 1-8,text,true,,5782,232,46,51,http://localhost:8080/api/post/list/filter?category=运动健身&pageNum=1&pageSize=10,512,0,1
1777735447043,438,用户注册,200,,常规接口测试-50并发 1-21,text,true,,725,253,46,51,http://localhost:8080/api/auth/register,406,0,0
1777735446985,511,高级筛选搜索,200,,常规接口测试-50并发 1-30,text,true,,5782,232,46,51,http://localhost:8080/api/post/list/filter?category=运动健身&pageNum=1&pageSize=10,475,0,0
1777735447060,441,用户登录,200,,常规接口测试-50并发 1-11,text,true,,319,218,46,51,http://localhost:8080/api/auth/login,406,0,0
1777735447046,470,高级筛选搜索,200,,常规接口测试-50并发 1-16,text,true,,5782,232,46,51,http://localhost:8080/api/post/list/filter?category=运动健身&pageNum=1&pageSize=10,438,0,0
1777735447074,443,用户注册,200,,常规接口测试-50并发 1-28,text,true,,725,253,46,51,http://localhost:8080/api/auth/register,410,0,0
1777735446376,1148,获取帖子列表,200,,常规接口测试-50并发 1-44,text,true,,5517,179,46,51,http://localhost:8080/api/post/list?pageNum=1&pageSize=10,1115,0,0
1777735446408,1118,获取帖子列表,200,,常规接口测试-50并发 1-5,text,true,,5517,179,46,51,http://localhost:8080/api/post/list?pageNum=1&pageSize=10,1085,0,0
1777735447080,453,用户注册,200,,常规接口测试-50并发 1-15,text,true,,725,253,46,51,http://localhost:8080/api/auth/register,420,0,0
1777735447099,443,用户登录,200,,常规接口测试-50并发 1-49,text,true,,319,218,46,51,http://localhost:8080/api/auth/login,408,0,0
1777735447127,428,用户注册,200,,常规接口测试-50并发 1-29,text,true,,725,253,46,51,http://localhost:8080/api/auth/register,391,0,0
1777735447141,416,用户登录,200,,常规接口测试-50并发 1-37,text,true,,319,218,46,51,http://localhost:8080/api/auth/login,378,0,0
1777735447141,428,用户注册,200,,常规接口测试-50并发 1-6,text,true,,725,253,46,51,http://localhost:8080/api/auth/register,390,0,0
1777735446479,1091,获取帖子列表,200,,常规接口测试-50并发 1-7,text,true,,5517,179,46,51,http://localhost:8080/api/post/list?pageNum=1&pageSize=10,1054,0,0
1777735447151,422,用户登录,200,,常规接口测试-50并发 1-50,text,true,,319,218,46,51,http://localhost:8080/api/auth/login,384,0,0
1777735446476,1117,获取帖子列表,200,,常规接口测试-50并发 1-9,text,true,,5517,179,46,51,http://localhost:8080/api/post/list?pageNum=1&pageSize=10,1077,0,0
1777735447166,431,用户注册,200,,常规接口测试-50并发 1-40,text,true,,722,252,46,51,http://localhost:8080/api/auth/register,391,0,0
1777735447070,532,高级筛选搜索,200,,常规接口测试-50并发 1-22,text,true,,5782,232,46,51,http://localhost:8080/api/post/list/filter?category=运动健身&pageNum=1&pageSize=10,489,0,1
1777735447087,539,高级筛选搜索,200,,常规接口测试-50并发 1-41,text,true,,5782,232,46,51,http://localhost:8080/api/post/list/filter?category=运动健身&pageNum=1&pageSize=10,496,0,1
1777735447323,368,用户登录,200,,常规接口测试-50并发 1-38,text,true,,319,218,46,51,http://localhost:8080/api/auth/login,359,0,0
1777735446499,1216,获取帖子列表,200,,常规接口测试-50并发 1-33,text,true,,5517,179,46,51,http://localhost:8080/api/post/list?pageNum=1&pageSize=10,1101,0,0
1777735447159,577,关键词搜索,400,,常规接口测试-50并发 1-12,text,false,,332,183,46,51,http://localhost:8080/api/search/keyword?q=篮球,458,0,0
1777735446590,1178,获取帖子列表,200,,常规接口测试-50并发 1-13,text,true,,5517,179,46,51,http://localhost:8080/api/post/list?pageNum=1&pageSize=10,1134,0,0
1777735446571,1208,获取帖子列表,200,,常规接口测试-50并发 1-17,text,true,,5517,179,46,51,http://localhost:8080/api/post/list?pageNum=1&pageSize=10,1168,0,0
1777735447257,525,关键词搜索,400,,常规接口测试-50并发 1-24,text,false,,332,183,46,51,http://localhost:8080/api/search/keyword?q=篮球,485,0,0
1777735447280,510,关键词搜索,400,,常规接口测试-50并发 1-43,text,false,,332,183,46,51,http://localhost:8080/api/search/keyword?q=篮球,466,0,0
1777735447416,424,用户登录,200,,常规接口测试-50并发 1-39,text,true,,319,218,46,51,http://localhost:8080/api/auth/login,360,0,0
1777735447243,653,高级筛选搜索,200,,常规接口测试-50并发 1-23,text,true,,5782,232,46,51,http://localhost:8080/api/post/list/filter?category=运动健身&pageNum=1&pageSize=10,590,0,0
1777735447390,526,关键词搜索,400,,常规接口测试-50并发 1-32,text,false,,332,183,46,51,http://localhost:8080/api/search/keyword?q=篮球,475,0,0
1777735447482,437,用户登录,200,,常规接口测试-50并发 1-21,text,true,,319,218,46,51,http://localhost:8080/api/auth/login,393,0,0
1777735447478,449,用户注册,200,,常规接口测试-50并发 1-8,text,true,,725,253,46,51,http://localhost:8080/api/auth/register,409,0,0
1777735447496,453,用户注册,200,,常规接口测试-50并发 1-30,text,true,,725,253,46,51,http://localhost:8080/api/auth/register,416,0,0
1777735446638,1313,获取帖子列表,200,,常规接口测试-50并发 1-45,text,true,,5517,179,46,51,http://localhost:8080/api/post/list?pageNum=1&pageSize=10,1279,0,0
1777735447517,450,用户登录,200,,常规接口测试-50并发 1-28,text,true,,319,218,46,51,http://localhost:8080/api/auth/login,412,0,0
1777735447516,461,用户注册,200,,常规接口测试-50并发 1-16,text,true,,725,253,46,51,http://localhost:8080/api/auth/register,420,0,0
1777735447534,448,用户登录,200,,常规接口测试-50并发 1-15,text,true,,319,218,46,51,http://localhost:8080/api/auth/login,410,0,0
1777735447438,557,高级筛选搜索,200,,常规接口测试-50并发 1-42,text,true,,5782,232,46,51,http://localhost:8080/api/post/list/filter?category=运动健身&pageNum=1&pageSize=10,520,0,1
1777735447555,447,用户登录,200,,常规接口测试-50并发 1-29,text,true,,319,218,46,51,http://localhost:8080/api/auth/login,408,0,0
1777735447569,445,用户登录,200,,常规接口测试-50并发 1-6,text,true,,319,218,46,51,http://localhost:8080/api/auth/login,406,0,0
1777735447457,565,高级筛选搜索,200,,常规接口测试-50并发 1-31,text,true,,5782,232,46,51,http://localhost:8080/api/post/list/filter?category=运动健身&pageNum=1&pageSize=10,524,0,1
1777735446765,1259,获取帖子列表,200,,常规接口测试-50并发 1-10,text,true,,5517,179,46,51,http://localhost:8080/api/post/list?pageNum=1&pageSize=10,1221,0,0
1777735447524,507,关键词搜索,400,,常规接口测试-50并发 1-44,text,false,,332,183,46,51,http://localhost:8080/api/search/keyword?q=篮球,470,0,0
1777735447598,437,用户登录,200,,常规接口测试-50并发 1-40,text,true,,319,218,46,51,http://localhost:8080/api/auth/login,400,0,0
1777735447526,520,关键词搜索,400,,常规接口测试-50并发 1-5,text,false,,332,183,46,51,http://localhost:8080/api/search/keyword?q=篮球,482,0,0
1777735446851,1204,获取帖子列表,200,,常规接口测试-50并发 1-46,text,true,,5517,179,46,51,http://localhost:8080/api/post/list?pageNum=1&pageSize=10,1168,0,0
1777735447603,461,用户注册,200,,常规接口测试-50并发 1-22,text,true,,723,253,46,51,http://localhost:8080/api/auth/register,423,0,0
1777735447593,475,关键词搜索,400,,常规接口测试-50并发 1-9,text,false,,332,183,46,51,http://localhost:8080/api/search/keyword?q=篮球,436,0,0
1777735446874,1202,获取帖子列表,200,,常规接口测试-50并发 1-18,text,true,,5517,179,46,51,http://localhost:8080/api/post/list?pageNum=1&pageSize=10,1162,0,0
1777735447627,453,用户注册,200,,常规接口测试-50并发 1-41,text,true,,725,253,46,51,http://localhost:8080/api/auth/register,412,0,0
1777735446846,1242,获取帖子列表,200,,常规接口测试-50并发 1-25,text,true,,5517,179,46,51,http://localhost:8080/api/post/list?pageNum=1&pageSize=10,1199,0,0
1777735447571,525,关键词搜索,400,,常规接口测试-50并发 1-7,text,false,,332,183,46,51,http://localhost:8080/api/search/keyword?q=篮球,477,0,0
1777735447715,416,关键词搜索,400,,常规接口测试-50并发 1-33,text,false,,332,183,46,51,http://localhost:8080/api/search/keyword?q=篮球,359,0,0
1777735446968,1225,获取帖子列表,200,,常规接口测试-50并发 1-35,text,true,,5517,179,46,51,http://localhost:8080/api/post/list?pageNum=1&pageSize=10,1190,0,0
1777735447029,1195,获取帖子列表,200,,常规接口测试-50并发 1-14,text,true,,5517,179,46,51,http://localhost:8080/api/post/list?pageNum=1&pageSize=10,1155,0,0
1777735447768,461,关键词搜索,400,,常规接口测试-50并发 1-13,text,false,,332,183,46,51,http://localhost:8080/api/search/keyword?q=篮球,420,0,0
1777735446991,1249,获取帖子列表,200,,常规接口测试-50并发 1-34,text,true,,5517,179,46,51,http://localhost:8080/api/post/list?pageNum=1&pageSize=10,1205,0,0
1777735447779,462,关键词搜索,400,,常规接口测试-50并发 1-17,text,false,,332,183,46,51,http://localhost:8080/api/search/keyword?q=篮球,418,0,0
1777735447896,366,用户注册,200,,常规接口测试-50并发 1-23,text,true,,725,253,46,51,http://localhost:8080/api/auth/register,325,0,0
1777735447736,531,高级筛选搜索,200,,常规接口测试-50并发 1-12,text,true,,5782,232,46,51,http://localhost:8080/api/post/list/filter?category=运动健身&pageNum=1&pageSize=10,490,0,1
1777735447928,342,用户登录,200,,常规接口测试-50并发 1-8,text,true,,319,218,46,51,http://localhost:8080/api/auth/login,301,0,0
1777735447782,502,高级筛选搜索,200,,常规接口测试-50并发 1-24,text,true,,5782,232,46,51,http://localhost:8080/api/post/list/filter?category=运动健身&pageNum=1&pageSize=10,461,0,0
1777735447949,342,用户登录,200,,常规接口测试-50并发 1-30,text,true,,319,218,46,51,http://localhost:8080/api/auth/login,304,0,0
1777735447790,503,高级筛选搜索,200,,常规接口测试-50并发 1-43,text,true,,5782,232,46,51,http://localhost:8080/api/post/list/filter?category=运动健身&pageNum=1&pageSize=10,465,0,1
1777735447028,1275,获取帖子列表,200,,常规接口测试-50并发 1-47,text,true,,5517,179,46,51,http://localhost:8080/api/post/list?pageNum=1&pageSize=10,1237,0,0
1777735447978,348,用户登录,200,,常规接口测试-50并发 1-16,text,true,,319,218,46,51,http://localhost:8080/api/auth/login,306,0,0
1777735447995,373,用户注册,200,,常规接口测试-50并发 1-42,text,true,,725,253,46,51,http://localhost:8080/api/auth/register,318,0,0
1777735447916,452,高级筛选搜索,200,,常规接口测试-50并发 1-32,text,true,,5782,232,46,51,http://localhost:8080/api/post/list/filter?category=运动健身&pageNum=1&pageSize=10,400,0,1
1777735447952,430,关键词搜索,400,,常规接口测试-50并发 1-45,text,false,,332,183,46,51,http://localhost:8080/api/search/keyword?q=篮球,381,0,0
1777735447077,1305,获取帖子列表,200,,常规接口测试-50并发 1-26,text,true,,5517,179,46,51,http://localhost:8080/api/post/list?pageNum=1&pageSize=10,1259,0,0
1777735448022,367,用户注册,200,,常规接口测试-50并发 1-31,text,true,,724,252,46,51,http://localhost:8080/api/auth/register,327,0,0
1777735448064,362,用户登录,200,,常规接口测试-50并发 1-22,text,true,,319,218,46,51,http://localhost:8080/api/auth/login,324,0,0
1777735448080,368,用户登录,200,,常规接口测试-50并发 1-41,text,true,,319,218,46,51,http://localhost:8080/api/auth/login,318,0,0
1777735448024,441,关键词搜索,400,,常规接口测试-50并发 1-10,text,false,,332,183,46,51,http://localhost:8080/api/search/keyword?q=篮球,394,0,0
1777735448055,442,关键词搜索,400,,常规接口测试-50并发 1-46,text,false,,332,183,46,51,http://localhost:8080/api/search/keyword?q=篮球,400,0,0
1777735448077,434,关键词搜索,400,,常规接口测试-50并发 1-18,text,false,,332,183,46,51,http://localhost:8080/api/search/keyword?q=篮球,398,0,0
1777735447237,1287,获取帖子列表,200,,常规接口测试-50并发 1-19,text,true,,5517,179,46,51,http://localhost:8080/api/post/list?pageNum=1&pageSize=10,1250,0,0
1777735448088,438,关键词搜索,400,,常规接口测试-50并发 1-25,text,false,,332,183,46,51,http://localhost:8080/api/search/keyword?q=篮球,401,0,0
1777735448032,503,高级筛选搜索,200,,常规接口测试-50并发 1-44,text,true,,5782,232,46,51,http://localhost:8080/api/post/list/filter?category=运动健身&pageNum=1&pageSize=10,465,0,1
1777735447268,1279,获取帖子列表,200,,常规接口测试-50并发 1-36,text,true,,5517,179,46,51,http://localhost:8080/api/post/list?pageNum=1&pageSize=10,1237,0,0
1777735448046,517,高级筛选搜索,200,,常规接口测试-50并发 1-5,text,true,,5782,232,46,51,http://localhost:8080/api/post/list/filter?category=运动健身&pageNum=1&pageSize=10,469,0,1
1777735448068,523,高级筛选搜索,200,,常规接口测试-50并发 1-9,text,true,,5782,232,45,50,http://localhost:8080/api/post/list/filter?category=运动健身&pageNum=1&pageSize=10,472,0,1
1777735448097,513,高级筛选搜索,200,,常规接口测试-50并发 1-7,text,true,,5782,232,45,50,http://localhost:8080/api/post/list/filter?category=运动健身&pageNum=1&pageSize=10,465,0,0
1777735448263,358,用户登录,200,,常规接口测试-50并发 1-23,text,true,,319,218,45,50,http://localhost:8080/api/auth/login,313,0,0
1777735448131,499,高级筛选搜索,200,,常规接口测试-50并发 1-33,text,true,,5782,232,45,50,http://localhost:8080/api/post/list/filter?category=运动健身&pageNum=1&pageSize=10,455,0,1
1777735448194,441,关键词搜索,400,,常规接口测试-50并发 1-35,text,false,,332,183,45,50,http://localhost:8080/api/search/keyword?q=篮球,397,0,0
1777735448267,374,用户注册,200,,常规接口测试-50并发 1-12,text,true,,725,253,45,50,http://localhost:8080/api/auth/register,329,0,0
1777735447356,1292,获取帖子列表,200,,常规接口测试-50并发 1-48,text,true,,5517,179,45,50,http://localhost:8080/api/post/list?pageNum=1&pageSize=10,1248,0,0
1777735448284,371,用户注册,200,,常规接口测试-50并发 1-24,text,true,,725,253,45,50,http://localhost:8080/api/auth/register,330,0,0
1777735448224,435,关键词搜索,400,,常规接口测试-50并发 1-14,text,false,,332,183,45,50,http://localhost:8080/api/search/keyword?q=篮球,395,0,0
1777735447436,1230,获取帖子列表,200,,常规接口测试-50并发 1-20,text,true,,5517,179,45,50,http://localhost:8080/api/post/list?pageNum=1&pageSize=10,1192,0,0
1777735448294,374,用户注册,200,,常规接口测试-50并发 1-43,text,true,,725,253,45,50,http://localhost:8080/api/auth/register,335,0,0
1777735448240,436,关键词搜索,400,,常规接口测试-50并发 1-34,text,false,,332,183,45,50,http://localhost:8080/api/search/keyword?q=篮球,397,0,0
1777735447477,1216,获取帖子列表,200,,常规接口测试-50并发 1-27,text,true,,5517,179,45,50,http://localhost:8080/api/post/list?pageNum=1&pageSize=10,1179,0,0
1777735448230,486,高级筛选搜索,200,,常规接口测试-50并发 1-13,text,true,,5782,232,45,50,http://localhost:8080/api/post/list/filter?category=运动健身&pageNum=1&pageSize=10,448,0,0
1777735448368,357,用户登录,200,,常规接口测试-50并发 1-42,text,true,,319,218,45,50,http://localhost:8080/api/auth/login,314,0,0
1777735448368,370,用户注册,200,,常规接口测试-50并发 1-32,text,true,,725,253,45,50,http://localhost:8080/api/auth/register,320,0,0
1777735448303,445,关键词搜索,400,,常规接口测试-50并发 1-47,text,false,,332,183,45,50,http://localhost:8080/api/search/keyword?q=篮球,393,0,0
1777735448390,372,用户登录,200,,常规接口测试-50并发 1-31,text,true,,319,218,45,50,http://localhost:8080/api/auth/login,311,0,0
1777735448241,530,高级筛选搜索,200,,常规接口测试-50并发 1-17,text,true,,5782,232,45,50,http://localhost:8080/api/post/list/filter?category=运动健身&pageNum=1&pageSize=10,473,0,0
1777735447501,1278,获取帖子列表,200,,常规接口测试-50并发 1-11,text,true,,5517,179,45,50,http://localhost:8080/api/post/list?pageNum=1&pageSize=10,1221,0,0
1777735448382,470,关键词搜索,400,,常规接口测试-50并发 1-26,text,false,,332,183,45,50,http://localhost:8080/api/search/keyword?q=篮球,411,0,0
1777735447558,1315,获取帖子列表,200,,常规接口测试-50并发 1-37,text,true,,5517,179,45,50,http://localhost:8080/api/post/list?pageNum=1&pageSize=10,1270,0,0
1777735447542,1355,获取帖子列表,200,,常规接口测试-50并发 1-49,text,true,,5517,179,45,50,http://localhost:8080/api/post/list?pageNum=1&pageSize=10,1309,0,0
1777735448382,543,高级筛选搜索,200,,常规接口测试-50并发 1-45,text,true,,5782,232,45,50,http://localhost:8080/api/post/list/filter?category=运动健身&pageNum=1&pageSize=10,507,0,0
1777735448535,401,用户注册,200,,常规接口测试-50并发 1-44,text,true,,725,253,45,50,http://localhost:8080/api/auth/register,358,0,0
1777735447573,1390,获取帖子列表,200,,常规接口测试-50并发 1-50,text,true,,5517,179,45,50,http://localhost:8080/api/post/list?pageNum=1&pageSize=10,1336,0,0
1777735448512,466,高级筛选搜索,200,,常规接口测试-50并发 1-18,text,true,,5782,232,45,50,http://localhost:8080/api/post/list/filter?category=运动健身&pageNum=1&pageSize=10,408,0,1
1777735448527,456,高级筛选搜索,200,,常规接口测试-50并发 1-25,text,true,,5782,232,45,50,http://localhost:8080/api/post/list/filter?category=运动健身&pageNum=1&pageSize=10,396,0,0
1777735448592,398,用户注册,200,,常规接口测试-50并发 1-9,text,true,,725,253,45,50,http://localhost:8080/api/auth/register,343,0,0
1777735448465,536,高级筛选搜索,200,,常规接口测试-50并发 1-10,text,true,,5782,232,45,50,http://localhost:8080/api/post/list/filter?category=运动健身&pageNum=1&pageSize=10,481,0,1
1777735448498,506,高级筛选搜索,200,,常规接口测试-50并发 1-46,text,true,,5782,232,45,50,http://localhost:8080/api/post/list/filter?category=运动健身&pageNum=1&pageSize=10,454,0,0
1777735447692,1318,获取帖子列表,200,,常规接口测试-50并发 1-38,text,true,,5517,179,45,50,http://localhost:8080/api/post/list?pageNum=1&pageSize=10,1265,0,0
1777735448524,488,关键词搜索,400,,常规接口测试-50并发 1-19,text,false,,332,183,45,50,http://localhost:8080/api/search/keyword?q=篮球,435,0,0
1777735448610,410,用户注册,200,,常规接口测试-50并发 1-7,text,true,,725,253,45,50,http://localhost:8080/api/auth/register,357,0,0
1777735448630,401,用户注册,200,,常规接口测试-50并发 1-33,text,true,,725,253,45,50,http://localhost:8080/api/auth/register,353,0,0
1777735448548,488,关键词搜索,400,,常规接口测试-50并发 1-36,text,false,,332,183,45,50,http://localhost:8080/api/search/keyword?q=篮球,441,0,0
1777735448641,403,用户登录,200,,常规接口测试-50并发 1-12,text,true,,319,218,45,50,http://localhost:8080/api/auth/login,355,0,0
1777735448655,399,用户登录,200,,常规接口测试-50并发 1-24,text,true,,319,218,45,50,http://localhost:8080/api/auth/login,362,0,0
1777735447840,1218,获取帖子列表,200,,常规接口测试-50并发 1-39,text,true,,5517,179,45,50,http://localhost:8080/api/post/list?pageNum=1&pageSize=10,1184,0,0
1777735448668,391,用户登录,200,,常规接口测试-50并发 1-43,text,true,,319,218,45,50,http://localhost:8080/api/auth/login,360,0,0
1777735448717,374,用户注册,200,,常规接口测试-50并发 1-13,text,true,,725,253,45,50,http://localhost:8080/api/auth/register,349,0,0
1777735448648,446,关键词搜索,400,,常规接口测试-50并发 1-48,text,false,,332,183,45,50,http://localhost:8080/api/search/keyword?q=篮球,421,0,0
1777735448635,463,高级筛选搜索,200,,常规接口测试-50并发 1-35,text,true,,5782,232,45,50,http://localhost:8080/api/post/list/filter?category=运动健身&pageNum=1&pageSize=10,437,0,1
1777735447919,1182,获取帖子列表,200,,常规接口测试-50并发 1-21,text,true,,5517,179,45,50,http://localhost:8080/api/post/list?pageNum=1&pageSize=10,1155,0,0
1777735448738,367,用户登录,200,,常规接口测试-50并发 1-32,text,true,,319,218,45,50,http://localhost:8080/api/auth/login,337,0,0
1777735448666,445,关键词搜索,400,,常规接口测试-50并发 1-20,text,false,,332,183,45,50,http://localhost:8080/api/search/keyword?q=篮球,412,0,0
1777735448659,458,高级筛选搜索,200,,常规接口测试-50并发 1-14,text,true,,5782,232,45,50,http://localhost:8080/api/post/list/filter?category=运动健身&pageNum=1&pageSize=10,422,0,1
1777735448676,449,高级筛选搜索,200,,常规接口测试-50并发 1-34,text,true,,5782,232,45,50,http://localhost:8080/api/post/list/filter?category=运动健身&pageNum=1&pageSize=10,414,0,1
1777735448771,358,用户注册,200,,常规接口测试-50并发 1-17,text,true,,725,253,45,50,http://localhost:8080/api/auth/register,322,0,0
1777735448693,443,关键词搜索,400,,常规接口测试-50并发 1-27,text,false,,332,183,45,50,http://localhost:8080/api/search/keyword?q=篮球,405,0,0
1777735447983,1164,获取帖子列表,200,,常规接口测试-50并发 1-15,text,true,,5517,179,45,50,http://localhost:8080/api/post/list?pageNum=1&pageSize=10,1124,0,0
1777735448002,1154,获取帖子列表,200,,常规接口测试-50并发 1-29,text,true,,5517,179,45,50,http://localhost:8080/api/post/list?pageNum=1&pageSize=10,1119,0,0
1777735447967,1191,获取帖子列表,200,,常规接口测试-50并发 1-28,text,true,,5517,179,45,50,http://localhost:8080/api/post/list?pageNum=1&pageSize=10,1157,0,0
1777735448748,424,高级筛选搜索,200,,常规接口测试-50并发 1-47,text,true,,5782,232,45,50,http://localhost:8080/api/post/list/filter?category=运动健身&pageNum=1&pageSize=10,394,0,1
1777735448014,1163,获取帖子列表,200,,常规接口测试-50并发 1-6,text,true,,5517,179,45,50,http://localhost:8080/api/post/list?pageNum=1&pageSize=10,1134,0,0
1777735448035,1149,获取帖子列表,200,,常规接口测试-50并发 1-40,text,true,,5517,179,45,50,http://localhost:8080/api/post/list?pageNum=1&pageSize=10,1119,0,0
1777735448779,407,关键词搜索,400,,常规接口测试-50并发 1-11,text,false,,332,183,45,50,http://localhost:8080/api/search/keyword?q=篮球,377,0,0
1777735448937,287,用户登录,200,,常规接口测试-50并发 1-44,text,true,,319,218,45,50,http://localhost:8080/api/auth/login,258,0,0
1777735448925,304,用户注册,200,,常规接口测试-50并发 1-45,text,true,,723,251,45,50,http://localhost:8080/api/auth/register,274,0,0
1777735449001,235,用户注册,200,,常规接口测试-50并发 1-10,text,true,,725,253,45,50,http://localhost:8080/api/auth/register,205,0,0
1777735448873,365,关键词搜索,400,,常规接口测试-50并发 1-37,text,false,,332,183,45,50,http://localhost:8080/api/search/keyword?q=篮球,335,0,0
1777735448898,354,关键词搜索,400,,常规接口测试-50并发 1-49,text,false,,332,183,45,50,http://localhost:8080/api/search/keyword?q=篮球,321,0,0
1777735448991,264,用户登录,200,,常规接口测试-50并发 1-9,text,true,,319,218,45,50,http://localhost:8080/api/auth/login,230,0,0
1777735448978,279,用户注册,200,,常规接口测试-50并发 1-18,text,true,,724,252,45,50,http://localhost:8080/api/auth/register,245,0,0
1777735448853,406,高级筛选搜索,200,,常规接口测试-50并发 1-26,text,true,,5782,232,45,50,http://localhost:8080/api/post/list/filter?category=运动健身&pageNum=1&pageSize=10,373,0,0
1777735448983,282,用户注册,200,,常规接口测试-50并发 1-25,text,true,,725,253,45,50,http://localhost:8080/api/auth/register,246,0,0
1777735449004,278,用户注册,200,,常规接口测试-50并发 1-46,text,true,,725,253,45,50,http://localhost:8080/api/auth/register,238,0,0
1777735449021,262,用户登录,200,,常规接口测试-50并发 1-7,text,true,,319,218,45,50,http://localhost:8080/api/auth/login,222,0,0
1777735449031,261,用户登录,200,,常规接口测试-50并发 1-33,text,true,,319,218,45,50,http://localhost:8080/api/auth/login,218,0,0
1777735448963,355,关键词搜索,400,,常规接口测试-50并发 1-50,text,false,,332,183,45,50,http://localhost:8080/api/search/keyword?q=篮球,309,0,0
1777735448291,1030,获取帖子列表,200,,常规接口测试-50并发 1-30,text,true,,5517,179,45,50,http://localhost:8080/api/post/list?pageNum=1&pageSize=10,984,0,0
1777735448271,1067,获取帖子列表,200,,常规接口测试-50并发 1-8,text,true,,5517,179,45,50,http://localhost:8080/api/post/list?pageNum=1&pageSize=10,1022,0,0
1777735448326,1013,获取帖子列表,200,,常规接口测试-50并发 1-16,text,true,,5517,179,45,50,http://localhost:8080/api/post/list?pageNum=1&pageSize=10,968,0,0
1777735449011,338,关键词搜索,400,,常规接口测试-50并发 1-38,text,false,,332,183,45,50,http://localhost:8080/api/search/keyword?q=篮球,304,0,0
1777735449091,271,用户登录,200,,常规接口测试-50并发 1-13,text,true,,319,218,45,50,http://localhost:8080/api/auth/login,250,0,0
1777735449117,249,用户注册,200,,常规接口测试-50并发 1-14,text,true,,724,252,45,50,http://localhost:8080/api/auth/register,229,0,0
1777735449058,318,关键词搜索,400,,常规接口测试-50并发 1-39,text,false,,332,183,45,50,http://localhost:8080/api/search/keyword?q=篮球,295,0,0
1777735449012,366,高级筛选搜索,200,,常规接口测试-50并发 1-19,text,true,,5782,232,45,50,http://localhost:8080/api/post/list/filter?category=运动健身&pageNum=1&pageSize=10,342,0,1
1777735449098,288,用户注册,200,,常规接口测试-50并发 1-35,text,true,,725,253,45,50,http://localhost:8080/api/auth/register,260,0,0
1777735449037,361,高级筛选搜索,200,,常规接口测试-50并发 1-36,text,true,,5782,232,45,50,http://localhost:8080/api/post/list/filter?category=运动健身&pageNum=1&pageSize=10,325,0,0
1777735449129,271,用户登录,200,,常规接口测试-50并发 1-17,text,true,,319,218,45,50,http://localhost:8080/api/auth/login,234,0,0
1777735449126,283,用户注册,200,,常规接口测试-50并发 1-34,text,true,,725,253,45,50,http://localhost:8080/api/auth/register,241,0,0
1777735449101,343,关键词搜索,400,,常规接口测试-50并发 1-21,text,false,,332,183,45,50,http://localhost:8080/api/search/keyword?q=篮球,305,0,0
1777735448426,1023,获取帖子列表,200,,常规接口测试-50并发 1-22,text,true,,5517,179,45,50,http://localhost:8080/api/post/list?pageNum=1&pageSize=10,984,0,0
1777735449095,357,高级筛选搜索,200,,常规接口测试-50并发 1-48,text,true,,5782,232,45,50,http://localhost:8080/api/post/list/filter?category=运动健身&pageNum=1&pageSize=10,316,0,0
1777735448448,1006,获取帖子列表,200,,常规接口测试-50并发 1-41,text,true,,5517,179,45,50,http://localhost:8080/api/post/list?pageNum=1&pageSize=10,964,0,0
1777735449172,293,用户注册,200,,常规接口测试-50并发 1-47,text,true,,725,253,45,50,http://localhost:8080/api/auth/register,242,0,0
1777735449111,390,高级筛选搜索,200,,常规接口测试-50并发 1-20,text,true,,5782,232,45,50,http://localhost:8080/api/post/list/filter?category=运动健身&pageNum=1&pageSize=10,320,0,1
1777735449136,366,高级筛选搜索,200,,常规接口测试-50并发 1-27,text,true,,5782,232,45,50,http://localhost:8080/api/post/list/filter?category=运动健身&pageNum=1&pageSize=10,298,0,1
1777735449147,366,关键词搜索,400,,常规接口测试-50并发 1-15,text,false,,332,183,45,50,http://localhost:8080/api/search/keyword?q=篮球,308,0,0
1777735449156,387,关键词搜索,400,,常规接口测试-50并发 1-29,text,false,,332,183,45,50,http://localhost:8080/api/search/keyword?q=篮球,337,0,0
1777735449158,388,关键词搜索,400,,常规接口测试-50并发 1-28,text,false,,332,183,45,50,http://localhost:8080/api/search/keyword?q=篮球,341,0,0
1777735449229,338,用户登录,200,,常规接口测试-50并发 1-45,text,true,,319,218,45,50,http://localhost:8080/api/auth/login,290,0,0
1777735449177,391,关键词搜索,400,,常规接口测试-50并发 1-6,text,false,,332,183,45,50,http://localhost:8080/api/search/keyword?q=篮球,345,0,0
1777735449236,337,用户登录,200,,常规接口测试-50并发 1-10,text,true,,319,218,45,50,http://localhost:8080/api/auth/login,298,0,0
1777735448622,953,获取帖子列表,200,,常规接口测试-50并发 1-23,text,true,,5517,179,45,50,http://localhost:8080/api/post/list?pageNum=1&pageSize=10,916,0,0
1777735449184,393,关键词搜索,400,,常规接口测试-50并发 1-40,text,false,,332,183,45,50,http://localhost:8080/api/search/keyword?q=篮球,355,0,0
1777735449282,296,用户登录,200,,常规接口测试-50并发 1-46,text,true,,319,218,45,50,http://localhost:8080/api/auth/login,260,0,0
1777735449257,334,用户登录,200,,常规接口测试-50并发 1-18,text,true,,319,218,45,50,http://localhost:8080/api/auth/login,305,0,0
1777735449265,328,用户登录,200,,常规接口测试-50并发 1-25,text,true,,319,218,45,50,http://localhost:8080/api/auth/login,299,0,0
1777735449260,343,用户注册,200,,常规接口测试-50并发 1-26,text,true,,725,253,45,50,http://localhost:8080/api/auth/register,313,0,0
1777735449186,421,高级筛选搜索,200,,常规接口测试-50并发 1-11,text,true,,5782,232,45,50,http://localhost:8080/api/post/list/filter?category=运动健身&pageNum=1&pageSize=10,392,0,1
1777735449239,397,高级筛选搜索,200,,常规接口测试-50并发 1-37,text,true,,5782,232,45,50,http://localhost:8080/api/post/list/filter?category=运动健身&pageNum=1&pageSize=10,364,0,0
1777735449252,399,高级筛选搜索,200,,常规接口测试-50并发 1-49,text,true,,5782,232,45,50,http://localhost:8080/api/post/list/filter?category=运动健身&pageNum=1&pageSize=10,365,0,1
1777735448725,937,获取帖子列表,200,,常规接口测试-50并发 1-42,text,true,,5517,179,45,50,http://localhost:8080/api/post/list?pageNum=1&pageSize=10,903,0,0
1777735448762,905,获取帖子列表,200,,常规接口测试-50并发 1-31,text,true,,5517,179,45,50,http://localhost:8080/api/post/list?pageNum=1&pageSize=10,870,0,0
1777735449338,347,关键词搜索,400,,常规接口测试-50并发 1-8,text,false,,332,183,45,50,http://localhost:8080/api/search/keyword?q=篮球,309,0,0
1777735449366,330,用户登录,200,,常规接口测试-50并发 1-14,text,true,,319,218,45,50,http://localhost:8080/api/auth/login,295,0,0
1777735449321,385,关键词搜索,400,,常规接口测试-50并发 1-30,text,false,,332,183,45,50,http://localhost:8080/api/search/keyword?q=篮球,351,0,0
1777735449319,395,高级筛选搜索,200,,常规接口测试-50并发 1-50,text,true,,5782,232,45,50,http://localhost:8080/api/post/list/filter?category=运动健身&pageNum=1&pageSize=10,360,0,0
1777735449339,385,关键词搜索,400,,常规接口测试-50并发 1-16,text,false,,332,183,45,50,http://localhost:8080/api/search/keyword?q=篮球,347,0,0
1777735449379,355,用户注册,200,,常规接口测试-50并发 1-19,text,true,,725,253,45,50,http://localhost:8080/api/auth/register,309,0,0
1777735449387,355,用户登录,200,,常规接口测试-50并发 1-35,text,true,,319,218,45,50,http://localhost:8080/api/auth/login,304,0,0
1777735449409,340,用户登录,200,,常规接口测试-50并发 1-34,text,true,,319,218,45,50,http://localhost:8080/api/auth/login,289,0,0
1777735449399,356,用户注册,200,,常规接口测试-50并发 1-36,text,true,,725,253,45,50,http://localhost:8080/api/auth/register,305,0,0
1777735449349,424,高级筛选搜索,200,,常规接口测试-50并发 1-38,text,true,,5782,232,45,50,http://localhost:8080/api/post/list/filter?category=运动健身&pageNum=1&pageSize=10,378,0,1
1777735449465,340,用户登录,200,,常规接口测试-50并发 1-47,text,true,,319,218,45,50,http://localhost:8080/api/auth/login,296,0,0
1777735449452,355,用户注册,200,,常规接口测试-50并发 1-48,text,true,,725,253,45,50,http://localhost:8080/api/auth/register,312,0,0
1777735449502,330,用户注册,200,,常规接口测试-50并发 1-27,text,true,,725,253,45,50,http://localhost:8080/api/auth/register,295,0,0
1777735449501,334,用户注册,200,,常规接口测试-50并发 1-20,text,true,,725,253,45,50,http://localhost:8080/api/auth/register,298,0,0
1777735449376,469,高级筛选搜索,200,,常规接口测试-50并发 1-39,text,true,,5782,232,45,50,http://localhost:8080/api/post/list/filter?category=运动健身&pageNum=1&pageSize=10,436,0,1
1777735449449,406,关键词搜索,400,,常规接口测试-50并发 1-22,text,false,,332,183,45,50,http://localhost:8080/api/search/keyword?q=篮球,375,0,0
1777735449454,403,关键词搜索,400,,常规接口测试-50并发 1-41,text,false,,332,183,45,50,http://localhost:8080/api/search/keyword?q=篮球,372,0,0
1777735449575,360,关键词搜索,400,,常规接口测试-50并发 1-23,text,false,,332,183,45,50,http://localhost:8080/api/search/keyword?q=篮球,357,0,0
1777735449603,332,用户登录,200,,常规接口测试-50并发 1-26,text,true,,319,218,45,50,http://localhost:8080/api/auth/login,271,0,0
1777735449045,896,获取帖子列表,200,,常规接口测试-50并发 1-12,text,true,,5517,179,45,50,http://localhost:8080/api/post/list?pageNum=1&pageSize=10,838,0,0
1777735449444,499,高级筛选搜索,200,,常规接口测试-50并发 1-21,text,true,,5782,232,45,50,http://localhost:8080/api/post/list/filter?category=运动健身&pageNum=1&pageSize=10,445,0,0
1777735449060,886,获取帖子列表,200,,常规接口测试-50并发 1-43,text,true,,5517,179,45,50,http://localhost:8080/api/post/list?pageNum=1&pageSize=10,834,0,0
1777735449607,361,用户注册,200,,常规接口测试-50并发 1-11,text,true,,725,253,45,50,http://localhost:8080/api/auth/register,307,0,0
1777735449513,460,高级筛选搜索,200,,常规接口测试-50并发 1-15,text,true,,5782,232,45,50,http://localhost:8080/api/post/list/filter?category=运动健身&pageNum=1&pageSize=10,406,0,1
1777735449055,936,获取帖子列表,200,,常规接口测试-50并发 1-24,text,true,,5517,179,45,50,http://localhost:8080/api/post/list?pageNum=1&pageSize=10,886,0,0
1777735449544,454,高级筛选搜索,200,,常规接口测试-50并发 1-29,text,true,,5782,232,45,50,http://localhost:8080/api/post/list/filter?category=运动健身&pageNum=1&pageSize=10,407,0,0
1777735449636,363,用户注册,200,,常规接口测试-50并发 1-37,text,true,,725,253,45,50,http://localhost:8080/api/auth/register,317,0,0
1777735449546,455,高级筛选搜索,200,,常规接口测试-50并发 1-28,text,true,,5782,232,45,50,http://localhost:8080/api/post/list/filter?category=运动健身&pageNum=1&pageSize=10,410,0,1
1777735449652,368,用户注册,200,,常规接口测试-50并发 1-49,text,true,,725,253,45,50,http://localhost:8080/api/auth/register,329,0,0
1777735449105,952,获取帖子列表,200,,常规接口测试-50并发 1-32,text,true,,5517,179,45,50,http://localhost:8080/api/post/list?pageNum=1&pageSize=10,876,0,0
1777735449568,502,高级筛选搜索,200,,常规接口测试-50并发 1-6,text,true,,5782,232,45,50,http://localhost:8080/api/post/list/filter?category=运动健身&pageNum=1&pageSize=10,419,0,1
1777735449577,518,高级筛选搜索,200,,常规接口测试-50并发 1-40,text,true,,5782,232,44,49,http://localhost:8080/api/post/list/filter?category=运动健身&pageNum=1&pageSize=10,435,0,1
1777735449714,407,用户注册,200,,常规接口测试-50并发 1-50,text,true,,725,253,44,49,http://localhost:8080/api/auth/register,367,0,0
1777735449734,392,用户登录,200,,常规接口测试-50并发 1-19,text,true,,319,218,44,49,http://localhost:8080/api/auth/login,353,0,0
1777735449662,471,关键词搜索,400,,常规接口测试-50并发 1-42,text,false,,332,183,44,49,http://localhost:8080/api/search/keyword?q=篮球,432,0,0
1777735449667,472,关键词搜索,400,,常规接口测试-50并发 1-31,text,false,,332,183,44,49,http://localhost:8080/api/search/keyword?q=篮球,435,0,0
1777735449756,394,用户登录,200,,常规接口测试-50并发 1-36,text,true,,319,218,44,49,http://localhost:8080/api/auth/login,357,0,0
1777735449685,469,高级筛选搜索,200,,常规接口测试-50并发 1-8,text,true,,5782,232,44,49,http://localhost:8080/api/post/list/filter?category=运动健身&pageNum=1&pageSize=10,431,0,1
1777735449774,400,用户注册,200,,常规接口测试-50并发 1-38,text,true,,725,253,44,49,http://localhost:8080/api/auth/register,354,0,0
1777735449807,389,用户登录,200,,常规接口测试-50并发 1-48,text,true,,319,218,44,49,http://localhost:8080/api/auth/login,340,0,0
1777735449706,524,高级筛选搜索,200,,常规接口测试-50并发 1-30,text,true,,5782,232,44,49,http://localhost:8080/api/post/list/filter?category=运动健身&pageNum=1&pageSize=10,473,0,1
1777735449832,412,用户登录,200,,常规接口测试-50并发 1-27,text,true,,319,218,44,49,http://localhost:8080/api/auth/login,357,0,0
1777735449835,417,用户登录,200,,常规接口测试-50并发 1-20,text,true,,319,218,44,49,http://localhost:8080/api/auth/login,363,0,0
1777735449724,535,高级筛选搜索,200,,常规接口测试-50并发 1-16,text,true,,5782,232,44,49,http://localhost:8080/api/post/list/filter?category=运动健身&pageNum=1&pageSize=10,485,0,0
1777735449845,421,用户注册,200,,常规接口测试-50并发 1-39,text,true,,725,253,44,49,http://localhost:8080/api/auth/register,387,0,0
1777735449224,1052,获取帖子列表,200,,常规接口测试-50并发 1-44,text,true,,5517,179,44,49,http://localhost:8080/api/post/list?pageNum=1&pageSize=10,1020,0,0
1777735449944,444,用户注册,200,,常规接口测试-50并发 1-21,text,true,,725,253,44,49,http://localhost:8080/api/auth/register,373,0,0
1777735449999,398,用户登录,200,,常规接口测试-50并发 1-37,text,true,,319,218,44,49,http://localhost:8080/api/auth/login,328,0,0
1777735449969,434,用户登录,200,,常规接口测试-50并发 1-11,text,true,,319,218,44,49,http://localhost:8080/api/auth/login,366,0,0
1777735449973,458,用户注册,200,,常规接口测试-50并发 1-15,text,true,,725,253,44,49,http://localhost:8080/api/auth/register,396,0,0
1777735449255,1178,获取帖子列表,200,,常规接口测试-50并发 1-9,text,true,,5517,179,44,49,http://localhost:8080/api/post/list?pageNum=1&pageSize=10,1119,0,0
1777735449284,1152,获取帖子列表,200,,常规接口测试-50并发 1-7,text,true,,5517,179,44,49,http://localhost:8080/api/post/list?pageNum=1&pageSize=10,1095,0,0
1777735450001,447,用户注册,200,,常规接口测试-50并发 1-28,text,true,,723,253,44,49,http://localhost:8080/api/auth/register,390,0,0
1777735449999,452,用户注册,200,,常规接口测试-50并发 1-29,text,true,,725,253,44,49,http://localhost:8080/api/auth/register,394,0,0
1777735449855,596,高级筛选搜索,200,,常规接口测试-50并发 1-22,text,true,,5782,232,44,49,http://localhost:8080/api/post/list/filter?category=运动健身&pageNum=1&pageSize=10,540,0,1
1777735449857,607,高级筛选搜索,200,,常规接口测试-50并发 1-41,text,true,,5782,232,44,49,http://localhost:8080/api/post/list/filter?category=运动健身&pageNum=1&pageSize=10,551,0,1
1777735449292,1186,获取帖子列表,200,,常规接口测试-50并发 1-33,text,true,,5517,179,44,49,http://localhost:8080/api/post/list?pageNum=1&pageSize=10,1131,0,0
1777735450020,458,用户登录,200,,常规接口测试-50并发 1-49,text,true,,319,218,44,49,http://localhost:8080/api/auth/login,405,0,0
1777735449946,535,关键词搜索,400,,常规接口测试-50并发 1-43,text,false,,332,183,44,49,http://localhost:8080/api/search/keyword?q=篮球,481,0,0
1777735449941,540,关键词搜索,400,,常规接口测试-50并发 1-12,text,false,,332,183,44,49,http://localhost:8080/api/search/keyword?q=篮球,488,0,0
1777735449935,582,高级筛选搜索,200,,常规接口测试-50并发 1-23,text,true,,5782,232,44,49,http://localhost:8080/api/post/list/filter?category=运动健身&pageNum=1&pageSize=10,536,0,1
1777735449992,526,关键词搜索,400,,常规接口测试-50并发 1-24,text,false,,332,183,44,49,http://localhost:8080/api/search/keyword?q=篮球,479,0,0
1777735450095,425,用户注册,200,,常规接口测试-50并发 1-40,text,true,,725,253,44,49,http://localhost:8080/api/auth/register,379,0,0
1777735450121,412,用户登录,200,,常规接口测试-50并发 1-50,text,true,,319,218,44,49,http://localhost:8080/api/auth/login,372,0,0
1777735450057,488,关键词搜索,400,,常规接口测试-50并发 1-32,text,false,,332,183,44,49,http://localhost:8080/api/search/keyword?q=篮球,456,0,0
1777735450154,406,用户注册,200,,常规接口测试-50并发 1-8,text,true,,724,252,44,49,http://localhost:8080/api/auth/register,377,0,0
1777735450175,386,用户登录,200,,常规接口测试-50并发 1-38,text,true,,319,218,44,49,http://localhost:8080/api/auth/login,358,0,0
1777735449362,1210,获取帖子列表,200,,常规接口测试-50并发 1-13,text,true,,5517,179,44,49,http://localhost:8080/api/post/list?pageNum=1&pageSize=10,1183,0,0
1777735450134,481,高级筛选搜索,200,,常规接口测试-50并发 1-42,text,true,,5782,232,44,49,http://localhost:8080/api/post/list/filter?category=运动健身&pageNum=1&pageSize=10,434,0,0
1777735449400,1264,获取帖子列表,200,,常规接口测试-50并发 1-17,text,true,,5517,179,44,49,http://localhost:8080/api/post/list?pageNum=1&pageSize=10,1176,0,0
1777735450139,531,高级筛选搜索,200,,常规接口测试-50并发 1-31,text,true,,5782,232,44,49,http://localhost:8080/api/post/list/filter?category=运动健身&pageNum=1&pageSize=10,441,0,1
1777735450230,441,用户注册,200,,常规接口测试-50并发 1-30,text,true,,725,253,44,49,http://localhost:8080/api/auth/register,352,0,0
1777735450266,419,用户登录,200,,常规接口测试-50并发 1-39,text,true,,319,218,44,49,http://localhost:8080/api/auth/login,346,0,0
1777735450259,434,用户注册,200,,常规接口测试-50并发 1-16,text,true,,725,253,44,49,http://localhost:8080/api/auth/register,360,0,0
1777735449567,1208,获取帖子列表,200,,常规接口测试-50并发 1-45,text,true,,5517,179,44,49,http://localhost:8080/api/post/list?pageNum=1&pageSize=10,1144,0,0
1777735449573,1222,获取帖子列表,200,,常规接口测试-50并发 1-10,text,true,,5517,179,44,49,http://localhost:8080/api/post/list?pageNum=1&pageSize=10,1157,0,0
1777735449578,1221,获取帖子列表,200,,常规接口测试-50并发 1-46,text,true,,5517,179,44,49,http://localhost:8080/api/post/list?pageNum=1&pageSize=10,1157,0,0
1777735450276,536,关键词搜索,400,,常规接口测试-50并发 1-44,text,false,,332,183,44,49,http://localhost:8080/api/search/keyword?q=篮球,480,0,0
1777735450388,430,用户登录,200,,常规接口测试-50并发 1-21,text,true,,319,218,44,49,http://localhost:8080/api/auth/login,378,0,0
1777735449591,1240,获取帖子列表,200,,常规接口测试-50并发 1-18,text,true,,5517,179,44,49,http://localhost:8080/api/post/list?pageNum=1&pageSize=10,1189,0,0
1777735450432,417,用户登录,200,,常规接口测试-50并发 1-15,text,true,,319,218,44,49,http://localhost:8080/api/auth/login,371,0,0
1777735450451,418,用户登录,200,,常规接口测试-50并发 1-29,text,true,,319,218,44,49,http://localhost:8080/api/auth/login,371,0,0
1777735450448,423,用户登录,200,,常规接口测试-50并发 1-28,text,true,,319,218,44,49,http://localhost:8080/api/auth/login,376,0,0
1777735450451,426,用户注册,200,,常规接口测试-50并发 1-22,text,true,,725,253,44,49,http://localhost:8080/api/auth/register,378,0,0
1777735449594,1287,获取帖子列表,200,,常规接口测试-50并发 1-25,text,true,,5517,179,44,49,http://localhost:8080/api/post/list?pageNum=1&pageSize=10,1244,0,0
1777735450465,423,用户注册,200,,常规接口测试-50并发 1-41,text,true,,725,253,44,49,http://localhost:8080/api/auth/register,383,0,0
1777735450520,388,用户登录,200,,常规接口测试-50并发 1-40,text,true,,319,218,44,49,http://localhost:8080/api/auth/login,360,0,0
1777735450518,392,用户注册,200,,常规接口测试-50并发 1-23,text,true,,725,253,44,49,http://localhost:8080/api/auth/register,366,0,0
1777735450433,480,关键词搜索,400,,常规接口测试-50并发 1-9,text,false,,332,183,44,49,http://localhost:8080/api/search/keyword?q=篮球,453,0,0
1777735450436,484,关键词搜索,400,,常规接口测试-50并发 1-7,text,false,,332,183,44,49,http://localhost:8080/api/search/keyword?q=篮球,454,0,0
1777735450478,470,关键词搜索,400,,常规接口测试-50并发 1-33,text,false,,332,183,44,49,http://localhost:8080/api/search/keyword?q=篮球,431,0,0
1777735450518,433,高级筛选搜索,200,,常规接口测试-50并发 1-24,text,true,,5782,232,44,49,http://localhost:8080/api/post/list/filter?category=运动健身&pageNum=1&pageSize=10,431,0,1
1777735450481,477,高级筛选搜索,200,,常规接口测试-50并发 1-43,text,true,,5782,232,44,49,http://localhost:8080/api/post/list/filter?category=运动健身&pageNum=1&pageSize=10,441,0,1
1777735449742,1216,获取帖子列表,200,,常规接口测试-50并发 1-35,text,true,,5517,179,44,49,http://localhost:8080/api/post/list?pageNum=1&pageSize=10,1182,0,0
1777735450482,477,高级筛选搜索,200,,常规接口测试-50并发 1-12,text,true,,5782,232,44,49,http://localhost:8080/api/post/list/filter?category=运动健身&pageNum=1&pageSize=10,443,0,0
1777735449749,1211,获取帖子列表,200,,常规接口测试-50并发 1-34,text,true,,5517,179,44,49,http://localhost:8080/api/post/list?pageNum=1&pageSize=10,1180,0,0
1777735450560,402,用户登录,200,,常规接口测试-50并发 1-8,text,true,,319,218,44,49,http://localhost:8080/api/auth/login,371,0,0
1777735449696,1270,获取帖子列表,200,,常规接口测试-50并发 1-14,text,true,,5517,179,44,49,http://localhost:8080/api/post/list?pageNum=1&pageSize=10,1240,0,0
1777735450546,422,高级筛选搜索,200,,常规接口测试-50并发 1-32,text,true,,5782,232,44,49,http://localhost:8080/api/post/list/filter?category=运动健身&pageNum=1&pageSize=10,394,0,0
1777735449805,1197,获取帖子列表,200,,常规接口测试-50并发 1-47,text,true,,5517,179,44,49,http://localhost:8080/api/post/list?pageNum=1&pageSize=10,1166,0,0
1777735450616,388,用户注册,200,,常规接口测试-50并发 1-42,text,true,,725,253,44,49,http://localhost:8080/api/auth/register,357,0,0
1777735450671,345,用户登录,200,,常规接口测试-50并发 1-30,text,true,,319,218,44,49,http://localhost:8080/api/auth/login,310,0,0
1777735450670,361,用户注册,200,,常规接口测试-50并发 1-31,text,true,,725,253,44,49,http://localhost:8080/api/auth/register,320,0,0
1777735450572,469,关键词搜索,400,,常规接口测试-50并发 1-13,text,false,,332,183,44,49,http://localhost:8080/api/search/keyword?q=篮球,423,0,0
1777735450693,352,用户登录,200,,常规接口测试-50并发 1-16,text,true,,319,218,44,49,http://localhost:8080/api/auth/login,306,0,0
1777735449935,1149,获取帖子列表,200,,常规接口测试-50并发 1-26,text,true,,5517,179,44,49,http://localhost:8080/api/post/list?pageNum=1&pageSize=10,1088,0,0
1777735450664,432,关键词搜索,400,,常规接口测试-50并发 1-17,text,false,,332,183,44,49,http://localhost:8080/api/search/keyword?q=篮球,381,0,0
1777735450776,396,关键词搜索,400,,常规接口测试-50并发 1-45,text,false,,332,183,44,49,http://localhost:8080/api/search/keyword?q=篮球,363,0,0
1777735450795,384,关键词搜索,400,,常规接口测试-50并发 1-10,text,false,,332,183,44,49,http://localhost:8080/api/search/keyword?q=篮球,353,0,0
1777735450877,304,用户登录,200,,常规接口测试-50并发 1-22,text,true,,319,218,44,49,http://localhost:8080/api/auth/login,272,0,0
1777735450799,389,关键词搜索,400,,常规接口测试-50并发 1-46,text,false,,332,183,44,49,http://localhost:8080/api/search/keyword?q=篮球,357,0,0
1777735450888,305,用户登录,200,,常规接口测试-50并发 1-41,text,true,,319,218,44,49,http://localhost:8080/api/auth/login,274,0,0
1777735450831,383,关键词搜索,400,,常规接口测试-50并发 1-18,text,false,,332,183,44,49,http://localhost:8080/api/search/keyword?q=篮球,343,0,0
1777735450126,1092,获取帖子列表,200,,常规接口测试-50并发 1-19,text,true,,5517,179,44,49,http://localhost:8080/api/post/list?pageNum=1&pageSize=10,1053,0,0
1777735450911,312,用户登录,200,,常规接口测试-50并发 1-23,text,true,,319,218,44,49,http://localhost:8080/api/auth/login,270,0,0
1777735450812,421,高级筛选搜索,200,,常规接口测试-50并发 1-44,text,true,,5782,232,44,49,http://localhost:8080/api/post/list/filter?category=运动健身&pageNum=1&pageSize=10,377,0,1
1777735450881,371,关键词搜索,400,,常规接口测试-50并发 1-25,text,false,,332,183,44,49,http://localhost:8080/api/search/keyword?q=篮球,334,0,0
1777735450151,1111,获取帖子列表,200,,常规接口测试-50并发 1-36,text,true,,5517,179,44,49,http://localhost:8080/api/post/list?pageNum=1&pageSize=10,1075,0,0
1777735450951,332,用户注册,200,,常规接口测试-50并发 1-24,text,true,,725,253,44,49,http://localhost:8080/api/auth/register,292,0,0
1777735450968,319,用户注册,200,,常规接口测试-50并发 1-32,text,true,,725,253,44,49,http://localhost:8080/api/auth/register,280,0,0
1777735450958,345,用户注册,200,,常规接口测试-50并发 1-43,text,true,,725,253,44,49,http://localhost:8080/api/auth/register,299,0,0
1777735450960,352,用户注册,200,,常规接口测试-50并发 1-12,text,true,,725,253,44,49,http://localhost:8080/api/auth/register,302,0,0
1777735450196,1120,获取帖子列表,200,,常规接口测试-50并发 1-48,text,true,,5517,179,44,49,http://localhost:8080/api/post/list?pageNum=1&pageSize=10,1073,0,0
1777735451004,365,用户登录,200,,常规接口测试-50并发 1-42,text,true,,319,218,44,49,http://localhost:8080/api/auth/login,311,0,0
1777735450244,1137,获取帖子列表,200,,常规接口测试-50并发 1-27,text,true,,5517,179,44,49,http://localhost:8080/api/post/list?pageNum=1&pageSize=10,1073,0,0
1777735450958,441,关键词搜索,400,,常规接口测试-50并发 1-35,text,false,,332,183,44,49,http://localhost:8080/api/search/keyword?q=篮球,364,0,0
1777735450961,442,关键词搜索,400,,常规接口测试-50并发 1-34,text,false,,332,183,44,49,http://localhost:8080/api/search/keyword?q=篮球,362,0,0
1777735450252,1157,获取帖子列表,200,,常规接口测试-50并发 1-20,text,true,,5517,179,44,49,http://localhost:8080/api/post/list?pageNum=1&pageSize=10,1072,0,0
1777735450966,443,关键词搜索,400,,常规接口测试-50并发 1-14,text,false,,332,183,44,49,http://localhost:8080/api/search/keyword?q=篮球,359,0,0
1777735451032,387,用户登录,200,,常规接口测试-50并发 1-31,text,true,,319,218,44,49,http://localhost:8080/api/auth/login,297,0,0
1777735450913,520,高级筛选搜索,200,,常规接口测试-50并发 1-9,text,true,,5782,232,44,49,http://localhost:8080/api/post/list/filter?category=运动健身&pageNum=1&pageSize=10,431,0,1
1777735450921,540,高级筛选搜索,200,,常规接口测试-50并发 1-7,text,true,,5782,232,44,49,http://localhost:8080/api/post/list/filter?category=运动健身&pageNum=1&pageSize=10,451,0,0
1777735451002,483,关键词搜索,400,,常规接口测试-50并发 1-47,text,false,,332,183,43,48,http://localhost:8080/api/search/keyword?q=篮球,422,0,0
1777735450948,549,高级筛选搜索,200,,常规接口测试-50并发 1-33,text,true,,5782,232,43,48,http://localhost:8080/api/post/list/filter?category=运动健身&pageNum=1&pageSize=10,488,0,1
1777735451096,433,高级筛选搜索,200,,常规接口测试-50并发 1-17,text,true,,5782,232,43,48,http://localhost:8080/api/post/list/filter?category=运动健身&pageNum=1&pageSize=10,393,0,1
1777735451084,463,关键词搜索,400,,常规接口测试-50并发 1-26,text,false,,332,183,43,48,http://localhost:8080/api/search/keyword?q=篮球,428,0,0
1777735451041,523,高级筛选搜索,200,,常规接口测试-50并发 1-13,text,true,,5782,232,43,48,http://localhost:8080/api/post/list/filter?category=运动健身&pageNum=1&pageSize=10,480,0,1
1777735450397,1172,获取帖子列表,200,,常规接口测试-50并发 1-37,text,true,,5517,179,43,48,http://localhost:8080/api/post/list?pageNum=1&pageSize=10,1127,0,0
1777735450404,1188,获取帖子列表,200,,常规接口测试-50并发 1-11,text,true,,5517,179,43,48,http://localhost:8080/api/post/list?pageNum=1&pageSize=10,1135,0,0
1777735450478,1170,获取帖子列表,200,,常规接口测试-50并发 1-49,text,true,,5517,179,43,48,http://localhost:8080/api/post/list?pageNum=1&pageSize=10,1116,0,0
1777735451289,410,用户登录,200,,常规接口测试-50并发 1-32,text,true,,319,218,43,48,http://localhost:8080/api/auth/login,340,0,0
1777735451233,467,用户注册,200,,常规接口测试-50并发 1-44,text,true,,725,253,43,48,http://localhost:8080/api/auth/register,403,0,0
1777735451284,440,用户登录,200,,常规接口测试-50并发 1-24,text,true,,319,218,43,48,http://localhost:8080/api/auth/login,403,0,0
1777735451172,554,高级筛选搜索,200,,常规接口测试-50并发 1-45,text,true,,5782,232,43,48,http://localhost:8080/api/post/list/filter?category=运动健身&pageNum=1&pageSize=10,517,0,1
1777735451218,519,关键词搜索,400,,常规接口测试-50并发 1-19,text,false,,332,183,43,48,http://localhost:8080/api/search/keyword?q=篮球,485,0,0
1777735451304,440,用户登录,200,,常规接口测试-50并发 1-43,text,true,,319,218,43,48,http://localhost:8080/api/auth/login,405,0,0
1777735451179,571,高级筛选搜索,200,,常规接口测试-50并发 1-10,text,true,,5782,232,43,48,http://localhost:8080/api/post/list/filter?category=运动健身&pageNum=1&pageSize=10,537,0,1
1777735450533,1221,获取帖子列表,200,,常规接口测试-50并发 1-50,text,true,,5517,179,43,48,http://localhost:8080/api/post/list?pageNum=1&pageSize=10,1185,0,0
1777735451314,443,用户登录,200,,常规接口测试-50并发 1-12,text,true,,319,218,43,48,http://localhost:8080/api/auth/login,405,0,0
1777735451188,586,高级筛选搜索,200,,常规接口测试-50并发 1-46,text,true,,5782,232,43,48,http://localhost:8080/api/post/list/filter?category=运动健身&pageNum=1&pageSize=10,543,0,1
1777735451254,528,高级筛选搜索,200,,常规接口测试-50并发 1-25,text,true,,5782,232,43,48,http://localhost:8080/api/post/list/filter?category=运动健身&pageNum=1&pageSize=10,485,0,0
1777735451263,533,关键词搜索,400,,常规接口测试-50并发 1-36,text,false,,332,183,43,48,http://localhost:8080/api/search/keyword?q=篮球,483,0,0
1777735451215,588,高级筛选搜索,200,,常规接口测试-50并发 1-18,text,true,,5782,232,43,48,http://localhost:8080/api/post/list/filter?category=运动健身&pageNum=1&pageSize=10,535,0,1
1777735450561,1248,获取帖子列表,200,,常规接口测试-50并发 1-38,text,true,,5517,179,43,48,http://localhost:8080/api/post/list?pageNum=1&pageSize=10,1211,0,0
1777735451434,382,用户注册,200,,常规接口测试-50并发 1-9,text,true,,725,253,43,48,http://localhost:8080/api/auth/register,352,0,0
1777735451318,512,关键词搜索,400,,常规接口测试-50并发 1-48,text,false,,332,183,43,48,http://localhost:8080/api/search/keyword?q=篮球,482,0,0
1777735451383,480,关键词搜索,400,,常规接口测试-50并发 1-27,text,false,,332,183,43,48,http://localhost:8080/api/search/keyword?q=篮球,446,0,0
1777735451498,371,用户注册,200,,常规接口测试-50并发 1-33,text,true,,725,253,43,48,http://localhost:8080/api/auth/register,338,0,0
1777735451410,464,关键词搜索,400,,常规接口测试-50并发 1-20,text,false,,332,183,43,48,http://localhost:8080/api/search/keyword?q=篮球,429,0,0
1777735451411,473,高级筛选搜索,200,,常规接口测试-50并发 1-14,text,true,,5782,232,43,48,http://localhost:8080/api/post/list/filter?category=运动健身&pageNum=1&pageSize=10,434,0,0
1777735450685,1202,获取帖子列表,200,,常规接口测试-50并发 1-39,text,true,,5517,179,43,48,http://localhost:8080/api/post/list?pageNum=1&pageSize=10,1162,0,0
1777735451405,493,高级筛选搜索,200,,常规接口测试-50并发 1-34,text,true,,5782,232,43,48,http://localhost:8080/api/post/list/filter?category=运动健身&pageNum=1&pageSize=10,449,0,0
1777735451401,509,高级筛选搜索,200,,常规接口测试-50并发 1-35,text,true,,5782,232,43,48,http://localhost:8080/api/post/list/filter?category=运动健身&pageNum=1&pageSize=10,465,0,0
1777735451530,381,用户注册,200,,常规接口测试-50并发 1-17,text,true,,725,253,43,48,http://localhost:8080/api/auth/register,337,0,0
1777735451566,366,用户注册,200,,常规接口测试-50并发 1-13,text,true,,725,253,43,48,http://localhost:8080/api/auth/register,321,0,0
1777735451486,484,高级筛选搜索,200,,常规接口测试-50并发 1-47,text,true,,5782,232,43,48,http://localhost:8080/api/post/list/filter?category=运动健身&pageNum=1&pageSize=10,436,0,1
1777735450818,1157,获取帖子列表,200,,常规接口测试-50并发 1-21,text,true,,5517,179,43,48,http://localhost:8080/api/post/list?pageNum=1&pageSize=10,1108,0,0
1777735450850,1150,获取帖子列表,200,,常规接口测试-50并发 1-15,text,true,,5517,179,43,48,http://localhost:8080/api/post/list?pageNum=1&pageSize=10,1097,0,0
1777735450869,1136,获取帖子列表,200,,常规接口测试-50并发 1-29,text,true,,5517,179,43,48,http://localhost:8080/api/post/list?pageNum=1&pageSize=10,1083,0,0
1777735450871,1137,获取帖子列表,200,,常规接口测试-50并发 1-28,text,true,,5517,179,43,48,http://localhost:8080/api/post/list?pageNum=1&pageSize=10,1082,0,0
1777735451570,449,关键词搜索,400,,常规接口测试-50并发 1-37,text,false,,332,183,43,48,http://localhost:8080/api/search/keyword?q=篮球,404,0,0
1777735451548,476,高级筛选搜索,200,,常规接口测试-50并发 1-26,text,true,,5782,232,43,48,http://localhost:8080/api/post/list/filter?category=运动健身&pageNum=1&pageSize=10,439,0,1
1777735451593,435,关键词搜索,400,,常规接口测试-50并发 1-11,text,false,,332,183,43,48,http://localhost:8080/api/search/keyword?q=篮球,402,0,0
1777735451701,329,用户登录,200,,常规接口测试-50并发 1-44,text,true,,319,218,43,48,http://localhost:8080/api/auth/login,297,0,0
1777735451727,327,用户注册,200,,常规接口测试-50并发 1-45,text,true,,724,252,43,48,http://localhost:8080/api/auth/register,301,0,0
1777735450908,1149,获取帖子列表,200,,常规接口测试-50并发 1-40,text,true,,5517,179,43,48,http://localhost:8080/api/post/list?pageNum=1&pageSize=10,1123,0,0
1777735451649,413,关键词搜索,400,,常规接口测试-50并发 1-49,text,false,,332,183,43,48,http://localhost:8080/api/search/keyword?q=篮球,385,0,0
1777735451751,324,用户注册,200,,常规接口测试-50并发 1-10,text,true,,724,252,43,48,http://localhost:8080/api/auth/register,299,0,0
1777735450962,1116,获取帖子列表,200,,常规接口测试-50并发 1-8,text,true,,5517,179,43,48,http://localhost:8080/api/post/list?pageNum=1&pageSize=10,1090,0,0
1777735451776,304,用户注册,200,,常规接口测试-50并发 1-46,text,true,,725,253,43,48,http://localhost:8080/api/auth/register,279,0,0
1777735451782,306,用户注册,200,,常规接口测试-50并发 1-25,text,true,,725,253,43,48,http://localhost:8080/api/auth/register,282,0,0
1777735451016,1073,获取帖子列表,200,,常规接口测试-50并发 1-30,text,true,,5517,179,43,48,http://localhost:8080/api/post/list?pageNum=1&pageSize=10,1051,0,0
1777735451045,1048,获取帖子列表,200,,常规接口测试-50并发 1-16,text,true,,5517,179,43,48,http://localhost:8080/api/post/list?pageNum=1&pageSize=10,1025,0,0
1777735451804,296,用户注册,200,,常规接口测试-50并发 1-18,text,true,,725,253,43,48,http://localhost:8080/api/auth/register,271,0,0
1777735451738,366,高级筛选搜索,200,,常规接口测试-50并发 1-19,text,true,,5782,232,43,48,http://localhost:8080/api/post/list/filter?category=运动健身&pageNum=1&pageSize=10,341,0,1
1777735451816,295,用户登录,200,,常规接口测试-50并发 1-9,text,true,,319,218,43,48,http://localhost:8080/api/auth/login,267,0,0
1777735451755,367,关键词搜索,400,,常规接口测试-50并发 1-50,text,false,,332,183,43,48,http://localhost:8080/api/search/keyword?q=篮球,334,0,0
1777735451796,353,高级筛选搜索,200,,常规接口测试-50并发 1-36,text,true,,5782,232,43,48,http://localhost:8080/api/post/list/filter?category=运动健身&pageNum=1&pageSize=10,329,0,1
1777735451869,282,用户登录,200,,常规接口测试-50并发 1-33,text,true,,319,218,43,48,http://localhost:8080/api/auth/login,257,0,0
1777735451810,342,关键词搜索,400,,常规接口测试-50并发 1-38,text,false,,332,183,43,48,http://localhost:8080/api/search/keyword?q=篮球,316,0,0
1777735451181,984,获取帖子列表,200,,常规接口测试-50并发 1-22,text,true,,5517,179,43,48,http://localhost:8080/api/post/list?pageNum=1&pageSize=10,959,0,0
1777735451884,285,用户注册,200,,常规接口测试-50并发 1-14,text,true,,725,253,43,48,http://localhost:8080/api/auth/register,258,0,0
1777735451912,263,用户登录,200,,常规接口测试-50并发 1-17,text,true,,319,218,43,48,http://localhost:8080/api/auth/login,238,0,0
1777735451899,285,用户注册,200,,常规接口测试-50并发 1-34,text,true,,725,253,43,48,http://localhost:8080/api/auth/register,254,0,0
1777735451910,277,用户注册,200,,常规接口测试-50并发 1-35,text,true,,313,253,43,48,http://localhost:8080/api/auth/register,243,0,0
1777735451932,269,用户登录,200,,常规接口测试-50并发 1-13,text,true,,319,218,43,48,http://localhost:8080/api/auth/login,230,0,0
1777735451194,1006,获取帖子列表,200,,常规接口测试-50并发 1-41,text,true,,5517,179,43,48,http://localhost:8080/api/post/list?pageNum=1&pageSize=10,968,0,0
1777735451970,247,用户注册,200,,常规接口测试-50并发 1-47,text,true,,725,253,43,48,http://localhost:8080/api/auth/register,223,0,0
1777735451888,332,关键词搜索,400,,常规接口测试-50并发 1-39,text,false,,332,183,43,48,http://localhost:8080/api/search/keyword?q=篮球,309,0,0
1777735451830,391,高级筛选搜索,200,,常规接口测试-50并发 1-48,text,true,,5782,232,43,48,http://localhost:8080/api/post/list/filter?category=运动健身&pageNum=1&pageSize=10,368,0,1
1777735451223,1001,获取帖子列表,200,,常规接口测试-50并发 1-23,text,true,,5517,179,43,48,http://localhost:8080/api/post/list?pageNum=1&pageSize=10,979,0,0
1777735451875,364,高级筛选搜索,200,,常规接口测试-50并发 1-20,text,true,,5782,232,43,48,http://localhost:8080/api/post/list/filter?category=运动健身&pageNum=1&pageSize=10,336,0,0
1777735451863,385,高级筛选搜索,200,,常规接口测试-50并发 1-27,text,true,,5782,232,43,48,http://localhost:8080/api/post/list/filter?category=运动健身&pageNum=1&pageSize=10,353,0,1
1777735452024,235,用户注册,200,,常规接口测试-50并发 1-26,text,true,,725,253,43,48,http://localhost:8080/api/auth/register,210,0,0
1777735451976,284,关键词搜索,400,,常规接口测试-50并发 1-21,text,false,,332,183,43,48,http://localhost:8080/api/search/keyword?q=篮球,262,0,0
1777735452002,274,关键词搜索,400,,常规接口测试-50并发 1-15,text,false,,332,183,43,48,http://localhost:8080/api/search/keyword?q=篮球,253,0,0
1777735452054,223,用户登录,200,,常规接口测试-50并发 1-45,text,true,,319,218,43,48,http://localhost:8080/api/auth/login,202,0,0
1777735452006,274,关键词搜索,400,,常规接口测试-50并发 1-29,text,false,,332,183,43,48,http://localhost:8080/api/search/keyword?q=篮球,252,0,0
1777735452009,272,关键词搜索,400,,常规接口测试-50并发 1-28,text,false,,332,183,43,48,http://localhost:8080/api/search/keyword?q=篮球,250,0,0
1777735452075,215,用户登录,200,,常规接口测试-50并发 1-10,text,true,,319,218,43,48,http://localhost:8080/api/auth/login,192,0,0
1777735451420,879,获取帖子列表,200,,常规接口测试-50并发 1-31,text,true,,5517,179,43,48,http://localhost:8080/api/post/list?pageNum=1&pageSize=10,851,0,0
1777735452080,234,用户登录,200,,常规接口测试-50并发 1-46,text,true,,319,218,43,48,http://localhost:8080/api/auth/login,198,0,0
1777735452088,232,用户登录,200,,常规接口测试-50并发 1-25,text,true,,319,218,43,48,http://localhost:8080/api/auth/login,196,0,0
1777735451370,956,获取帖子列表,200,,常规接口测试-50并发 1-42,text,true,,5517,179,43,48,http://localhost:8080/api/post/list?pageNum=1&pageSize=10,922,0,0
1777735452100,229,用户登录,200,,常规接口测试-50并发 1-18,text,true,,319,218,43,48,http://localhost:8080/api/auth/login,193,0,0
1777735452059,282,关键词搜索,400,,常规接口测试-50并发 1-40,text,false,,332,183,43,48,http://localhost:8080/api/search/keyword?q=篮球,244,0,0
1777735452019,323,高级筛选搜索,200,,常规接口测试-50并发 1-37,text,true,,5782,232,43,48,http://localhost:8080/api/post/list/filter?category=运动健身&pageNum=1&pageSize=10,285,0,1
1777735452104,247,用户注册,200,,常规接口测试-50并发 1-19,text,true,,724,252,43,48,http://localhost:8080/api/auth/register,211,0,0
1777735452029,326,高级筛选搜索,200,,常规接口测试-50并发 1-11,text,true,,5782,232,43,48,http://localhost:8080/api/post/list/filter?category=运动健身&pageNum=1&pageSize=10,289,0,0
1777735452062,301,高级筛选搜索,200,,常规接口测试-50并发 1-49,text,true,,5782,232,43,48,http://localhost:8080/api/post/list/filter?category=运动健身&pageNum=1&pageSize=10,263,0,1
1777735452079,292,关键词搜索,400,,常规接口测试-50并发 1-8,text,false,,332,183,43,48,http://localhost:8080/api/search/keyword?q=篮球,251,0,0
1777735452090,302,关键词搜索,400,,常规接口测试-50并发 1-30,text,false,,332,183,43,48,http://localhost:8080/api/search/keyword?q=篮球,264,0,0
1777735452094,303,关键词搜索,400,,常规接口测试-50并发 1-16,text,false,,332,183,43,48,http://localhost:8080/api/search/keyword?q=篮球,266,0,0
1777735452150,262,用户注册,200,,常规接口测试-50并发 1-36,text,true,,725,253,43,48,http://localhost:8080/api/auth/register,234,0,0
1777735452170,253,用户登录,200,,常规接口测试-50并发 1-14,text,true,,319,218,43,48,http://localhost:8080/api/auth/login,225,0,0
1777735452184,248,用户登录,200,,常规接口测试-50并发 1-34,text,true,,319,218,43,48,http://localhost:8080/api/auth/login,218,0,0
1777735452187,246,用户登录,200,,常规接口测试-50并发 1-35,text,true,,319,218,43,48,http://localhost:8080/api/auth/login,219,0,0
1777735452122,333,高级筛选搜索,200,,常规接口测试-50并发 1-50,text,true,,5782,232,43,48,http://localhost:8080/api/post/list/filter?category=运动健身&pageNum=1&pageSize=10,304,0,0
1777735452217,246,用户登录,200,,常规接口测试-50并发 1-47,text,true,,319,218,43,48,http://localhost:8080/api/auth/login,218,0,0
1777735452166,312,关键词搜索,400,,常规接口测试-50并发 1-22,text,false,,332,183,43,48,http://localhost:8080/api/search/keyword?q=篮球,280,0,0
1777735452221,262,用户注册,200,,常规接口测试-50并发 1-48,text,true,,725,253,43,48,http://localhost:8080/api/auth/register,228,0,0
1777735452201,314,关键词搜索,400,,常规接口测试-50并发 1-41,text,false,,332,183,43,48,http://localhost:8080/api/search/keyword?q=篮球,268,0,0
1777735452239,278,用户注册,200,,常规接口测试-50并发 1-20,text,true,,724,252,43,48,http://localhost:8080/api/auth/register,232,0,0
1777735452226,295,关键词搜索,400,,常规接口测试-50并发 1-23,text,false,,332,183,43,48,http://localhost:8080/api/search/keyword?q=篮球,248,0,0
1777735452152,371,高级筛选搜索,200,,常规接口测试-50并发 1-38,text,true,,5782,232,43,48,http://localhost:8080/api/post/list/filter?category=运动健身&pageNum=1&pageSize=10,324,0,0
1777735452249,277,用户注册,200,,常规接口测试-50并发 1-27,text,true,,725,253,43,48,http://localhost:8080/api/auth/register,227,0,0
1777735451699,833,获取帖子列表,200,,常规接口测试-50并发 1-32,text,true,,5517,179,43,48,http://localhost:8080/api/post/list?pageNum=1&pageSize=10,782,0,0
1777735452259,285,用户登录,200,,常规接口测试-50并发 1-26,text,true,,319,218,43,48,http://localhost:8080/api/auth/login,232,0,0
1777735451725,868,获取帖子列表,200,,常规接口测试-50并发 1-24,text,true,,5517,179,43,48,http://localhost:8080/api/post/list?pageNum=1&pageSize=10,816,0,0
1777735451757,853,获取帖子列表,200,,常规接口测试-50并发 1-12,text,true,,5517,179,43,48,http://localhost:8080/api/post/list?pageNum=1&pageSize=10,806,0,0
1777735452220,403,高级筛选搜索,200,,常规接口测试-50并发 1-39,text,true,,5782,232,43,48,http://localhost:8080/api/post/list/filter?category=运动健身&pageNum=1&pageSize=10,362,0,1
1777735452261,380,高级筛选搜索,200,,常规接口测试-50并发 1-21,text,true,,5782,232,43,48,http://localhost:8080/api/post/list/filter?category=运动健身&pageNum=1&pageSize=10,348,0,0
1777735451744,908,获取帖子列表,200,,常规接口测试-50并发 1-43,text,true,,5517,179,43,48,http://localhost:8080/api/post/list?pageNum=1&pageSize=10,874,0,0
1777735452281,385,高级筛选搜索,200,,常规接口测试-50并发 1-28,text,true,,5782,232,43,48,http://localhost:8080/api/post/list/filter?category=运动健身&pageNum=1&pageSize=10,349,0,0
1777735452351,318,用户登录,200,,常规接口测试-50并发 1-19,text,true,,319,218,43,48,http://localhost:8080/api/auth/login,283,0,0
1777735452342,327,用户注册,200,,常规接口测试-50并发 1-37,text,true,,725,253,43,48,http://localhost:8080/api/auth/register,292,0,0
1777735452355,317,用户注册,200,,常规接口测试-50并发 1-11,text,true,,725,253,43,48,http://localhost:8080/api/auth/register,283,0,0
1777735452299,375,关键词搜索,400,,常规接口测试-50并发 1-31,text,false,,332,183,43,48,http://localhost:8080/api/search/keyword?q=篮球,340,0,0
1777735452363,315,用户注册,200,,常规接口测试-50并发 1-49,text,true,,721,251,43,48,http://localhost:8080/api/auth/register,281,0,0
1777735452280,412,高级筛选搜索,200,,常规接口测试-50并发 1-29,text,true,,5782,232,43,48,http://localhost:8080/api/post/list/filter?category=运动健身&pageNum=1&pageSize=10,378,0,0
1777735452276,427,高级筛选搜索,200,,常规接口测试-50并发 1-15,text,true,,5782,232,43,48,http://localhost:8080/api/post/list/filter?category=运动健身&pageNum=1&pageSize=10,388,0,0
1777735452326,387,关键词搜索,400,,常规接口测试-50并发 1-42,text,false,,332,183,43,48,http://localhost:8080/api/search/keyword?q=篮球,346,0,0
1777735452413,311,用户登录,200,,常规接口测试-50并发 1-36,text,true,,319,218,43,48,http://localhost:8080/api/auth/login,276,0,0
1777735452342,396,高级筛选搜索,200,,常规接口测试-50并发 1-40,text,true,,5782,232,43,48,http://localhost:8080/api/post/list/filter?category=运动健身&pageNum=1&pageSize=10,356,0,0
1777735452371,391,高级筛选搜索,200,,常规接口测试-50并发 1-8,text,true,,5782,232,43,48,http://localhost:8080/api/post/list/filter?category=运动健身&pageNum=1&pageSize=10,355,0,1
1777735452455,336,用户注册,200,,常规接口测试-50并发 1-50,text,true,,725,253,42,47,http://localhost:8080/api/auth/register,302,0,0
1777735452392,406,高级筛选搜索,200,,常规接口测试-50并发 1-30,text,true,,5782,232,42,47,http://localhost:8080/api/post/list/filter?category=运动健身&pageNum=1&pageSize=10,374,0,1
1777735452397,405,高级筛选搜索,200,,常规接口测试-50并发 1-16,text,true,,5782,232,42,47,http://localhost:8080/api/post/list/filter?category=运动健身&pageNum=1&pageSize=10,374,0,0
1777735452483,331,用户登录,200,,常规接口测试-50并发 1-48,text,true,,319,218,42,47,http://localhost:8080/api/auth/login,298,0,0
1777735452517,315,用户登录,200,,常规接口测试-50并发 1-20,text,true,,319,218,42,47,http://localhost:8080/api/auth/login,278,0,0
1777735452526,315,用户登录,200,,常规接口测试-50并发 1-27,text,true,,319,218,42,47,http://localhost:8080/api/auth/login,273,0,0
1777735452524,341,用户注册,200,,常规接口测试-50并发 1-38,text,true,,725,253,42,47,http://localhost:8080/api/auth/register,290,0,0
1777735452532,411,关键词搜索,400,,常规接口测试-50并发 1-32,text,false,,332,183,42,47,http://localhost:8080/api/search/keyword?q=篮球,370,0,0
1777735452623,333,用户注册,200,,常规接口测试-50并发 1-39,text,true,,725,253,42,47,http://localhost:8080/api/auth/register,291,0,0
1777735452667,299,用户注册,200,,常规接口测试-50并发 1-28,text,true,,725,253,42,47,http://localhost:8080/api/auth/register,258,0,0
1777735452478,490,高级筛选搜索,200,,常规接口测试-50并发 1-22,text,true,,5782,232,42,47,http://localhost:8080/api/post/list/filter?category=运动健身&pageNum=1&pageSize=10,453,0,1
1777735452593,388,关键词搜索,400,,常规接口测试-50并发 1-24,text,false,,332,183,42,47,http://localhost:8080/api/search/keyword?q=篮球,355,0,0
1777735452641,340,用户注册,200,,常规接口测试-50并发 1-21,text,true,,725,253,42,47,http://localhost:8080/api/auth/register,310,0,0
1777735452610,376,关键词搜索,400,,常规接口测试-50并发 1-12,text,false,,332,183,42,47,http://localhost:8080/api/search/keyword?q=篮球,343,0,0
1777735452669,320,用户登录,200,,常规接口测试-50并发 1-37,text,true,,319,218,42,47,http://localhost:8080/api/auth/login,289,0,0
1777735452672,319,用户登录,200,,常规接口测试-50并发 1-11,text,true,,319,218,42,47,http://localhost:8080/api/auth/login,289,0,0
1777735452515,479,高级筛选搜索,200,,常规接口测试-50并发 1-41,text,true,,5782,232,42,47,http://localhost:8080/api/post/list/filter?category=运动健身&pageNum=1&pageSize=10,448,0,1
1777735452679,322,用户登录,200,,常规接口测试-50并发 1-49,text,true,,319,218,42,47,http://localhost:8080/api/auth/login,290,0,0
1777735452522,482,高级筛选搜索,200,,常规接口测试-50并发 1-23,text,true,,5782,232,42,47,http://localhost:8080/api/post/list/filter?category=运动健身&pageNum=1&pageSize=10,449,0,0
1777735452692,318,用户注册,200,,常规接口测试-50并发 1-29,text,true,,725,253,42,47,http://localhost:8080/api/auth/register,287,0,0
1777735452030,982,获取帖子列表,200,,常规接口测试-50并发 1-44,text,true,,5517,179,42,47,http://localhost:8080/api/post/list?pageNum=1&pageSize=10,949,0,0
1777735452703,312,用户注册,200,,常规接口测试-50并发 1-15,text,true,,725,253,42,47,http://localhost:8080/api/auth/register,283,0,0
1777735452652,371,关键词搜索,400,,常规接口测试-50并发 1-43,text,false,,332,183,42,47,http://localhost:8080/api/search/keyword?q=篮球,339,0,0
1777735452738,323,用户注册,200,,常规接口测试-50并发 1-40,text,true,,725,253,42,47,http://localhost:8080/api/auth/register,288,0,0
1777735452112,961,获取帖子列表,200,,常规接口测试-50并发 1-9,text,true,,5517,179,42,47,http://localhost:8080/api/post/list?pageNum=1&pageSize=10,929,0,0
1777735452791,374,用户登录,200,,常规接口测试-50并发 1-50,text,true,,319,218,42,47,http://localhost:8080/api/auth/login,273,0,0
1777735452674,498,高级筛选搜索,200,,常规接口测试-50并发 1-31,text,true,,5782,232,42,47,http://localhost:8080/api/post/list/filter?category=运动健身&pageNum=1&pageSize=10,394,0,0
1777735452798,429,用户注册,200,,常规接口测试-50并发 1-30,text,true,,725,253,42,47,http://localhost:8080/api/auth/register,357,0,0
1777735452802,430,用户注册,200,,常规接口测试-50并发 1-16,text,true,,725,253,42,47,http://localhost:8080/api/auth/register,360,0,0
1777735452151,1102,获取帖子列表,200,,常规接口测试-50并发 1-33,text,true,,5517,179,42,47,http://localhost:8080/api/post/list?pageNum=1&pageSize=10,1045,0,0
1777735452865,395,用户登录,200,,常规接口测试-50并发 1-38,text,true,,319,218,42,47,http://localhost:8080/api/auth/login,353,0,0
1777735452713,549,高级筛选搜索,200,,常规接口测试-50并发 1-42,text,true,,5782,232,42,47,http://localhost:8080/api/post/list/filter?category=运动健身&pageNum=1&pageSize=10,508,0,1
1777735452176,1166,获取帖子列表,200,,常规接口测试-50并发 1-17,text,true,,5517,179,42,47,http://localhost:8080/api/post/list?pageNum=1&pageSize=10,1110,0,0
1777735452201,1143,获取帖子列表,200,,常规接口测试-50并发 1-13,text,true,,5517,179,42,47,http://localhost:8080/api/post/list?pageNum=1&pageSize=10,1087,0,0
1777735452956,388,用户登录,200,,常规接口测试-50并发 1-39,text,true,,319,218,42,47,http://localhost:8080/api/auth/login,332,0,0
1777735452966,406,用户登录,200,,常规接口测试-50并发 1-28,text,true,,319,218,42,47,http://localhost:8080/api/auth/login,357,0,0
1777735452968,419,用户注册,200,,常规接口测试-50并发 1-22,text,true,,723,253,42,47,http://localhost:8080/api/auth/register,366,0,0
1777735452981,411,用户登录,200,,常规接口测试-50并发 1-21,text,true,,319,218,42,47,http://localhost:8080/api/auth/login,356,0,0
1777735452994,464,用户注册,200,,常规接口测试-50并发 1-41,text,true,,725,253,42,47,http://localhost:8080/api/auth/register,402,0,0
1777735453010,452,用户登录,200,,常规接口测试-50并发 1-29,text,true,,319,218,42,47,http://localhost:8080/api/auth/login,393,0,0
1777735452943,525,高级筛选搜索,200,,常规接口测试-50并发 1-32,text,true,,5782,232,42,47,http://localhost:8080/api/post/list/filter?category=运动健身&pageNum=1&pageSize=10,480,0,1
1777735453015,454,用户登录,200,,常规接口测试-50并发 1-15,text,true,,319,218,42,47,http://localhost:8080/api/auth/login,411,0,0
1777735453004,466,用户注册,200,,常规接口测试-50并发 1-23,text,true,,725,253,42,47,http://localhost:8080/api/auth/register,428,0,0
1777735452320,1180,获取帖子列表,200,,常规接口测试-50并发 1-25,text,true,,5517,179,42,47,http://localhost:8080/api/post/list?pageNum=1&pageSize=10,1146,0,0
1777735453061,446,用户登录,200,,常规接口测试-50并发 1-40,text,true,,319,218,42,47,http://localhost:8080/api/auth/login,415,0,0
1777735452290,1228,获取帖子列表,200,,常规接口测试-50并发 1-10,text,true,,5517,179,42,47,http://localhost:8080/api/post/list?pageNum=1&pageSize=10,1192,0,0
1777735452277,1246,获取帖子列表,200,,常规接口测试-50并发 1-45,text,true,,5517,179,42,47,http://localhost:8080/api/post/list?pageNum=1&pageSize=10,1207,0,0
1777735453012,513,关键词搜索,400,,常规接口测试-50并发 1-44,text,false,,332,183,42,47,http://localhost:8080/api/search/keyword?q=篮球,472,0,0
1777735452329,1216,获取帖子列表,200,,常规接口测试-50并发 1-18,text,true,,5517,179,42,47,http://localhost:8080/api/post/list?pageNum=1&pageSize=10,1175,0,0
1777735452314,1233,获取帖子列表,200,,常规接口测试-50并发 1-46,text,true,,5517,179,42,47,http://localhost:8080/api/post/list?pageNum=1&pageSize=10,1192,0,0
1777735452981,566,高级筛选搜索,200,,常规接口测试-50并发 1-24,text,true,,5782,232,42,47,http://localhost:8080/api/post/list/filter?category=运动健身&pageNum=1&pageSize=10,526,0,1
1777735452986,568,高级筛选搜索,200,,常规接口测试-50并发 1-12,text,true,,5782,232,42,47,http://localhost:8080/api/post/list/filter?category=运动健身&pageNum=1&pageSize=10,531,0,0
1777735453172,397,用户注册,200,,常规接口测试-50并发 1-31,text,true,,724,252,42,47,http://localhost:8080/api/auth/register,361,0,0
1777735453227,365,用户登录,200,,常规接口测试-50并发 1-30,text,true,,319,218,42,47,http://localhost:8080/api/auth/login,319,0,0
1777735453023,581,高级筛选搜索,200,,常规接口测试-50并发 1-43,text,true,,5782,232,42,47,http://localhost:8080/api/post/list/filter?category=运动健身&pageNum=1&pageSize=10,527,0,1
1777735453233,375,用户登录,200,,常规接口测试-50并发 1-16,text,true,,319,218,42,47,http://localhost:8080/api/auth/login,317,0,0
1777735453073,547,关键词搜索,400,,常规接口测试-50并发 1-9,text,false,,332,183,42,47,http://localhost:8080/api/search/keyword?q=篮球,482,0,0
1777735453262,403,用户注册,200,,常规接口测试-50并发 1-42,text,true,,725,253,42,47,http://localhost:8080/api/auth/register,363,0,0
1777735452434,1238,获取帖子列表,200,,常规接口测试-50并发 1-35,text,true,,5517,179,42,47,http://localhost:8080/api/post/list?pageNum=1&pageSize=10,1205,0,0
1777735452463,1223,获取帖子列表,200,,常规接口测试-50并发 1-47,text,true,,5517,179,42,47,http://localhost:8080/api/post/list?pageNum=1&pageSize=10,1192,0,0
1777735452423,1264,获取帖子列表,200,,常规接口测试-50并发 1-14,text,true,,5517,179,42,47,http://localhost:8080/api/post/list?pageNum=1&pageSize=10,1232,0,0
1777735452432,1263,获取帖子列表,200,,常规接口测试-50并发 1-34,text,true,,5517,179,42,47,http://localhost:8080/api/post/list?pageNum=1&pageSize=10,1230,0,0
1777735453253,450,关键词搜索,400,,常规接口测试-50并发 1-33,text,false,,332,183,42,47,http://localhost:8080/api/search/keyword?q=篮球,414,0,0
1777735453388,350,用户登录,200,,常规接口测试-50并发 1-22,text,true,,319,218,42,47,http://localhost:8080/api/auth/login,316,0,0
1777735453468,282,用户注册,200,,常规接口测试-50并发 1-32,text,true,,725,253,42,47,http://localhost:8080/api/auth/register,248,0,0
1777735452545,1218,获取帖子列表,200,,常规接口测试-50并发 1-26,text,true,,5517,179,42,47,http://localhost:8080/api/post/list?pageNum=1&pageSize=10,1183,0,0
1777735453342,432,关键词搜索,400,,常规接口测试-50并发 1-17,text,false,,332,183,42,47,http://localhost:8080/api/search/keyword?q=篮球,396,0,0
1777735453459,318,用户登录,200,,常规接口测试-50并发 1-41,text,true,,319,218,42,47,http://localhost:8080/api/auth/login,282,0,0
1777735453344,436,关键词搜索,400,,常规接口测试-50并发 1-13,text,false,,332,183,42,47,http://localhost:8080/api/search/keyword?q=篮球,400,0,0
1777735453471,316,用户登录,200,,常规接口测试-50并发 1-23,text,true,,319,218,42,47,http://localhost:8080/api/auth/login,282,0,0
1777735452669,1157,获取帖子列表,200,,常规接口测试-50并发 1-19,text,true,,5517,179,42,47,http://localhost:8080/api/post/list?pageNum=1&pageSize=10,1109,0,0
1777735453547,397,用户注册,200,,常规接口测试-50并发 1-24,text,true,,725,253,42,47,http://localhost:8080/api/auth/register,310,0,0
1777735453570,383,用户登录,200,,常规接口测试-50并发 1-31,text,true,,319,218,42,47,http://localhost:8080/api/auth/login,339,0,0
1777735453500,457,关键词搜索,400,,常规接口测试-50并发 1-25,text,false,,332,183,42,47,http://localhost:8080/api/search/keyword?q=篮球,420,0,0
1777735453554,405,用户注册,200,,常规接口测试-50并发 1-12,text,true,,725,253,42,47,http://localhost:8080/api/auth/register,371,0,0
1777735453519,451,关键词搜索,400,,常规接口测试-50并发 1-10,text,false,,332,183,42,47,http://localhost:8080/api/search/keyword?q=篮球,416,0,0
1777735452724,1248,获取帖子列表,200,,常规接口测试-50并发 1-36,text,true,,5517,179,42,47,http://localhost:8080/api/post/list?pageNum=1&pageSize=10,1216,0,0
1777735453523,453,关键词搜索,400,,常规接口测试-50并发 1-45,text,false,,332,183,42,47,http://localhost:8080/api/search/keyword?q=篮球,419,0,0
1777735453605,380,用户注册,200,,常规接口测试-50并发 1-43,text,true,,725,253,42,47,http://localhost:8080/api/auth/register,347,0,0
1777735453545,445,关键词搜索,400,,常规接口测试-50并发 1-18,text,false,,332,183,42,47,http://localhost:8080/api/search/keyword?q=篮球,413,0,0
1777735453547,447,关键词搜索,400,,常规接口测试-50并发 1-46,text,false,,332,183,42,47,http://localhost:8080/api/search/keyword?q=篮球,413,0,0
1777735452832,1177,获取帖子列表,200,,常规接口测试-50并发 1-20,text,true,,5517,179,42,47,http://localhost:8080/api/post/list?pageNum=1&pageSize=10,1142,0,0
1777735453665,347,用户登录,200,,常规接口测试-50并发 1-42,text,true,,319,218,42,47,http://localhost:8080/api/auth/login,316,0,0
1777735453525,495,高级筛选搜索,200,,常规接口测试-50并发 1-44,text,true,,5782,232,42,47,http://localhost:8080/api/post/list/filter?category=运动健身&pageNum=1&pageSize=10,463,0,1
1777735452842,1190,获取帖子列表,200,,常规接口测试-50并发 1-27,text,true,,5517,179,42,47,http://localhost:8080/api/post/list?pageNum=1&pageSize=10,1159,0,0
1777735452815,1222,获取帖子列表,200,,常规接口测试-50并发 1-48,text,true,,5517,179,42,47,http://localhost:8080/api/post/list?pageNum=1&pageSize=10,1190,0,0
1777735453672,375,关键词搜索,400,,常规接口测试-50并发 1-35,text,false,,332,183,42,47,http://localhost:8080/api/search/keyword?q=篮球,342,0,0
1777735453620,439,高级筛选搜索,200,,常规接口测试-50并发 1-9,text,true,,5782,232,42,47,http://localhost:8080/api/post/list/filter?category=运动健身&pageNum=1&pageSize=10,408,0,1
1777735453686,403,关键词搜索,400,,常规接口测试-50并发 1-47,text,false,,332,183,41,46,http://localhost:8080/api/search/keyword?q=篮球,372,0,0
1777735453687,405,关键词搜索,400,,常规接口测试-50并发 1-14,text,false,,332,183,41,46,http://localhost:8080/api/search/keyword?q=篮球,374,0,0
1777735453751,347,用户登录,200,,常规接口测试-50并发 1-32,text,true,,319,218,41,46,http://localhost:8080/api/auth/login,313,0,0
1777735453695,421,关键词搜索,400,,常规接口测试-50并发 1-34,text,false,,332,183,41,46,http://localhost:8080/api/search/keyword?q=篮球,377,0,0
1777735452992,1174,获取帖子列表,200,,常规接口测试-50并发 1-11,text,true,,5517,179,41,46,http://localhost:8080/api/post/list?pageNum=1&pageSize=10,1135,0,0
1777735453001,1174,获取帖子列表,200,,常规接口测试-50并发 1-49,text,true,,5517,179,41,46,http://localhost:8080/api/post/list?pageNum=1&pageSize=10,1132,0,0
1777735452989,1204,获取帖子列表,200,,常规接口测试-50并发 1-37,text,true,,5517,179,41,46,http://localhost:8080/api/post/list?pageNum=1&pageSize=10,1152,0,0
1777735453703,503,高级筛选搜索,200,,常规接口测试-50并发 1-33,text,true,,5782,232,41,46,http://localhost:8080/api/post/list/filter?category=运动健身&pageNum=1&pageSize=10,446,0,0
1777735453763,447,关键词搜索,400,,常规接口测试-50并发 1-26,text,false,,332,183,41,46,http://localhost:8080/api/search/keyword?q=篮球,388,0,0
1777735453826,464,关键词搜索,400,,常规接口测试-50并发 1-19,text,false,,332,183,41,46,http://localhost:8080/api/search/keyword?q=篮球,404,0,0
1777735453944,354,用户登录,200,,常规接口测试-50并发 1-24,text,true,,319,218,41,46,http://localhost:8080/api/auth/login,294,0,0
1777735453959,349,用户登录,200,,常规接口测试-50并发 1-12,text,true,,319,218,41,46,http://localhost:8080/api/auth/login,297,0,0
1777735453774,550,高级筛选搜索,200,,常规接口测试-50并发 1-17,text,true,,5782,232,41,46,http://localhost:8080/api/post/list/filter?category=运动健身&pageNum=1&pageSize=10,511,0,1
1777735453780,552,高级筛选搜索,200,,常规接口测试-50并发 1-13,text,true,,5782,232,41,46,http://localhost:8080/api/post/list/filter?category=运动健身&pageNum=1&pageSize=10,516,0,0
1777735453986,352,用户登录,200,,常规接口测试-50并发 1-43,text,true,,319,218,41,46,http://localhost:8080/api/auth/login,318,0,0
1777735453165,1191,获取帖子列表,200,,常规接口测试-50并发 1-50,text,true,,5517,179,41,46,http://localhost:8080/api/post/list?pageNum=1&pageSize=10,1162,0,0
1777735454020,366,用户注册,200,,常规接口测试-50并发 1-44,text,true,,724,252,41,46,http://localhost:8080/api/auth/register,323,0,0
1777735453972,422,关键词搜索,400,,常规接口测试-50并发 1-36,text,false,,332,183,41,46,http://localhost:8080/api/search/keyword?q=篮球,375,0,0
1777735453957,458,高级筛选搜索,200,,常规接口测试-50并发 1-25,text,true,,5782,232,41,46,http://localhost:8080/api/post/list/filter?category=运动健身&pageNum=1&pageSize=10,406,0,1
1777735453970,477,高级筛选搜索,200,,常规接口测试-50并发 1-10,text,true,,5782,232,41,46,http://localhost:8080/api/post/list/filter?category=运动健身&pageNum=1&pageSize=10,421,0,1
1777735453260,1191,获取帖子列表,200,,常规接口测试-50并发 1-38,text,true,,5517,179,40,45,http://localhost:8080/api/post/list?pageNum=1&pageSize=10,1136,0,0
1777735453976,477,高级筛选搜索,200,,常规接口测试-50并发 1-45,text,true,,5782,232,40,45,http://localhost:8080/api/post/list/filter?category=运动健身&pageNum=1&pageSize=10,422,0,1
1777735453994,461,高级筛选搜索,200,,常规接口测试-50并发 1-46,text,true,,5782,232,40,45,http://localhost:8080/api/post/list/filter?category=运动健身&pageNum=1&pageSize=10,409,0,1
1777735454009,446,关键词搜索,400,,常规接口测试-50并发 1-20,text,false,,332,183,40,45,http://localhost:8080/api/search/keyword?q=篮球,395,0,0
1777735453990,468,高级筛选搜索,200,,常规接口测试-50并发 1-18,text,true,,5782,232,40,45,http://localhost:8080/api/post/list/filter?category=运动健身&pageNum=1&pageSize=10,420,0,1
1777735454033,433,关键词搜索,400,,常规接口测试-50并发 1-27,text,false,,332,183,40,45,http://localhost:8080/api/search/keyword?q=篮球,392,0,0
1777735454037,437,关键词搜索,400,,常规接口测试-50并发 1-48,text,false,,332,183,40,45,http://localhost:8080/api/search/keyword?q=篮球,412,0,0
1777735454047,470,高级筛选搜索,200,,常规接口测试-50并发 1-35,text,true,,5782,232,40,45,http://localhost:8080/api/post/list/filter?category=运动健身&pageNum=1&pageSize=10,431,0,0
1777735453392,1144,获取帖子列表,200,,常规接口测试-50并发 1-21,text,true,,5517,179,40,45,http://localhost:8080/api/post/list?pageNum=1&pageSize=10,1098,0,0
1777735453344,1194,获取帖子列表,200,,常规接口测试-50并发 1-39,text,true,,5517,179,40,45,http://localhost:8080/api/post/list?pageNum=1&pageSize=10,1148,0,0
1777735453372,1210,获取帖子列表,200,,常规接口测试-50并发 1-28,text,true,,5517,179,40,45,http://localhost:8080/api/post/list?pageNum=1&pageSize=10,1172,0,0
1777735454206,377,用户注册,200,,常规接口测试-50并发 1-33,text,true,,725,253,40,45,http://localhost:8080/api/auth/register,340,0,0
1777735454089,509,高级筛选搜索,200,,常规接口测试-50并发 1-47,text,true,,5782,232,40,45,http://localhost:8080/api/post/list/filter?category=运动健身&pageNum=1&pageSize=10,477,0,1
1777735454167,438,关键词搜索,400,,常规接口测试-50并发 1-11,text,false,,332,183,40,45,http://localhost:8080/api/search/keyword?q=篮球,409,0,0
1777735454175,435,关键词搜索,400,,常规接口测试-50并发 1-49,text,false,,332,183,40,45,http://localhost:8080/api/search/keyword?q=篮球,402,0,0
1777735454116,499,高级筛选搜索,200,,常规接口测试-50并发 1-34,text,true,,5782,232,40,45,http://localhost:8080/api/post/list/filter?category=运动健身&pageNum=1&pageSize=10,465,0,1
1777735454193,435,关键词搜索,400,,常规接口测试-50并发 1-37,text,false,,332,183,40,45,http://localhost:8080/api/search/keyword?q=篮球,396,0,0
1777735453469,1163,获取帖子列表,200,,常规接口测试-50并发 1-15,text,true,,5517,179,40,45,http://localhost:8080/api/post/list?pageNum=1&pageSize=10,1122,0,0
1777735454093,550,高级筛选搜索,200,,常规接口测试-50并发 1-14,text,true,,5782,232,40,45,http://localhost:8080/api/post/list/filter?category=运动健身&pageNum=1&pageSize=10,503,0,0
1777735453462,1190,获取帖子列表,200,,常规接口测试-50并发 1-29,text,true,,5517,179,40,45,http://localhost:8080/api/post/list?pageNum=1&pageSize=10,1139,0,0
1777735454332,343,用户注册,200,,常规接口测试-50并发 1-13,text,true,,725,253,40,45,http://localhost:8080/api/auth/register,293,0,0
1777735454324,353,用户注册,200,,常规接口测试-50并发 1-17,text,true,,723,253,40,45,http://localhost:8080/api/auth/register,303,0,0
1777735454210,494,高级筛选搜索,200,,常规接口测试-50并发 1-26,text,true,,5782,232,40,45,http://localhost:8080/api/post/list/filter?category=运动健身&pageNum=1&pageSize=10,447,0,1
1777735453507,1212,获取帖子列表,200,,常规接口测试-50并发 1-40,text,true,,5517,179,40,45,http://localhost:8080/api/post/list?pageNum=1&pageSize=10,1176,0,0
1777735454387,333,用户登录,200,,常规接口测试-50并发 1-44,text,true,,319,218,40,45,http://localhost:8080/api/auth/login,297,0,0
1777735454290,430,高级筛选搜索,200,,常规接口测试-50并发 1-19,text,true,,5782,232,40,45,http://localhost:8080/api/post/list/filter?category=运动健身&pageNum=1&pageSize=10,396,0,1
1777735453593,1143,获取帖子列表,200,,常规接口测试-50并发 1-30,text,true,,5517,179,40,45,http://localhost:8080/api/post/list?pageNum=1&pageSize=10,1121,0,0
1777735454416,325,用户注册,200,,常规接口测试-50并发 1-25,text,true,,725,253,40,45,http://localhost:8080/api/auth/register,302,0,0
1777735453609,1138,获取帖子列表,200,,常规接口测试-50并发 1-16,text,true,,5517,179,40,45,http://localhost:8080/api/post/list?pageNum=1&pageSize=10,1114,0,0
1777735454356,395,关键词搜索,400,,常规接口测试-50并发 1-50,text,false,,332,183,40,45,http://localhost:8080/api/search/keyword?q=篮球,369,0,0
1777735454453,308,用户注册,200,,常规接口测试-50并发 1-45,text,true,,725,253,40,45,http://localhost:8080/api/auth/register,278,0,0
1777735454455,309,用户注册,200,,常规接口测试-50并发 1-46,text,true,,725,253,40,45,http://localhost:8080/api/auth/register,279,0,0
1777735454458,309,用户注册,200,,常规接口测试-50并发 1-18,text,true,,725,253,40,45,http://localhost:8080/api/auth/register,279,0,0
1777735454394,387,高级筛选搜索,200,,常规接口测试-50并发 1-36,text,true,,5782,232,40,45,http://localhost:8080/api/post/list/filter?category=运动健身&pageNum=1&pageSize=10,355,0,1
1777735454451,354,关键词搜索,400,,常规接口测试-50并发 1-38,text,false,,332,183,40,45,http://localhost:8080/api/search/keyword?q=篮球,325,0,0
1777735453739,1067,获取帖子列表,200,,常规接口测试-50并发 1-22,text,true,,5517,179,40,45,http://localhost:8080/api/post/list?pageNum=1&pageSize=10,1041,0,0
1777735454455,361,高级筛选搜索,200,,常规接口测试-50并发 1-20,text,true,,5782,232,40,45,http://localhost:8080/api/post/list/filter?category=运动健身&pageNum=1&pageSize=10,335,0,0
1777735454517,301,用户注册,200,,常规接口测试-50并发 1-35,text,true,,725,253,40,45,http://localhost:8080/api/auth/register,274,0,0
1777735454466,356,高级筛选搜索,200,,常规接口测试-50并发 1-27,text,true,,5782,232,40,45,http://localhost:8080/api/post/list/filter?category=运动健身&pageNum=1&pageSize=10,329,0,1
1777735454474,363,高级筛选搜索,200,,常规接口测试-50并发 1-48,text,true,,5782,232,40,45,http://localhost:8080/api/post/list/filter?category=运动健身&pageNum=1&pageSize=10,336,0,1
1777735453787,1051,获取帖子列表,200,,常规接口测试-50并发 1-23,text,true,,5517,179,40,45,http://localhost:8080/api/post/list?pageNum=1&pageSize=10,1024,0,0
1777735453777,1067,获取帖子列表,200,,常规接口测试-50并发 1-41,text,true,,5517,179,40,45,http://localhost:8080/api/post/list?pageNum=1&pageSize=10,1046,0,0
1777735454584,262,用户登录,200,,常规接口测试-50并发 1-33,text,true,,319,218,40,45,http://localhost:8080/api/auth/login,242,0,0
1777735454537,316,关键词搜索,400,,常规接口测试-50并发 1-21,text,false,,332,183,40,45,http://localhost:8080/api/search/keyword?q=篮球,301,0,0
1777735454598,256,用户注册,200,,常规接口测试-50并发 1-47,text,true,,725,253,40,45,http://localhost:8080/api/auth/register,241,0,0
1777735454539,317,关键词搜索,400,,常规接口测试-50并发 1-39,text,false,,332,183,40,45,http://localhost:8080/api/search/keyword?q=篮球,303,0,0
1777735454615,249,用户注册,200,,常规接口测试-50并发 1-34,text,true,,721,253,40,45,http://localhost:8080/api/auth/register,234,0,0
1777735454643,227,用户注册,200,,常规接口测试-50并发 1-14,text,true,,719,253,40,45,http://localhost:8080/api/auth/register,212,0,0
1777735453954,918,获取帖子列表,200,,常规接口测试-50并发 1-31,text,true,,5517,179,40,45,http://localhost:8080/api/post/list?pageNum=1&pageSize=10,902,0,0
1777735454582,293,关键词搜索,400,,常规接口测试-50并发 1-28,text,false,,332,183,40,45,http://localhost:8080/api/search/keyword?q=篮球,280,0,0
1777735454632,245,关键词搜索,400,,常规接口测试-50并发 1-15,text,false,,332,183,40,45,http://localhost:8080/api/search/keyword?q=篮球,231,0,0
1777735454676,202,用户登录,200,,常规接口测试-50并发 1-13,text,true,,319,218,40,45,http://localhost:8080/api/auth/login,189,0,0
1777735454677,202,用户登录,200,,常规接口测试-50并发 1-17,text,true,,319,218,40,45,http://localhost:8080/api/auth/login,188,0,0
1777735454012,873,获取帖子列表,200,,常规接口测试-50并发 1-42,text,true,,5517,179,40,45,http://localhost:8080/api/post/list?pageNum=1&pageSize=10,858,0,0
1777735454605,282,高级筛选搜索,200,,常规接口测试-50并发 1-11,text,true,,5782,232,40,45,http://localhost:8080/api/post/list/filter?category=运动健身&pageNum=1&pageSize=10,267,0,0
1777735454610,278,高级筛选搜索,200,,常规接口测试-50并发 1-49,text,true,,5782,232,39,44,http://localhost:8080/api/post/list/filter?category=运动健身&pageNum=1&pageSize=10,262,0,1
1777735454704,187,用户注册,200,,常规接口测试-50并发 1-26,text,true,,725,253,39,44,http://localhost:8080/api/auth/register,171,0,0
1777735454629,269,高级筛选搜索,200,,常规接口测试-50并发 1-37,text,true,,5782,232,39,44,http://localhost:8080/api/post/list/filter?category=运动健身&pageNum=1&pageSize=10,252,0,0
1777735454652,246,关键词搜索,400,,常规接口测试-50并发 1-29,text,false,,332,183,39,44,http://localhost:8080/api/search/keyword?q=篮球,229,0,0
1777735454720,181,用户注册,200,,常规接口测试-50并发 1-19,text,true,,724,252,39,44,http://localhost:8080/api/auth/register,167,0,0
1777735454764,141,用户登录,200,,常规接口测试-50并发 1-46,text,true,,319,218,39,44,http://localhost:8080/api/auth/login,141,0,0
1777735454741,168,用户登录,200,,常规接口测试-50并发 1-25,text,true,,319,218,39,44,http://localhost:8080/api/auth/login,156,0,0
1777735454098,813,获取帖子列表,200,,常规接口测试-50并发 1-32,text,true,,5517,179,39,44,http://localhost:8080/api/post/list?pageNum=1&pageSize=10,800,0,0
1777735454761,160,用户登录,200,,常规接口测试-50并发 1-45,text,true,,319,218,39,44,http://localhost:8080/api/auth/login,144,0,0
1777735454719,206,关键词搜索,400,,常规接口测试-50并发 1-40,text,false,,332,183,39,44,http://localhost:8080/api/search/keyword?q=篮球,188,0,0
1777735454768,161,用户登录,200,,常规接口测试-50并发 1-18,text,true,,319,218,39,44,http://localhost:8080/api/auth/login,142,0,0
1777735454737,199,关键词搜索,400,,常规接口测试-50并发 1-30,text,false,,332,183,39,44,http://localhost:8080/api/search/keyword?q=篮球,185,0,0
1777735454781,156,用户注册,200,,常规接口测试-50并发 1-36,text,true,,725,253,39,44,http://localhost:8080/api/auth/register,142,0,0
1777735454747,191,关键词搜索,400,,常规接口测试-50并发 1-16,text,false,,332,183,39,44,http://localhost:8080/api/search/keyword?q=篮球,179,0,0
1777735454818,138,用户登录,200,,常规接口测试-50并发 1-35,text,true,,319,218,39,44,http://localhost:8080/api/auth/login,117,0,0
1777735454816,141,用户注册,200,,常规接口测试-50并发 1-20,text,true,,725,253,39,44,http://localhost:8080/api/auth/register,121,0,0
1777735454822,146,用户注册,200,,常规接口测试-50并发 1-27,text,true,,722,250,39,44,http://localhost:8080/api/auth/register,120,0,0
1777735454298,673,获取帖子列表,200,,常规接口测试-50并发 1-24,text,true,,5517,179,39,44,http://localhost:8080/api/post/list?pageNum=1&pageSize=10,645,0,0
1777735454309,666,获取帖子列表,200,,常规接口测试-50并发 1-12,text,true,,5517,179,39,44,http://localhost:8080/api/post/list?pageNum=1&pageSize=10,639,0,0
1777735454838,140,用户注册,200,,常规接口测试-50并发 1-48,text,true,,313,253,39,44,http://localhost:8080/api/auth/register,115,0,0
1777735454751,227,高级筛选搜索,200,,常规接口测试-50并发 1-50,text,true,,5782,232,39,44,http://localhost:8080/api/post/list/filter?category=运动健身&pageNum=1&pageSize=10,203,0,0
1777735454338,648,获取帖子列表,200,,常规接口测试-50并发 1-43,text,true,,5517,179,39,44,http://localhost:8080/api/post/list?pageNum=1&pageSize=10,626,0,0
1777735454807,182,关键词搜索,400,,常规接口测试-50并发 1-22,text,false,,332,183,39,44,http://localhost:8080/api/search/keyword?q=篮球,160,0,0
1777735454854,145,用户登录,200,,常规接口测试-50并发 1-47,text,true,,319,218,39,44,http://localhost:8080/api/auth/login,122,0,0
1777735454806,200,高级筛选搜索,200,,常规接口测试-50并发 1-38,text,true,,5782,232,39,44,http://localhost:8080/api/post/list/filter?category=运动健身&pageNum=1&pageSize=10,174,0,0
1777735454864,155,用户登录,200,,常规接口测试-50并发 1-34,text,true,,319,218,39,44,http://localhost:8080/api/auth/login,124,0,0
1777735454838,189,关键词搜索,400,,常规接口测试-50并发 1-23,text,false,,332,183,39,44,http://localhost:8080/api/search/keyword?q=篮球,155,0,0
1777735454870,165,用户登录,200,,常规接口测试-50并发 1-14,text,true,,319,218,39,44,http://localhost:8080/api/auth/login,135,0,0
1777735454844,192,关键词搜索,400,,常规接口测试-50并发 1-41,text,false,,332,183,39,44,http://localhost:8080/api/search/keyword?q=篮球,162,0,0
1777735454854,206,高级筛选搜索,200,,常规接口测试-50并发 1-21,text,true,,5782,232,39,44,http://localhost:8080/api/post/list/filter?category=运动健身&pageNum=1&pageSize=10,175,0,1
1777735454872,190,关键词搜索,400,,常规接口测试-50并发 1-31,text,false,,332,183,39,44,http://localhost:8080/api/search/keyword?q=篮球,158,0,0
1777735454892,181,用户登录,200,,常规接口测试-50并发 1-26,text,true,,319,218,39,44,http://localhost:8080/api/auth/login,155,0,0
1777735454889,188,用户注册,200,,常规接口测试-50并发 1-49,text,true,,722,252,39,44,http://localhost:8080/api/auth/register,164,0,0
1777735454857,227,高级筛选搜索,200,,常规接口测试-50并发 1-39,text,true,,5782,232,39,44,http://localhost:8080/api/post/list/filter?category=运动健身&pageNum=1&pageSize=10,201,0,0
1777735454899,200,用户注册,200,,常规接口测试-50并发 1-37,text,true,,725,253,39,44,http://localhost:8080/api/auth/register,173,0,0
1777735454902,199,用户登录,200,,常规接口测试-50并发 1-19,text,true,,319,218,39,44,http://localhost:8080/api/auth/login,173,0,0
1777735454885,231,关键词搜索,400,,常规接口测试-50并发 1-42,text,false,,332,183,39,44,http://localhost:8080/api/search/keyword?q=篮球,202,0,0
1777735454875,248,高级筛选搜索,200,,常规接口测试-50并发 1-28,text,true,,5782,232,39,44,http://localhost:8080/api/post/list/filter?category=运动健身&pageNum=1&pageSize=10,219,0,1
1777735454877,252,高级筛选搜索,200,,常规接口测试-50并发 1-15,text,true,,5782,232,39,44,http://localhost:8080/api/post/list/filter?category=运动健身&pageNum=1&pageSize=10,220,0,1
1777735454911,279,关键词搜索,400,,常规接口测试-50并发 1-32,text,false,,332,183,39,44,http://localhost:8080/api/search/keyword?q=篮球,241,0,0
1777735454937,253,用户登录,200,,常规接口测试-50并发 1-36,text,true,,319,218,39,44,http://localhost:8080/api/auth/login,216,0,0
1777735454899,299,高级筛选搜索,200,,常规接口测试-50并发 1-29,text,true,,5782,232,39,44,http://localhost:8080/api/post/list/filter?category=运动健身&pageNum=1&pageSize=10,263,0,0
1777735454957,262,用户登录,200,,常规接口测试-50并发 1-20,text,true,,319,218,39,44,http://localhost:8080/api/auth/login,228,0,0
1777735454968,261,用户登录,200,,常规接口测试-50并发 1-27,text,true,,319,218,39,44,http://localhost:8080/api/auth/login,226,0,0
1777735454978,265,用户登录,200,,常规接口测试-50并发 1-48,text,true,,319,218,39,44,http://localhost:8080/api/auth/login,234,0,0
1777735454978,270,用户注册,200,,常规接口测试-50并发 1-50,text,true,,313,253,39,44,http://localhost:8080/api/auth/register,238,0,0
1777735454925,329,高级筛选搜索,200,,常规接口测试-50并发 1-40,text,true,,5782,232,39,44,http://localhost:8080/api/post/list/filter?category=运动健身&pageNum=1&pageSize=10,297,0,0
1777735455006,287,用户注册,200,,常规接口测试-50并发 1-38,text,true,,725,253,39,44,http://localhost:8080/api/auth/register,252,0,0
1777735454971,326,关键词搜索,400,,常规接口测试-50并发 1-24,text,false,,332,183,39,44,http://localhost:8080/api/search/keyword?q=篮球,291,0,0
1777735454936,363,高级筛选搜索,200,,常规接口测试-50并发 1-30,text,true,,5782,232,39,44,http://localhost:8080/api/post/list/filter?category=运动健身&pageNum=1&pageSize=10,329,0,1
1777735454976,330,关键词搜索,400,,常规接口测试-50并发 1-12,text,false,,332,183,39,44,http://localhost:8080/api/search/keyword?q=篮球,294,0,0
1777735454986,321,关键词搜索,400,,常规接口测试-50并发 1-43,text,false,,332,183,39,44,http://localhost:8080/api/search/keyword?q=篮球,289,0,0
1777735454938,378,高级筛选搜索,200,,常规接口测试-50并发 1-16,text,true,,5782,232,39,44,http://localhost:8080/api/post/list/filter?category=运动健身&pageNum=1&pageSize=10,346,0,1
1777735455060,285,用户注册,200,,常规接口测试-50并发 1-21,text,true,,725,253,39,44,http://localhost:8080/api/auth/register,253,0,0
1777735454989,365,高级筛选搜索,200,,常规接口测试-50并发 1-22,text,true,,5782,232,39,44,http://localhost:8080/api/post/list/filter?category=运动健身&pageNum=1&pageSize=10,334,0,0
1777735455077,293,用户登录,200,,常规接口测试-50并发 1-49,text,true,,319,218,39,44,http://localhost:8080/api/auth/login,258,0,0
1777735455099,286,用户登录,200,,常规接口测试-50并发 1-37,text,true,,319,218,39,44,http://localhost:8080/api/auth/login,247,0,0
1777735455084,306,用户注册,200,,常规接口测试-50并发 1-39,text,true,,725,253,39,44,http://localhost:8080/api/auth/register,267,0,0
1777735455123,319,用户注册,200,,常规接口测试-50并发 1-28,text,true,,725,253,39,44,http://localhost:8080/api/auth/register,276,0,0
1777735455130,320,用户注册,200,,常规接口测试-50并发 1-15,text,true,,725,253,39,44,http://localhost:8080/api/auth/register,278,0,0
1777735455027,441,高级筛选搜索,200,,常规接口测试-50并发 1-23,text,true,,5782,232,39,44,http://localhost:8080/api/post/list/filter?category=运动健身&pageNum=1&pageSize=10,408,0,1
1777735455036,447,高级筛选搜索,200,,常规接口测试-50并发 1-41,text,true,,5782,232,39,44,http://localhost:8080/api/post/list/filter?category=运动健身&pageNum=1&pageSize=10,418,0,1
1777735454720,766,获取帖子列表,200,,常规接口测试-50并发 1-44,text,true,,5517,179,39,44,http://localhost:8080/api/post/list?pageNum=1&pageSize=10,734,0,0
1777735455199,303,用户注册,200,,常规接口测试-50并发 1-29,text,true,,725,253,39,44,http://localhost:8080/api/auth/register,277,0,0
1777735455062,443,高级筛选搜索,200,,常规接口测试-50并发 1-31,text,true,,5782,232,39,44,http://localhost:8080/api/post/list/filter?category=运动健身&pageNum=1&pageSize=10,418,0,0
1777735455294,215,用户登录,200,,常规接口测试-50并发 1-38,text,true,,319,218,39,44,http://localhost:8080/api/auth/login,189,0,0
1777735455248,271,用户登录,200,,常规接口测试-50并发 1-50,text,true,,319,218,39,44,http://localhost:8080/api/auth/login,245,0,0
1777735455254,291,用户注册,200,,常规接口测试-50并发 1-40,text,true,,725,253,39,44,http://localhost:8080/api/auth/register,258,0,0
1777735455117,465,高级筛选搜索,200,,常规接口测试-50并发 1-42,text,true,,5782,232,39,44,http://localhost:8080/api/post/list/filter?category=运动健身&pageNum=1&pageSize=10,437,0,0
1777735455300,285,用户注册,200,,常规接口测试-50并发 1-30,text,true,,725,253,39,44,http://localhost:8080/api/auth/register,258,0,0
1777735455316,291,用户注册,200,,常规接口测试-50并发 1-16,text,true,,723,253,39,44,http://localhost:8080/api/auth/register,262,0,0
1777735455354,261,用户注册,200,,常规接口测试-50并发 1-22,text,true,,725,253,39,44,http://localhost:8080/api/auth/register,233,0,0
1777735455345,274,用户登录,200,,常规接口测试-50并发 1-21,text,true,,319,218,39,44,http://localhost:8080/api/auth/login,246,0,0
1777735455190,452,高级筛选搜索,200,,常规接口测试-50并发 1-32,text,true,,5782,232,39,44,http://localhost:8080/api/post/list/filter?category=运动健身&pageNum=1&pageSize=10,422,0,1
1777735455390,259,用户登录,200,,常规接口测试-50并发 1-39,text,true,,319,218,39,44,http://localhost:8080/api/auth/login,227,0,0
1777735455450,227,用户登录,200,,常规接口测试-50并发 1-15,text,true,,319,218,39,44,http://localhost:8080/api/auth/login,188,0,0
1777735455443,268,用户登录,200,,常规接口测试-50并发 1-28,text,true,,319,218,39,44,http://localhost:8080/api/auth/login,218,0,0
1777735455469,276,用户注册,200,,常规接口测试-50并发 1-23,text,true,,725,253,39,44,http://localhost:8080/api/auth/register,247,0,0
1777735455297,466,高级筛选搜索,200,,常规接口测试-50并发 1-24,text,true,,5782,232,39,44,http://localhost:8080/api/post/list/filter?category=运动健身&pageNum=1&pageSize=10,439,0,1
1777735455483,284,用户注册,200,,常规接口测试-50并发 1-41,text,true,,723,253,39,44,http://localhost:8080/api/auth/register,256,0,0
1777735455502,270,用户登录,200,,常规接口测试-50并发 1-29,text,true,,319,218,39,44,http://localhost:8080/api/auth/login,241,0,0
1777735454846,937,获取帖子列表,200,,常规接口测试-50并发 1-33,text,true,,5517,179,39,44,http://localhost:8080/api/post/list?pageNum=1&pageSize=10,908,0,0
1777735455306,480,高级筛选搜索,200,,常规接口测试-50并发 1-12,text,true,,5782,232,39,44,http://localhost:8080/api/post/list/filter?category=运动健身&pageNum=1&pageSize=10,452,0,1
1777735455307,480,高级筛选搜索,200,,常规接口测试-50并发 1-43,text,true,,5782,232,39,44,http://localhost:8080/api/post/list/filter?category=运动健身&pageNum=1&pageSize=10,453,0,1
1777735455505,284,用户注册,200,,常规接口测试-50并发 1-31,text,true,,725,253,38,43,http://localhost:8080/api/auth/register,255,0,0
1777735455486,316,关键词搜索,400,,常规接口测试-50并发 1-44,text,false,,332,183,38,43,http://localhost:8080/api/search/keyword?q=篮球,283,0,0
1777735455545,262,用户登录,200,,常规接口测试-50并发 1-40,text,true,,319,218,38,43,http://localhost:8080/api/auth/login,230,0,0
1777735455585,298,用户登录,200,,常规接口测试-50并发 1-30,text,true,,319,218,38,43,http://localhost:8080/api/auth/login,239,0,0
1777735455582,311,用户注册,200,,常规接口测试-50并发 1-42,text,true,,725,253,38,43,http://localhost:8080/api/auth/register,248,0,0
1777735454879,1024,获取帖子列表,200,,常规接口测试-50并发 1-17,text,true,,5517,179,38,43,http://localhost:8080/api/post/list?pageNum=1&pageSize=10,978,0,0
1777735455607,305,用户登录,200,,常规接口测试-50并发 1-16,text,true,,319,218,38,43,http://localhost:8080/api/auth/login,267,0,0
1777735455615,303,用户登录,200,,常规接口测试-50并发 1-22,text,true,,319,218,38,43,http://localhost:8080/api/auth/login,272,0,0
1777735454878,1056,获取帖子列表,200,,常规接口测试-50并发 1-13,text,true,,5517,179,38,43,http://localhost:8080/api/post/list?pageNum=1&pageSize=10,1028,0,0
1777735455642,312,用户注册,200,,常规接口测试-50并发 1-32,text,true,,725,253,38,43,http://localhost:8080/api/auth/register,283,0,0
1777735454906,1102,获取帖子列表,200,,常规接口测试-50并发 1-46,text,true,,5517,179,38,43,http://localhost:8080/api/post/list?pageNum=1&pageSize=10,1069,0,0
1777735454909,1116,获取帖子列表,200,,常规接口测试-50并发 1-25,text,true,,5517,179,38,43,http://localhost:8080/api/post/list?pageNum=1&pageSize=10,1084,0,0
1777735455746,282,用户登录,200,,常规接口测试-50并发 1-23,text,true,,319,218,38,43,http://localhost:8080/api/auth/login,250,0,0
1777735455767,280,用户登录,200,,常规接口测试-50并发 1-41,text,true,,319,218,38,43,http://localhost:8080/api/auth/login,251,0,0
1777735454921,1127,获取帖子列表,200,,常规接口测试-50并发 1-45,text,true,,5517,179,38,43,http://localhost:8080/api/post/list?pageNum=1&pageSize=10,1098,0,0
1777735455764,293,用户注册,200,,常规接口测试-50并发 1-24,text,true,,725,253,38,43,http://localhost:8080/api/auth/register,262,0,0
1777735455790,274,用户登录,200,,常规接口测试-50并发 1-31,text,true,,319,218,38,43,http://localhost:8080/api/auth/login,247,0,0
1777735455787,288,用户注册,200,,常规接口测试-50并发 1-43,text,true,,725,253,38,43,http://localhost:8080/api/auth/register,263,0,0
1777735454929,1157,获取帖子列表,200,,常规接口测试-50并发 1-18,text,true,,5517,179,38,43,http://localhost:8080/api/post/list?pageNum=1&pageSize=10,1132,0,0
1777735455784,310,关键词搜索,400,,常规接口测试-50并发 1-33,text,false,,332,183,38,43,http://localhost:8080/api/search/keyword?q=篮球,285,0,0
1777735455893,311,用户登录,200,,常规接口测试-50并发 1-42,text,true,,319,218,38,43,http://localhost:8080/api/auth/login,211,0,0
1777735455903,382,关键词搜索,400,,常规接口测试-50并发 1-17,text,false,,332,183,38,43,http://localhost:8080/api/search/keyword?q=篮球,335,0,0
1777735455954,340,用户登录,200,,常规接口测试-50并发 1-32,text,true,,319,218,38,43,http://localhost:8080/api/auth/login,309,0,0
1777735454956,1349,获取帖子列表,200,,常规接口测试-50并发 1-35,text,true,,5517,179,38,43,http://localhost:8080/api/post/list?pageNum=1&pageSize=10,1322,0,0
1777735455934,403,关键词搜索,400,,常规接口测试-50并发 1-13,text,false,,332,183,38,43,http://localhost:8080/api/search/keyword?q=篮球,357,0,0
1777735455802,564,高级筛选搜索,200,,常规接口测试-50并发 1-44,text,true,,5782,232,38,43,http://localhost:8080/api/post/list/filter?category=运动健身&pageNum=1&pageSize=10,500,0,0
1777735455019,1425,获取帖子列表,200,,常规接口测试-50并发 1-34,text,true,,5517,179,38,43,http://localhost:8080/api/post/list?pageNum=1&pageSize=10,1364,0,0
1777735454999,1454,获取帖子列表,200,,常规接口测试-50并发 1-47,text,true,,5517,179,38,43,http://localhost:8080/api/post/list?pageNum=1&pageSize=10,1396,0,0
1777735456008,460,关键词搜索,400,,常规接口测试-50并发 1-46,text,false,,332,183,38,43,http://localhost:8080/api/search/keyword?q=篮球,413,0,0
1777735455035,1446,获取帖子列表,200,,常规接口测试-50并发 1-14,text,true,,5517,179,38,43,http://localhost:8080/api/post/list?pageNum=1&pageSize=10,1406,0,0
1777735456057,429,用户登录,200,,常规接口测试-50并发 1-24,text,true,,319,218,38,43,http://localhost:8080/api/auth/login,389,0,0
1777735456025,493,关键词搜索,400,,常规接口测试-50并发 1-25,text,false,,332,183,38,43,http://localhost:8080/api/search/keyword?q=篮球,440,0,0
1777735456075,460,用户登录,200,,常规接口测试-50并发 1-43,text,true,,319,218,38,43,http://localhost:8080/api/auth/login,400,0,0
1777735456048,512,关键词搜索,400,,常规接口测试-50并发 1-45,text,false,,332,183,38,43,http://localhost:8080/api/search/keyword?q=篮球,452,0,0
1777735455073,1490,获取帖子列表,200,,常规接口测试-50并发 1-26,text,true,,5517,179,38,43,http://localhost:8080/api/post/list?pageNum=1&pageSize=10,1429,0,0
1777735456086,548,关键词搜索,400,,常规接口测试-50并发 1-18,text,false,,332,183,38,43,http://localhost:8080/api/search/keyword?q=篮球,488,0,0
1777735455219,1418,获取帖子列表,200,,常规接口测试-50并发 1-20,text,true,,5517,179,38,43,http://localhost:8080/api/post/list?pageNum=1&pageSize=10,1358,0,0
1777735455101,1556,获取帖子列表,200,,常规接口测试-50并发 1-19,text,true,,5517,179,38,43,http://localhost:8080/api/post/list?pageNum=1&pageSize=10,1507,0,0
1777735455191,1474,获取帖子列表,200,,常规接口测试-50并发 1-36,text,true,,5517,179,38,43,http://localhost:8080/api/post/list?pageNum=1&pageSize=10,1431,0,0
1777735456094,608,高级筛选搜索,200,,常规接口测试-50并发 1-33,text,true,,5782,232,38,43,http://localhost:8080/api/post/list/filter?category=运动健身&pageNum=1&pageSize=10,560,0,0
1777735455230,1479,获取帖子列表,200,,常规接口测试-50并发 1-27,text,true,,5517,179,38,43,http://localhost:8080/api/post/list?pageNum=1&pageSize=10,1427,0,0
1777735455244,1473,获取帖子列表,200,,常规接口测试-50并发 1-48,text,true,,5517,179,38,43,http://localhost:8080/api/post/list?pageNum=1&pageSize=10,1416,0,0
1777735455385,1389,获取帖子列表,200,,常规接口测试-50并发 1-37,text,true,,5517,179,38,43,http://localhost:8080/api/post/list?pageNum=1&pageSize=10,1357,0,0
1777735456365,421,用户注册,200,,常规接口测试-50并发 1-44,text,true,,725,253,38,43,http://localhost:8080/api/auth/register,391,0,0
1777735455370,1427,获取帖子列表,200,,常规接口测试-50并发 1-49,text,true,,5517,179,38,43,http://localhost:8080/api/post/list?pageNum=1&pageSize=10,1400,0,0
1777735456285,518,高级筛选搜索,200,,常规接口测试-50并发 1-17,text,true,,5782,232,38,43,http://localhost:8080/api/post/list/filter?category=运动健身&pageNum=1&pageSize=10,490,0,0
1777735456304,500,关键词搜索,400,,常规接口测试-50并发 1-35,text,false,,332,183,38,43,http://localhost:8080/api/search/keyword?q=篮球,472,0,0
1777735455509,1323,获取帖子列表,200,,常规接口测试-50并发 1-38,text,true,,5517,179,38,43,http://localhost:8080/api/post/list?pageNum=1&pageSize=10,1298,0,0
1777735456337,502,高级筛选搜索,200,,常规接口测试-50并发 1-13,text,true,,5782,232,38,43,http://localhost:8080/api/post/list/filter?category=运动健身&pageNum=1&pageSize=10,479,0,1
1777735455519,1327,获取帖子列表,200,,常规接口测试-50并发 1-50,text,true,,5517,179,37,42,http://localhost:8080/api/post/list?pageNum=1&pageSize=10,1304,0,0
1777735456443,414,关键词搜索,400,,常规接口测试-50并发 1-34,text,false,,332,183,37,42,http://localhost:8080/api/search/keyword?q=篮球,390,0,0
1777735456452,406,关键词搜索,400,,常规接口测试-50并发 1-47,text,false,,332,183,37,42,http://localhost:8080/api/search/keyword?q=篮球,381,0,0
1777735456481,403,关键词搜索,400,,常规接口测试-50并发 1-14,text,false,,332,183,37,42,http://localhost:8080/api/search/keyword?q=篮球,374,0,0
1777735455619,1288,获取帖子列表,200,,常规接口测试-50并发 1-21,text,true,,5517,179,37,42,http://localhost:8080/api/post/list?pageNum=1&pageSize=10,1242,0,0
1777735456467,467,高级筛选搜索,200,,常规接口测试-50并发 1-46,text,true,,5782,232,37,42,http://localhost:8080/api/post/list/filter?category=运动健身&pageNum=1&pageSize=10,400,0,0
1777735455649,1296,获取帖子列表,200,,常规接口测试-50并发 1-39,text,true,,5517,179,37,42,http://localhost:8080/api/post/list?pageNum=1&pageSize=10,1229,0,0
1777735456562,400,关键词搜索,400,,常规接口测试-50并发 1-26,text,false,,332,183,37,42,http://localhost:8080/api/search/keyword?q=篮球,369,0,0
1777735456637,357,关键词搜索,400,,常规接口测试-50并发 1-20,text,false,,332,183,37,42,http://localhost:8080/api/search/keyword?q=篮球,332,0,0
1777735455678,1319,获取帖子列表,200,,常规接口测试-50并发 1-15,text,true,,5517,179,37,42,http://localhost:8080/api/post/list?pageNum=1&pageSize=10,1294,0,0
1777735456701,299,用户注册,200,,常规接口测试-50并发 1-33,text,true,,725,253,37,42,http://localhost:8080/api/auth/register,275,0,0
1777735455711,1294,获取帖子列表,200,,常规接口测试-50并发 1-28,text,true,,5517,179,37,42,http://localhost:8080/api/post/list?pageNum=1&pageSize=10,1270,0,0
1777735456656,357,关键词搜索,400,,常规接口测试-50并发 1-19,text,false,,332,183,37,42,http://localhost:8080/api/search/keyword?q=篮球,330,0,0
1777735456664,350,关键词搜索,400,,常规接口测试-50并发 1-36,text,false,,332,183,37,42,http://localhost:8080/api/search/keyword?q=篮球,323,0,0
1777735456517,502,高级筛选搜索,200,,常规接口测试-50并发 1-25,text,true,,5782,232,37,42,http://localhost:8080/api/post/list/filter?category=运动健身&pageNum=1&pageSize=10,474,0,1
1777735456560,467,高级筛选搜索,200,,常规接口测试-50并发 1-45,text,true,,5782,232,37,42,http://localhost:8080/api/post/list/filter?category=运动健身&pageNum=1&pageSize=10,443,0,0
1777735456709,322,关键词搜索,400,,常规接口测试-50并发 1-27,text,false,,332,183,37,42,http://localhost:8080/api/search/keyword?q=篮球,301,0,0
1777735456716,317,关键词搜索,400,,常规接口测试-50并发 1-48,text,false,,332,183,37,42,http://localhost:8080/api/search/keyword?q=篮球,296,0,0
1777735456786,247,用户登录,200,,常规接口测试-50并发 1-44,text,true,,319,218,37,42,http://localhost:8080/api/auth/login,228,0,0
1777735456634,410,高级筛选搜索,200,,常规接口测试-50并发 1-18,text,true,,5782,232,37,42,http://localhost:8080/api/post/list/filter?category=运动健身&pageNum=1&pageSize=10,388,0,0
1777735455772,1279,获取帖子列表,200,,常规接口测试-50并发 1-29,text,true,,5517,179,37,42,http://localhost:8080/api/post/list?pageNum=1&pageSize=10,1258,0,0
1777735455884,1174,获取帖子列表,200,,常规接口测试-50并发 1-30,text,true,,5517,179,37,42,http://localhost:8080/api/post/list?pageNum=1&pageSize=10,1155,0,0
1777735456803,257,用户注册,200,,常规接口测试-50并发 1-17,text,true,,725,253,37,42,http://localhost:8080/api/auth/register,237,0,0
1777735456773,294,关键词搜索,400,,常规接口测试-50并发 1-37,text,false,,332,183,37,42,http://localhost:8080/api/search/keyword?q=篮球,273,0,0
1777735456797,282,关键词搜索,400,,常规接口测试-50并发 1-49,text,false,,332,183,37,42,http://localhost:8080/api/search/keyword?q=篮球,264,0,0
1777735455808,1275,获取帖子列表,200,,常规接口测试-50并发 1-40,text,true,,5517,179,37,42,http://localhost:8080/api/post/list?pageNum=1&pageSize=10,1257,0,0
1777735455918,1171,获取帖子列表,200,,常规接口测试-50并发 1-22,text,true,,5517,179,37,42,http://localhost:8080/api/post/list?pageNum=1&pageSize=10,1152,0,0
1777735455912,1184,获取帖子列表,200,,常规接口测试-50并发 1-16,text,true,,5517,179,37,42,http://localhost:8080/api/post/list?pageNum=1&pageSize=10,1162,0,0
1777735456831,288,关键词搜索,400,,常规接口测试-50并发 1-38,text,false,,332,183,37,42,http://localhost:8080/api/search/keyword?q=篮球,262,0,0
1777735456845,286,关键词搜索,400,,常规接口测试-50并发 1-50,text,false,,332,183,37,42,http://localhost:8080/api/search/keyword?q=篮球,260,0,0
1777735456804,330,高级筛选搜索,200,,常规接口测试-50并发 1-35,text,true,,5782,232,37,42,http://localhost:8080/api/post/list/filter?category=运动健身&pageNum=1&pageSize=10,306,0,1
1777735456934,217,用户注册,200,,常规接口测试-50并发 1-46,text,true,,724,252,37,42,http://localhost:8080/api/auth/register,191,0,0
1777735456047,1117,获取帖子列表,200,,常规接口测试-50并发 1-41,text,true,,5517,179,37,42,http://localhost:8080/api/post/list?pageNum=1&pageSize=10,1088,0,0
1777735456945,225,关键词搜索,400,,常规接口测试-50并发 1-39,text,false,,332,183,37,42,http://localhost:8080/api/search/keyword?q=篮球,195,0,0
1777735456906,270,关键词搜索,400,,常规接口测试-50并发 1-21,text,false,,332,183,37,42,http://localhost:8080/api/search/keyword?q=篮球,240,0,0
1777735456029,1152,获取帖子列表,200,,常规接口测试-50并发 1-23,text,true,,5517,179,37,42,http://localhost:8080/api/post/list?pageNum=1&pageSize=10,1125,0,0
1777735457000,191,用户登录,200,,常规接口测试-50并发 1-33,text,true,,319,218,37,42,http://localhost:8080/api/auth/login,174,0,0
1777735456064,1131,获取帖子列表,200,,常规接口测试-50并发 1-31,text,true,,5517,179,37,42,http://localhost:8080/api/post/list?pageNum=1&pageSize=10,1114,0,0
1777735457019,179,用户注册,200,,常规接口测试-50并发 1-25,text,true,,725,253,37,42,http://localhost:8080/api/auth/register,162,0,0
1777735456858,344,高级筛选搜索,200,,常规接口测试-50并发 1-47,text,true,,5782,232,37,42,http://localhost:8080/api/post/list/filter?category=运动健身&pageNum=1&pageSize=10,326,0,1
1777735457027,178,用户注册,200,,常规接口测试-50并发 1-45,text,true,,725,253,37,42,http://localhost:8080/api/auth/register,160,0,0
1777735457004,208,关键词搜索,400,,常规接口测试-50并发 1-28,text,false,,332,183,37,42,http://localhost:8080/api/search/keyword?q=篮球,187,0,0
1777735456857,360,高级筛选搜索,200,,常规接口测试-50并发 1-34,text,true,,5782,232,37,42,http://localhost:8080/api/post/list/filter?category=运动健身&pageNum=1&pageSize=10,338,0,1
1777735456884,341,高级筛选搜索,200,,常规接口测试-50并发 1-14,text,true,,5782,232,37,42,http://localhost:8080/api/post/list/filter?category=运动健身&pageNum=1&pageSize=10,322,0,1
1777735456996,230,关键词搜索,400,,常规接口测试-50并发 1-15,text,false,,332,183,37,42,http://localhost:8080/api/search/keyword?q=篮球,211,0,0
1777735456962,274,高级筛选搜索,200,,常规接口测试-50并发 1-26,text,true,,5782,232,36,41,http://localhost:8080/api/post/list/filter?category=运动健身&pageNum=1&pageSize=10,254,0,1
1777735457045,197,用户注册,200,,常规接口测试-50并发 1-18,text,true,,725,253,36,41,http://localhost:8080/api/auth/register,176,0,0
1777735457060,184,用户登录,200,,常规接口测试-50并发 1-17,text,true,,319,218,36,41,http://localhost:8080/api/auth/login,163,0,0
1777735457014,242,高级筛选搜索,200,,常规接口测试-50并发 1-36,text,true,,5782,232,36,41,http://localhost:8080/api/post/list/filter?category=运动健身&pageNum=1&pageSize=10,223,0,1
1777735456994,267,高级筛选搜索,200,,常规接口测试-50并发 1-20,text,true,,5782,232,36,41,http://localhost:8080/api/post/list/filter?category=运动健身&pageNum=1&pageSize=10,247,0,0
1777735456204,1059,获取帖子列表,200,,常规接口测试-50并发 1-42,text,true,,5517,179,36,41,http://localhost:8080/api/post/list?pageNum=1&pageSize=10,1040,0,0
1777735457013,255,高级筛选搜索,200,,常规接口测试-50并发 1-19,text,true,,5782,232,36,41,http://localhost:8080/api/post/list/filter?category=运动健身&pageNum=1&pageSize=10,237,0,1
1777735457050,219,关键词搜索,400,,常规接口测试-50并发 1-29,text,false,,332,183,36,41,http://localhost:8080/api/search/keyword?q=篮球,200,0,0
1777735457057,225,关键词搜索,400,,常规接口测试-50并发 1-30,text,false,,332,183,36,41,http://localhost:8080/api/search/keyword?q=篮球,203,0,0
1777735456294,998,获取帖子列表,200,,常规接口测试-50并发 1-32,text,true,,5517,179,36,41,http://localhost:8080/api/post/list?pageNum=1&pageSize=10,970,0,0
1777735457033,273,高级筛选搜索,200,,常规接口测试-50并发 1-48,text,true,,5782,232,36,41,http://localhost:8080/api/post/list/filter?category=运动健身&pageNum=1&pageSize=10,246,0,1
1777735457032,282,高级筛选搜索,200,,常规接口测试-50并发 1-27,text,true,,5782,232,36,41,http://localhost:8080/api/post/list/filter?category=运动健身&pageNum=1&pageSize=10,260,0,0
1777735457082,234,关键词搜索,400,,常规接口测试-50并发 1-40,text,false,,332,183,36,41,http://localhost:8080/api/search/keyword?q=篮球,212,0,0
1777735457088,229,关键词搜索,400,,常规接口测试-50并发 1-22,text,false,,332,183,36,41,http://localhost:8080/api/search/keyword?q=篮球,208,0,0
1777735457095,225,关键词搜索,400,,常规接口测试-50并发 1-16,text,false,,332,183,36,41,http://localhost:8080/api/search/keyword?q=篮球,207,0,0
1777735457134,190,用户注册,200,,常规接口测试-50并发 1-35,text,true,,725,253,36,41,http://localhost:8080/api/auth/register,173,0,0
1777735457151,177,用户登录,200,,常规接口测试-50并发 1-46,text,true,,319,218,36,41,http://localhost:8080/api/auth/login,162,0,0
1777735457067,265,高级筛选搜索,200,,常规接口测试-50并发 1-37,text,true,,5782,232,36,41,http://localhost:8080/api/post/list/filter?category=运动健身&pageNum=1&pageSize=10,251,0,1
1777735457079,256,高级筛选搜索,200,,常规接口测试-50并发 1-49,text,true,,5782,232,36,41,http://localhost:8080/api/post/list/filter?category=运动健身&pageNum=1&pageSize=10,241,0,1
1777735457163,194,关键词搜索,400,,常规接口测试-50并发 1-41,text,false,,332,183,36,41,http://localhost:8080/api/search/keyword?q=篮球,176,0,0
1777735457198,161,用户登录,200,,常规接口测试-50并发 1-25,text,true,,319,218,36,41,http://localhost:8080/api/auth/login,142,0,0
1777735457119,242,高级筛选搜索,200,,常规接口测试-50并发 1-38,text,true,,5782,232,36,41,http://localhost:8080/api/post/list/filter?category=运动健身&pageNum=1&pageSize=10,223,0,0
1777735457131,232,高级筛选搜索,200,,常规接口测试-50并发 1-50,text,true,,5782,232,36,41,http://localhost:8080/api/post/list/filter?category=运动健身&pageNum=1&pageSize=10,213,0,1
1777735457205,162,用户登录,200,,常规接口测试-50并发 1-45,text,true,,319,218,36,41,http://localhost:8080/api/auth/login,143,0,0
1777735457202,169,用户注册,200,,常规接口测试-50并发 1-47,text,true,,725,253,36,41,http://localhost:8080/api/auth/register,149,0,0
1777735457194,185,关键词搜索,400,,常规接口测试-50并发 1-31,text,false,,332,183,36,41,http://localhost:8080/api/search/keyword?q=篮球,158,0,0
1777735457180,204,关键词搜索,400,,常规接口测试-50并发 1-23,text,false,,332,183,36,41,http://localhost:8080/api/search/keyword?q=篮球,175,0,0
1777735456485,900,获取帖子列表,200,,常规接口测试-50并发 1-24,text,true,,5517,179,36,41,http://localhost:8080/api/post/list?pageNum=1&pageSize=10,872,0,0
1777735457176,215,高级筛选搜索,200,,常规接口测试-50并发 1-21,text,true,,5782,232,36,41,http://localhost:8080/api/post/list/filter?category=运动健身&pageNum=1&pageSize=10,184,0,1
1777735457171,225,高级筛选搜索,200,,常规接口测试-50并发 1-39,text,true,,5782,232,36,41,http://localhost:8080/api/post/list/filter?category=运动健身&pageNum=1&pageSize=10,191,0,0
1777735457217,182,用户注册,200,,常规接口测试-50并发 1-34,text,true,,724,252,36,41,http://localhost:8080/api/auth/register,147,0,0
1777735457242,181,用户登录,200,,常规接口测试-50并发 1-18,text,true,,319,218,36,41,http://localhost:8080/api/auth/login,147,0,0
1777735456534,896,获取帖子列表,200,,常规接口测试-50并发 1-43,text,true,,5517,179,36,41,http://localhost:8080/api/post/list?pageNum=1&pageSize=10,864,0,0
1777735457236,197,用户注册,200,,常规接口测试-50并发 1-26,text,true,,725,253,36,41,http://localhost:8080/api/auth/register,168,0,0
1777735457261,184,用户注册,200,,常规接口测试-50并发 1-20,text,true,,725,253,36,41,http://localhost:8080/api/auth/register,149,0,0
1777735457256,209,用户注册,200,,常规接口测试-50并发 1-36,text,true,,725,253,36,41,http://localhost:8080/api/auth/register,182,0,0
1777735457269,201,用户注册,200,,常规接口测试-50并发 1-19,text,true,,725,253,36,41,http://localhost:8080/api/auth/register,184,0,0
1777735457213,307,高级筛选搜索,200,,常规接口测试-50并发 1-28,text,true,,5782,232,36,41,http://localhost:8080/api/post/list/filter?category=运动健身&pageNum=1&pageSize=10,251,0,0
1777735457314,209,用户注册,200,,常规接口测试-50并发 1-27,text,true,,725,253,36,41,http://localhost:8080/api/auth/register,152,0,0
1777735457226,300,高级筛选搜索,200,,常规接口测试-50并发 1-15,text,true,,5782,232,36,41,http://localhost:8080/api/post/list/filter?category=运动健身&pageNum=1&pageSize=10,243,0,1
1777735457262,270,关键词搜索,400,,常规接口测试-50并发 1-42,text,false,,332,183,35,40,http://localhost:8080/api/search/keyword?q=篮球,211,0,0
1777735457306,234,用户注册,200,,常规接口测试-50并发 1-48,text,true,,723,253,35,40,http://localhost:8080/api/auth/register,212,0,0
1777735457292,259,关键词搜索,400,,常规接口测试-50并发 1-32,text,false,,332,183,35,40,http://localhost:8080/api/search/keyword?q=篮球,240,0,0
1777735457324,232,用户登录,200,,常规接口测试-50并发 1-35,text,true,,319,218,35,40,http://localhost:8080/api/auth/login,212,0,0
1777735457270,297,高级筛选搜索,200,,常规接口测试-50并发 1-29,text,true,,5782,232,35,40,http://localhost:8080/api/post/list/filter?category=运动健身&pageNum=1&pageSize=10,275,0,0
1777735457332,238,用户注册,200,,常规接口测试-50并发 1-37,text,true,,725,253,35,40,http://localhost:8080/api/auth/register,214,0,0
1777735457282,302,高级筛选搜索,200,,常规接口测试-50并发 1-30,text,true,,5782,232,35,40,http://localhost:8080/api/post/list/filter?category=运动健身&pageNum=1&pageSize=10,273,0,0
1777735457335,253,用户注册,200,,常规接口测试-50并发 1-49,text,true,,725,253,35,40,http://localhost:8080/api/auth/register,222,0,0
1777735457316,273,高级筛选搜索,200,,常规接口测试-50并发 1-40,text,true,,5782,232,35,40,http://localhost:8080/api/post/list/filter?category=运动健身&pageNum=1&pageSize=10,242,0,1
1777735457317,308,高级筛选搜索,200,,常规接口测试-50并发 1-22,text,true,,5782,232,35,40,http://localhost:8080/api/post/list/filter?category=运动健身&pageNum=1&pageSize=10,280,0,1
1777735457361,271,用户注册,200,,常规接口测试-50并发 1-38,text,true,,725,253,35,40,http://localhost:8080/api/auth/register,244,0,0
1777735457371,264,用户登录,200,,常规接口测试-50并发 1-47,text,true,,319,218,35,40,http://localhost:8080/api/auth/login,239,0,0
1777735457391,247,用户注册,200,,常规接口测试-50并发 1-21,text,true,,725,253,35,40,http://localhost:8080/api/auth/register,221,0,0
1777735457397,245,用户注册,200,,常规接口测试-50并发 1-39,text,true,,725,253,35,40,http://localhost:8080/api/auth/register,220,0,0
1777735457363,282,用户注册,200,,常规接口测试-50并发 1-50,text,true,,725,253,35,40,http://localhost:8080/api/auth/register,255,0,0
1777735457400,252,用户登录,200,,常规接口测试-50并发 1-34,text,true,,319,218,35,40,http://localhost:8080/api/auth/login,226,0,0
1777735457321,333,高级筛选搜索,200,,常规接口测试-50并发 1-16,text,true,,5782,232,35,40,http://localhost:8080/api/post/list/filter?category=运动健身&pageNum=1&pageSize=10,309,0,0
1777735457433,241,用户登录,200,,常规接口测试-50并发 1-26,text,true,,319,218,34,39,http://localhost:8080/api/auth/login,220,0,0
1777735457445,239,用户登录,200,,常规接口测试-50并发 1-20,text,true,,319,218,34,39,http://localhost:8080/api/auth/login,211,0,0
1777735457386,308,关键词搜索,400,,常规接口测试-50并发 1-24,text,false,,332,183,34,39,http://localhost:8080/api/search/keyword?q=篮球,273,0,0
1777735457465,248,用户登录,200,,常规接口测试-50并发 1-36,text,true,,319,218,34,39,http://localhost:8080/api/auth/login,211,0,0
1777735457357,364,高级筛选搜索,200,,常规接口测试-50并发 1-41,text,true,,5782,232,34,39,http://localhost:8080/api/post/list/filter?category=运动健身&pageNum=1&pageSize=10,333,0,1
1777735457379,344,高级筛选搜索,200,,常规接口测试-50并发 1-31,text,true,,5782,232,34,39,http://localhost:8080/api/post/list/filter?category=运动健身&pageNum=1&pageSize=10,312,0,1
1777735457471,254,用户登录,200,,常规接口测试-50并发 1-19,text,true,,319,218,34,39,http://localhost:8080/api/auth/login,224,0,0
1777735457384,342,高级筛选搜索,200,,常规接口测试-50并发 1-23,text,true,,5782,232,34,39,http://localhost:8080/api/post/list/filter?category=运动健身&pageNum=1&pageSize=10,314,0,1
1777735457033,697,获取帖子列表,200,,常规接口测试-50并发 1-44,text,true,,5517,179,34,39,http://localhost:8080/api/post/list?pageNum=1&pageSize=10,674,0,0
1777735457430,300,关键词搜索,400,,常规接口测试-50并发 1-43,text,false,,332,183,34,39,http://localhost:8080/api/search/keyword?q=篮球,275,0,0
1777735457524,211,用户登录,200,,常规接口测试-50并发 1-27,text,true,,319,218,34,39,http://localhost:8080/api/auth/login,192,0,0
1777735457520,216,用户注册,200,,常规接口测试-50并发 1-28,text,true,,725,253,34,39,http://localhost:8080/api/auth/register,200,0,0
1777735457540,211,用户登录,200,,常规接口测试-50并发 1-48,text,true,,319,218,34,39,http://localhost:8080/api/auth/login,194,0,0
1777735457568,206,用户注册,200,,常规接口测试-50并发 1-29,text,true,,723,253,34,39,http://localhost:8080/api/auth/register,188,0,0
1777735457571,204,用户登录,200,,常规接口测试-50并发 1-37,text,true,,319,218,34,39,http://localhost:8080/api/auth/login,185,0,0
1777735457588,202,用户登录,200,,常规接口测试-50并发 1-49,text,true,,319,218,34,39,http://localhost:8080/api/auth/login,175,0,0
1777735457584,214,用户注册,200,,常规接口测试-50并发 1-30,text,true,,725,253,34,39,http://localhost:8080/api/auth/register,183,0,0
1777735457590,214,用户注册,200,,常规接口测试-50并发 1-40,text,true,,725,253,34,39,http://localhost:8080/api/auth/register,180,0,0
1777735457532,279,高级筛选搜索,200,,常规接口测试-50并发 1-42,text,true,,5782,232,34,39,http://localhost:8080/api/post/list/filter?category=运动健身&pageNum=1&pageSize=10,240,0,1
1777735457632,187,用户登录,200,,常规接口测试-50并发 1-38,text,true,,319,218,34,39,http://localhost:8080/api/auth/login,144,0,0
1777735457625,237,用户注册,200,,常规接口测试-50并发 1-22,text,true,,725,253,34,39,http://localhost:8080/api/auth/register,204,0,0
1777735457552,312,高级筛选搜索,200,,常规接口测试-50并发 1-32,text,true,,5782,232,34,39,http://localhost:8080/api/post/list/filter?category=运动健身&pageNum=1&pageSize=10,282,0,1
1777735457638,231,用户登录,200,,常规接口测试-50并发 1-21,text,true,,319,218,34,39,http://localhost:8080/api/auth/login,204,0,0
1777735457642,229,用户登录,200,,常规接口测试-50并发 1-39,text,true,,319,218,34,39,http://localhost:8080/api/auth/login,204,0,0
1777735457645,233,用户登录,200,,常规接口测试-50并发 1-50,text,true,,319,218,34,39,http://localhost:8080/api/auth/login,210,0,0
1777735457192,698,获取帖子列表,200,,常规接口测试-50并发 1-33,text,true,,5517,179,34,39,http://localhost:8080/api/post/list?pageNum=1&pageSize=10,670,0,0
1777735457721,247,用户注册,200,,常规接口测试-50并发 1-41,text,true,,725,253,34,39,http://localhost:8080/api/auth/register,201,0,0
1777735457723,263,用户注册,200,,常规接口测试-50并发 1-31,text,true,,725,253,34,39,http://localhost:8080/api/auth/register,218,0,0
1777735457726,266,用户注册,200,,常规接口测试-50并发 1-23,text,true,,723,253,34,39,http://localhost:8080/api/auth/register,225,0,0
1777735457736,277,用户登录,200,,常规接口测试-50并发 1-28,text,true,,319,218,34,39,http://localhost:8080/api/auth/login,235,0,0
1777735457730,293,关键词搜索,400,,常规接口测试-50并发 1-44,text,false,,332,183,34,39,http://localhost:8080/api/search/keyword?q=篮球,249,0,0
1777735457245,783,获取帖子列表,200,,常规接口测试-50并发 1-17,text,true,,5517,179,34,39,http://localhost:8080/api/post/list?pageNum=1&pageSize=10,737,0,0
1777735457694,399,高级筛选搜索,200,,常规接口测试-50并发 1-24,text,true,,5782,232,34,39,http://localhost:8080/api/post/list/filter?category=运动健身&pageNum=1&pageSize=10,358,0,0
1777735457774,332,用户登录,200,,常规接口测试-50并发 1-29,text,true,,319,218,34,39,http://localhost:8080/api/auth/login,289,0,0
1777735457798,324,用户登录,200,,常规接口测试-50并发 1-30,text,true,,319,218,34,39,http://localhost:8080/api/auth/login,292,0,0
1777735457804,321,用户登录,200,,常规接口测试-50并发 1-40,text,true,,319,218,34,39,http://localhost:8080/api/auth/login,286,0,0
1777735457811,326,用户注册,200,,常规接口测试-50并发 1-42,text,true,,725,253,34,39,http://localhost:8080/api/auth/register,297,0,0
1777735457862,278,用户登录,200,,常规接口测试-50并发 1-22,text,true,,319,218,34,39,http://localhost:8080/api/auth/login,249,0,0
1777735457730,415,高级筛选搜索,200,,常规接口测试-50并发 1-43,text,true,,5782,232,34,39,http://localhost:8080/api/post/list/filter?category=运动健身&pageNum=1&pageSize=10,388,0,1
1777735457864,329,用户注册,200,,常规接口测试-50并发 1-32,text,true,,725,253,34,39,http://localhost:8080/api/auth/register,288,0,0
1777735457328,880,获取帖子列表,200,,常规接口测试-50并发 1-46,text,true,,5517,179,34,39,http://localhost:8080/api/post/list?pageNum=1&pageSize=10,849,0,0
1777735457368,896,获取帖子列表,200,,常规接口测试-50并发 1-45,text,true,,5517,179,34,39,http://localhost:8080/api/post/list?pageNum=1&pageSize=10,870,0,0
1777735457359,908,获取帖子列表,200,,常规接口测试-50并发 1-25,text,true,,5517,179,34,39,http://localhost:8080/api/post/list?pageNum=1&pageSize=10,885,0,0
1777735457890,378,关键词搜索,400,,常规接口测试-50并发 1-33,text,false,,332,183,34,39,http://localhost:8080/api/search/keyword?q=篮球,354,0,0
1777735457968,306,用户登录,200,,常规接口测试-50并发 1-41,text,true,,319,218,34,39,http://localhost:8080/api/auth/login,285,0,0
1777735457986,298,用户登录,200,,常规接口测试-50并发 1-31,text,true,,319,218,34,39,http://localhost:8080/api/auth/login,275,0,0
1777735457992,296,用户登录,200,,常规接口测试-50并发 1-23,text,true,,319,218,34,39,http://localhost:8080/api/auth/login,273,0,0
1777735457423,872,获取帖子列表,200,,常规接口测试-50并发 1-18,text,true,,5517,179,34,39,http://localhost:8080/api/post/list?pageNum=1&pageSize=10,848,0,0
1777735458028,369,关键词搜索,400,,常规接口测试-50并发 1-17,text,false,,332,183,34,39,http://localhost:8080/api/search/keyword?q=篮球,293,0,0
1777735458093,312,用户注册,200,,常规接口测试-50并发 1-24,text,true,,725,253,34,39,http://localhost:8080/api/auth/register,231,0,0
1777735458138,298,用户登录,200,,常规接口测试-50并发 1-42,text,true,,319,218,34,39,http://localhost:8080/api/auth/login,273,0,0
1777735458145,310,用户注册,200,,常规接口测试-50并发 1-43,text,true,,723,253,34,39,http://localhost:8080/api/auth/register,286,0,0
1777735458194,273,用户登录,200,,常规接口测试-50并发 1-32,text,true,,319,218,34,39,http://localhost:8080/api/auth/login,254,0,0
1777735458023,479,高级筛选搜索,200,,常规接口测试-50并发 1-44,text,true,,5782,232,34,39,http://localhost:8080/api/post/list/filter?category=运动健身&pageNum=1&pageSize=10,460,0,0
1777735458208,298,关键词搜索,400,,常规接口测试-50并发 1-46,text,false,,332,183,34,39,http://localhost:8080/api/search/keyword?q=篮球,279,0,0
1777735458264,272,关键词搜索,400,,常规接口测试-50并发 1-45,text,false,,332,183,34,39,http://localhost:8080/api/search/keyword?q=篮球,246,0,0
1777735458267,281,关键词搜索,400,,常规接口测试-50并发 1-25,text,false,,332,183,34,39,http://localhost:8080/api/search/keyword?q=篮球,250,0,0
1777735458295,298,关键词搜索,400,,常规接口测试-50并发 1-18,text,false,,332,183,34,39,http://localhost:8080/api/search/keyword?q=篮球,259,0,0
1777735458405,237,用户登录,200,,常规接口测试-50并发 1-24,text,true,,319,218,34,39,http://localhost:8080/api/auth/login,201,0,0
1777735457556,1105,获取帖子列表,200,,常规接口测试-50并发 1-35,text,true,,5517,179,34,39,http://localhost:8080/api/post/list?pageNum=1&pageSize=10,1068,0,0
1777735458455,231,用户登录,200,,常规接口测试-50并发 1-43,text,true,,319,218,34,39,http://localhost:8080/api/auth/login,215,0,0
1777735458268,443,高级筛选搜索,200,,常规接口测试-50并发 1-33,text,true,,5782,232,34,39,http://localhost:8080/api/post/list/filter?category=运动健身&pageNum=1&pageSize=10,440,0,1
1777735457635,1089,获取帖子列表,200,,常规接口测试-50并发 1-47,text,true,,5517,179,34,39,http://localhost:8080/api/post/list?pageNum=1&pageSize=10,1073,0,0
1777735458502,233,用户注册,200,,常规接口测试-50并发 1-44,text,true,,725,253,34,39,http://localhost:8080/api/auth/register,214,0,0
1777735457653,1110,获取帖子列表,200,,常规接口测试-50并发 1-34,text,true,,5517,179,34,39,http://localhost:8080/api/post/list?pageNum=1&pageSize=10,1090,0,0
1777735458398,376,高级筛选搜索,200,,常规接口测试-50并发 1-17,text,true,,5782,232,34,39,http://localhost:8080/api/post/list/filter?category=运动健身&pageNum=1&pageSize=10,361,0,0
1777735457684,1114,获取帖子列表,200,,常规接口测试-50并发 1-20,text,true,,5517,179,33,38,http://localhost:8080/api/post/list?pageNum=1&pageSize=10,1102,0,0
1777735457674,1128,获取帖子列表,200,,常规接口测试-50并发 1-26,text,true,,5517,179,33,38,http://localhost:8080/api/post/list?pageNum=1&pageSize=10,1117,0,0
1777735458661,170,关键词搜索,400,,常规接口测试-50并发 1-35,text,false,,332,183,33,38,http://localhost:8080/api/search/keyword?q=篮球,150,0,0
1777735457713,1192,获取帖子列表,200,,常规接口测试-50并发 1-36,text,true,,5517,179,33,38,http://localhost:8080/api/post/list?pageNum=1&pageSize=10,1166,0,0
1777735458735,182,用户登录,200,,常规接口测试-50并发 1-44,text,true,,319,218,33,38,http://localhost:8080/api/auth/login,162,0,0
1777735458724,207,关键词搜索,400,,常规接口测试-50并发 1-47,text,false,,332,183,33,38,http://localhost:8080/api/search/keyword?q=篮球,176,0,0
1777735458712,228,用户注册,200,,常规接口测试-50并发 1-33,text,true,,724,252,33,38,http://localhost:8080/api/auth/register,196,0,0
1777735458506,458,高级筛选搜索,200,,常规接口测试-50并发 1-46,text,true,,5782,232,33,38,http://localhost:8080/api/post/list/filter?category=运动健身&pageNum=1&pageSize=10,419,0,1
1777735457725,1265,获取帖子列表,200,,常规接口测试-50并发 1-19,text,true,,5517,179,33,38,http://localhost:8080/api/post/list?pageNum=1&pageSize=10,1223,0,0
1777735458536,464,高级筛选搜索,200,,常规接口测试-50并发 1-45,text,true,,5782,232,33,38,http://localhost:8080/api/post/list/filter?category=运动健身&pageNum=1&pageSize=10,423,0,1
1777735458549,465,高级筛选搜索,200,,常规接口测试-50并发 1-25,text,true,,5782,232,33,38,http://localhost:8080/api/post/list/filter?category=运动健身&pageNum=1&pageSize=10,429,0,1
1777735458763,251,关键词搜索,400,,常规接口测试-50并发 1-34,text,false,,332,183,33,38,http://localhost:8080/api/search/keyword?q=篮球,217,0,0
1777735457735,1293,获取帖子列表,200,,常规接口测试-50并发 1-27,text,true,,5517,179,33,38,http://localhost:8080/api/post/list?pageNum=1&pageSize=10,1260,0,0
1777735458593,444,高级筛选搜索,200,,常规接口测试-50并发 1-18,text,true,,5782,232,33,38,http://localhost:8080/api/post/list/filter?category=运动健身&pageNum=1&pageSize=10,410,0,1
1777735458799,295,关键词搜索,400,,常规接口测试-50并发 1-20,text,false,,332,183,32,37,http://localhost:8080/api/search/keyword?q=篮球,258,0,0
1777735457751,1365,获取帖子列表,200,,常规接口测试-50并发 1-48,text,true,,5517,179,32,37,http://localhost:8080/api/post/list?pageNum=1&pageSize=10,1329,0,0
1777735458803,317,关键词搜索,400,,常规接口测试-50并发 1-26,text,false,,332,183,32,37,http://localhost:8080/api/search/keyword?q=篮球,280,0,0
1777735457775,1359,获取帖子列表,200,,常规接口测试-50并发 1-37,text,true,,5517,179,32,37,http://localhost:8080/api/post/list?pageNum=1&pageSize=10,1323,0,0
1777735457790,1366,获取帖子列表,200,,常规接口测试-50并发 1-49,text,true,,5517,179,32,37,http://localhost:8080/api/post/list?pageNum=1&pageSize=10,1346,0,0
1777735457820,1343,获取帖子列表,200,,常规接口测试-50并发 1-38,text,true,,5517,179,32,37,http://localhost:8080/api/post/list?pageNum=1&pageSize=10,1321,0,0
1777735458832,351,高级筛选搜索,200,,常规接口测试-50并发 1-35,text,true,,5782,232,32,37,http://localhost:8080/api/post/list/filter?category=运动健身&pageNum=1&pageSize=10,333,0,1
1777735458940,254,用户登录,200,,常规接口测试-50并发 1-33,text,true,,319,218,32,37,http://localhost:8080/api/auth/login,234,0,0
1777735457869,1328,获取帖子列表,200,,常规接口测试-50并发 1-21,text,true,,5517,179,32,37,http://localhost:8080/api/post/list?pageNum=1&pageSize=10,1309,0,0
1777735457878,1320,获取帖子列表,200,,常规接口测试-50并发 1-50,text,true,,5517,179,32,37,http://localhost:8080/api/post/list?pageNum=1&pageSize=10,1302,0,0
1777735457871,1327,获取帖子列表,200,,常规接口测试-50并发 1-39,text,true,,5517,179,32,37,http://localhost:8080/api/post/list?pageNum=1&pageSize=10,1307,0,0
1777735458905,302,关键词搜索,400,,常规接口测试-50并发 1-36,text,false,,332,183,32,37,http://localhost:8080/api/search/keyword?q=篮球,282,0,0
1777735458964,316,用户注册,200,,常规接口测试-50并发 1-46,text,true,,725,253,32,37,http://localhost:8080/api/auth/register,227,0,0
1777735459014,316,用户注册,200,,常规接口测试-50并发 1-25,text,true,,725,253,32,37,http://localhost:8080/api/auth/register,295,0,0
1777735458990,342,关键词搜索,400,,常规接口测试-50并发 1-19,text,false,,332,183,32,37,http://localhost:8080/api/search/keyword?q=篮球,320,0,0
1777735459000,334,用户注册,200,,常规接口测试-50并发 1-45,text,true,,725,253,32,37,http://localhost:8080/api/auth/register,312,0,0
1777735459028,329,关键词搜索,400,,常规接口测试-50并发 1-27,text,false,,332,183,32,37,http://localhost:8080/api/search/keyword?q=篮球,312,0,0
1777735458931,429,高级筛选搜索,200,,常规接口测试-50并发 1-47,text,true,,5782,232,32,37,http://localhost:8080/api/post/list/filter?category=运动健身&pageNum=1&pageSize=10,411,0,1
1777735458013,1359,获取帖子列表,200,,常规接口测试-50并发 1-28,text,true,,5517,179,32,37,http://localhost:8080/api/post/list?pageNum=1&pageSize=10,1341,0,0
1777735459116,288,关键词搜索,400,,常规接口测试-50并发 1-48,text,false,,332,183,32,37,http://localhost:8080/api/search/keyword?q=篮球,267,0,0
1777735459134,277,关键词搜索,400,,常规接口测试-50并发 1-37,text,false,,332,183,32,37,http://localhost:8080/api/search/keyword?q=篮球,254,0,0
1777735458106,1319,获取帖子列表,200,,常规接口测试-50并发 1-29,text,true,,5517,179,32,37,http://localhost:8080/api/post/list?pageNum=1&pageSize=10,1293,0,0
1777735459014,421,高级筛选搜索,200,,常规接口测试-50并发 1-34,text,true,,5782,232,32,37,http://localhost:8080/api/post/list/filter?category=运动健身&pageNum=1&pageSize=10,398,0,1
1777735458140,1300,获取帖子列表,200,,常规接口测试-50并发 1-22,text,true,,5517,179,32,37,http://localhost:8080/api/post/list?pageNum=1&pageSize=10,1275,0,0
1777735459156,286,关键词搜索,400,,常规接口测试-50并发 1-49,text,false,,332,183,32,37,http://localhost:8080/api/search/keyword?q=篮球,261,0,0
1777735458123,1322,获取帖子列表,200,,常规接口测试-50并发 1-30,text,true,,5517,179,32,37,http://localhost:8080/api/post/list?pageNum=1&pageSize=10,1297,0,0
1777735459163,284,关键词搜索,400,,常规接口测试-50并发 1-38,text,false,,332,183,32,37,http://localhost:8080/api/search/keyword?q=篮球,263,0,0
1777735459183,265,用户注册,200,,常规接口测试-50并发 1-35,text,true,,725,253,32,37,http://localhost:8080/api/auth/register,245,0,0
1777735458125,1325,获取帖子列表,200,,常规接口测试-50并发 1-40,text,true,,5517,179,32,37,http://localhost:8080/api/post/list?pageNum=1&pageSize=10,1307,0,0
1777735459280,176,用户登录,200,,常规接口测试-50并发 1-46,text,true,,319,218,32,37,http://localhost:8080/api/auth/login,165,0,0
1777735459198,261,关键词搜索,400,,常规接口测试-50并发 1-39,text,false,,332,183,32,37,http://localhost:8080/api/search/keyword?q=篮球,251,0,0
1777735459094,371,高级筛选搜索,200,,常规接口测试-50并发 1-20,text,true,,5782,232,32,37,http://localhost:8080/api/post/list/filter?category=运动健身&pageNum=1&pageSize=10,359,0,0
1777735459197,276,关键词搜索,400,,常规接口测试-50并发 1-21,text,false,,332,183,31,36,http://localhost:8080/api/search/keyword?q=篮球,260,0,0
1777735459198,276,关键词搜索,400,,常规接口测试-50并发 1-50,text,false,,332,183,31,36,http://localhost:8080/api/search/keyword?q=篮球,259,0,0
1777735459121,356,高级筛选搜索,200,,常规接口测试-50并发 1-26,text,true,,5782,232,31,36,http://localhost:8080/api/post/list/filter?category=运动健身&pageNum=1&pageSize=10,340,0,0
1777735459330,149,用户登录,200,,常规接口测试-50并发 1-25,text,true,,319,218,31,36,http://localhost:8080/api/auth/login,132,0,0
1777735459334,148,用户登录,200,,常规接口测试-50并发 1-45,text,true,,319,218,31,36,http://localhost:8080/api/auth/login,131,0,0
1777735458288,1195,获取帖子列表,200,,常规接口测试-50并发 1-23,text,true,,5517,179,31,36,http://localhost:8080/api/post/list?pageNum=1&pageSize=10,1181,0,0
1777735459207,277,高级筛选搜索,200,,常规接口测试-50并发 1-36,text,true,,5782,232,31,36,http://localhost:8080/api/post/list/filter?category=运动健身&pageNum=1&pageSize=10,264,0,0
1777735458284,1204,获取帖子列表,200,,常规接口测试-50并发 1-31,text,true,,5517,179,31,36,http://localhost:8080/api/post/list?pageNum=1&pageSize=10,1191,0,0
1777735458274,1218,获取帖子列表,200,,常规接口测试-50并发 1-41,text,true,,5517,179,31,36,http://localhost:8080/api/post/list?pageNum=1&pageSize=10,1203,0,0
1777735458436,1076,获取帖子列表,200,,常规接口测试-50并发 1-42,text,true,,5517,179,31,36,http://localhost:8080/api/post/list?pageNum=1&pageSize=10,1058,0,0
1777735458467,1049,获取帖子列表,200,,常规接口测试-50并发 1-32,text,true,,5517,179,31,36,http://localhost:8080/api/post/list?pageNum=1&pageSize=10,1031,0,0
1777735459360,164,用户注册,200,,常规接口测试-50并发 1-47,text,true,,725,253,31,36,http://localhost:8080/api/auth/register,145,0,0
1777735459332,215,高级筛选搜索,200,,常规接口测试-50并发 1-19,text,true,,5782,232,31,36,http://localhost:8080/api/post/list/filter?category=运动健身&pageNum=1&pageSize=10,190,0,1
1777735459372,185,关键词搜索,400,,常规接口测试-50并发 1-28,text,false,,332,183,30,35,http://localhost:8080/api/search/keyword?q=篮球,168,0,0
1777735459435,138,用户注册,200,,常规接口测试-50并发 1-34,text,true,,725,253,30,35,http://localhost:8080/api/auth/register,118,0,0
1777735458642,935,获取帖子列表,200,,常规接口测试-50并发 1-24,text,true,,5517,179,30,35,http://localhost:8080/api/post/list?pageNum=1&pageSize=10,914,0,0
1777735459357,226,高级筛选搜索,200,,常规接口测试-50并发 1-27,text,true,,5782,232,30,35,http://localhost:8080/api/post/list/filter?category=运动健身&pageNum=1&pageSize=10,207,0,1
1777735459448,139,用户登录,200,,常规接口测试-50并发 1-35,text,true,,319,218,30,35,http://localhost:8080/api/auth/login,124,0,0
1777735458686,908,获取帖子列表,200,,常规接口测试-50并发 1-43,text,true,,5517,179,30,35,http://localhost:8080/api/post/list?pageNum=1&pageSize=10,897,0,0
1777735459425,174,关键词搜索,400,,常规接口测试-50并发 1-29,text,false,,332,183,30,35,http://localhost:8080/api/search/keyword?q=篮球,160,0,0
1777735459404,199,高级筛选搜索,200,,常规接口测试-50并发 1-48,text,true,,5782,232,30,35,http://localhost:8080/api/post/list/filter?category=运动健身&pageNum=1&pageSize=10,184,0,0
1777735459411,201,高级筛选搜索,200,,常规接口测试-50并发 1-37,text,true,,5782,232,30,35,http://localhost:8080/api/post/list/filter?category=运动健身&pageNum=1&pageSize=10,180,0,1
1777735459441,172,关键词搜索,400,,常规接口测试-50并发 1-22,text,false,,332,183,30,35,http://localhost:8080/api/search/keyword?q=篮球,151,0,0
1777735459445,169,关键词搜索,400,,常规接口测试-50并发 1-30,text,false,,332,183,30,35,http://localhost:8080/api/search/keyword?q=篮球,149,0,0
1777735459450,174,关键词搜索,400,,常规接口测试-50并发 1-40,text,false,,332,183,30,35,http://localhost:8080/api/search/keyword?q=篮球,157,0,0
1777735459442,185,高级筛选搜索,200,,常规接口测试-50并发 1-49,text,true,,5782,232,30,35,http://localhost:8080/api/post/list/filter?category=运动健身&pageNum=1&pageSize=10,172,0,1
1777735459448,182,高级筛选搜索,200,,常规接口测试-50并发 1-38,text,true,,5782,232,30,35,http://localhost:8080/api/post/list/filter?category=运动健身&pageNum=1&pageSize=10,169,0,0
1777735459478,153,用户注册,200,,常规接口测试-50并发 1-26,text,true,,723,253,30,35,http://localhost:8080/api/auth/register,139,0,0
1777735459484,151,用户注册,200,,常规接口测试-50并发 1-36,text,true,,723,251,30,35,http://localhost:8080/api/auth/register,141,0,0
1777735459484,166,关键词搜索,400,,常规接口测试-50并发 1-23,text,false,,332,183,30,35,http://localhost:8080/api/search/keyword?q=篮球,153,0,0
1777735459459,198,高级筛选搜索,200,,常规接口测试-50并发 1-39,text,true,,5782,232,30,35,http://localhost:8080/api/post/list/filter?category=运动健身&pageNum=1&pageSize=10,181,0,1
1777735459488,170,关键词搜索,400,,常规接口测试-50并发 1-31,text,false,,332,183,30,35,http://localhost:8080/api/search/keyword?q=篮球,152,0,0
1777735459524,136,用户登录,200,,常规接口测试-50并发 1-47,text,true,,319,218,30,35,http://localhost:8080/api/auth/login,117,0,0
1777735459492,170,关键词搜索,400,,常规接口测试-50并发 1-41,text,false,,332,183,30,35,http://localhost:8080/api/search/keyword?q=篮球,150,0,0
1777735459474,210,高级筛选搜索,200,,常规接口测试-50并发 1-50,text,true,,5782,232,30,35,http://localhost:8080/api/post/list/filter?category=运动健身&pageNum=1&pageSize=10,189,0,1
1777735459474,211,高级筛选搜索,200,,常规接口测试-50并发 1-21,text,true,,5782,232,30,35,http://localhost:8080/api/post/list/filter?category=运动健身&pageNum=1&pageSize=10,190,0,1
1777735459512,174,关键词搜索,400,,常规接口测试-50并发 1-42,text,false,,332,183,29,34,http://localhost:8080/api/search/keyword?q=篮球,153,0,0
1777735459516,173,关键词搜索,400,,常规接口测试-50并发 1-32,text,false,,332,183,29,34,http://localhost:8080/api/search/keyword?q=篮球,155,0,0
1777735458917,793,获取帖子列表,200,,常规接口测试-50并发 1-44,text,true,,5517,179,29,34,http://localhost:8080/api/post/list?pageNum=1&pageSize=10,771,0,0
1777735459574,146,用户登录,200,,常规接口测试-50并发 1-34,text,true,,319,218,29,34,http://localhost:8080/api/auth/login,124,0,0
1777735459583,156,用户注册,200,,常规接口测试-50并发 1-27,text,true,,725,253,29,34,http://localhost:8080/api/auth/register,130,0,0
1777735459578,182,关键词搜索,400,,常规接口测试-50并发 1-24,text,false,,332,183,29,34,http://localhost:8080/api/search/keyword?q=篮球,153,0,0
1777735459603,161,用户注册,200,,常规接口测试-50并发 1-48,text,true,,724,252,29,34,http://localhost:8080/api/auth/register,128,0,0
1777735459558,226,高级筛选搜索,200,,常规接口测试-50并发 1-28,text,true,,5782,232,29,34,http://localhost:8080/api/post/list/filter?category=运动健身&pageNum=1&pageSize=10,189,0,0
1777735459612,174,用户注册,200,,常规接口测试-50并发 1-37,text,true,,725,253,29,34,http://localhost:8080/api/auth/register,137,0,0
1777735459635,167,用户登录,200,,常规接口测试-50并发 1-36,text,true,,319,218,29,34,http://localhost:8080/api/auth/login,144,0,0
1777735459595,208,关键词搜索,400,,常规接口测试-50并发 1-43,text,false,,332,183,29,34,http://localhost:8080/api/search/keyword?q=篮球,185,0,0
1777735459631,176,用户登录,200,,常规接口测试-50并发 1-26,text,true,,319,218,29,34,http://localhost:8080/api/auth/login,157,0,0
1777735459628,184,用户注册,200,,常规接口测试-50并发 1-49,text,true,,725,253,29,34,http://localhost:8080/api/auth/register,172,0,0
1777735459630,188,用户注册,200,,常规接口测试-50并发 1-38,text,true,,723,253,29,34,http://localhost:8080/api/auth/register,175,0,0
1777735459657,181,用户注册,200,,常规接口测试-50并发 1-39,text,true,,725,253,29,34,http://localhost:8080/api/auth/register,166,0,0
1777735459599,246,高级筛选搜索,200,,常规接口测试-50并发 1-29,text,true,,5782,232,29,34,http://localhost:8080/api/post/list/filter?category=运动健身&pageNum=1&pageSize=10,230,0,1
1777735459684,163,用户注册,200,,常规接口测试-50并发 1-50,text,true,,725,253,29,34,http://localhost:8080/api/auth/register,145,0,0
1777735459613,238,高级筛选搜索,200,,常规接口测试-50并发 1-22,text,true,,5782,232,29,34,http://localhost:8080/api/post/list/filter?category=运动健身&pageNum=1&pageSize=10,219,0,1
1777735459194,699,获取帖子列表,200,,常规接口测试-50并发 1-33,text,true,,5517,179,28,33,http://localhost:8080/api/post/list?pageNum=1&pageSize=10,643,0,0
1777735459614,283,高级筛选搜索,200,,常规接口测试-50并发 1-30,text,true,,5782,232,28,33,http://localhost:8080/api/post/list/filter?category=运动健身&pageNum=1&pageSize=10,229,0,1
1777735459624,298,高级筛选搜索,200,,常规接口测试-50并发 1-40,text,true,,5782,232,28,33,http://localhost:8080/api/post/list/filter?category=运动健身&pageNum=1&pageSize=10,280,0,1
1777735459740,211,用户登录,200,,常规接口测试-50并发 1-27,text,true,,319,218,28,33,http://localhost:8080/api/auth/login,183,0,0
1777735459710,245,关键词搜索,400,,常规接口测试-50并发 1-44,text,false,,332,183,28,33,http://localhost:8080/api/search/keyword?q=篮球,219,0,0
1777735459650,307,高级筛选搜索,200,,常规接口测试-50并发 1-23,text,true,,5782,232,28,33,http://localhost:8080/api/post/list/filter?category=运动健身&pageNum=1&pageSize=10,281,0,1
1777735459765,205,用户登录,200,,常规接口测试-50并发 1-48,text,true,,319,218,27,32,http://localhost:8080/api/auth/login,178,0,0
1777735459786,198,用户登录,200,,常规接口测试-50并发 1-37,text,true,,319,218,27,32,http://localhost:8080/api/auth/login,178,0,0
1777735459658,327,高级筛选搜索,200,,常规接口测试-50并发 1-31,text,true,,5782,232,27,32,http://localhost:8080/api/post/list/filter?category=运动健身&pageNum=1&pageSize=10,309,0,1
1777735459662,326,高级筛选搜索,200,,常规接口测试-50并发 1-41,text,true,,5782,232,27,32,http://localhost:8080/api/post/list/filter?category=运动健身&pageNum=1&pageSize=10,311,0,1
1777735459785,205,用户注册,200,,常规接口测试-50并发 1-28,text,true,,725,253,27,32,http://localhost:8080/api/auth/register,191,0,0
1777735459818,178,用户登录,200,,常规接口测试-50并发 1-38,text,true,,319,218,27,32,http://localhost:8080/api/auth/login,165,0,0
1777735459813,186,用户登录,200,,常规接口测试-50并发 1-49,text,true,,319,218,27,32,http://localhost:8080/api/auth/login,174,0,0
1777735459686,320,高级筛选搜索,200,,常规接口测试-50并发 1-42,text,true,,5782,232,27,32,http://localhost:8080/api/post/list/filter?category=运动健身&pageNum=1&pageSize=10,309,0,0
1777735459689,321,高级筛选搜索,200,,常规接口测试-50并发 1-32,text,true,,5782,232,27,32,http://localhost:8080/api/post/list/filter?category=运动健身&pageNum=1&pageSize=10,308,0,0
1777735459838,180,用户登录,200,,常规接口测试-50并发 1-39,text,true,,319,218,27,32,http://localhost:8080/api/auth/login,169,0,0
1777735459847,179,用户登录,200,,常规接口测试-50并发 1-50,text,true,,319,218,27,32,http://localhost:8080/api/auth/login,166,0,0
1777735459846,182,用户注册,200,,常规接口测试-50并发 1-29,text,true,,724,252,27,32,http://localhost:8080/api/auth/register,168,0,0
1777735459761,270,高级筛选搜索,200,,常规接口测试-50并发 1-24,text,true,,5782,232,27,32,http://localhost:8080/api/post/list/filter?category=运动健身&pageNum=1&pageSize=10,255,0,0
1777735459803,243,高级筛选搜索,200,,常规接口测试-50并发 1-43,text,true,,5782,232,26,31,http://localhost:8080/api/post/list/filter?category=运动健身&pageNum=1&pageSize=10,230,0,0
1777735459898,153,用户注册,200,,常规接口测试-50并发 1-30,text,true,,725,253,26,31,http://localhost:8080/api/auth/register,140,0,0
1777735459894,163,关键词搜索,400,,常规接口测试-50并发 1-33,text,false,,332,183,26,31,http://localhost:8080/api/search/keyword?q=篮球,150,0,0
1777735459922,149,用户注册,200,,常规接口测试-50并发 1-40,text,true,,724,252,26,31,http://localhost:8080/api/auth/register,133,0,0
1777735459986,105,用户注册,200,,常规接口测试-50并发 1-31,text,true,,725,253,26,31,http://localhost:8080/api/auth/register,83,0,0
1777735459990,141,用户登录,200,,常规接口测试-50并发 1-28,text,true,,319,218,26,31,http://localhost:8080/api/auth/login,118,0,0
1777735459988,156,用户注册,200,,常规接口测试-50并发 1-41,text,true,,725,253,26,31,http://localhost:8080/api/auth/register,131,0,0
1777735460010,161,用户注册,200,,常规接口测试-50并发 1-32,text,true,,725,253,26,31,http://localhost:8080/api/auth/register,138,0,0
1777735460006,168,用户注册,200,,常规接口测试-50并发 1-42,text,true,,723,253,26,31,http://localhost:8080/api/auth/register,146,0,0
1777735459457,722,获取帖子列表,200,,常规接口测试-50并发 1-46,text,true,,5517,179,26,31,http://localhost:8080/api/post/list?pageNum=1&pageSize=10,701,0,0
1777735460029,163,用户登录,200,,常规接口测试-50并发 1-29,text,true,,319,218,26,31,http://localhost:8080/api/auth/login,147,0,0
1777735460051,181,用户登录,200,,常规接口测试-50并发 1-30,text,true,,319,218,26,31,http://localhost:8080/api/auth/login,148,0,0
1777735459482,752,获取帖子列表,200,,常规接口测试-50并发 1-45,text,true,,5517,179,26,31,http://localhost:8080/api/post/list?pageNum=1&pageSize=10,720,0,0
1777735460046,190,用户注册,200,,常规接口测试-50并发 1-43,text,true,,725,253,26,31,http://localhost:8080/api/auth/register,157,0,0
1777735459955,284,高级筛选搜索,200,,常规接口测试-50并发 1-44,text,true,,5782,232,26,31,http://localhost:8080/api/post/list/filter?category=运动健身&pageNum=1&pageSize=10,252,0,1
1777735459480,766,获取帖子列表,200,,常规接口测试-50并发 1-25,text,true,,5517,179,26,31,http://localhost:8080/api/post/list?pageNum=1&pageSize=10,735,0,0
1777735460071,199,用户登录,200,,常规接口测试-50并发 1-40,text,true,,319,218,26,31,http://localhost:8080/api/auth/login,180,0,0
1777735460091,187,用户登录,200,,常规接口测试-50并发 1-31,text,true,,319,218,26,31,http://localhost:8080/api/auth/login,170,0,0
1777735460144,174,用户登录,200,,常规接口测试-50并发 1-41,text,true,,319,218,26,31,http://localhost:8080/api/auth/login,158,0,0
1777735460172,155,用户登录,200,,常规接口测试-50并发 1-32,text,true,,319,218,26,31,http://localhost:8080/api/auth/login,141,0,0
1777735460174,162,用户登录,200,,常规接口测试-50并发 1-42,text,true,,319,218,26,31,http://localhost:8080/api/auth/login,147,0,0
1777735460057,279,高级筛选搜索,200,,常规接口测试-50并发 1-33,text,true,,5782,232,26,31,http://localhost:8080/api/post/list/filter?category=运动健身&pageNum=1&pageSize=10,265,0,1
1777735460180,175,关键词搜索,400,,常规接口测试-50并发 1-46,text,false,,332,183,26,31,http://localhost:8080/api/search/keyword?q=篮球,161,0,0
1777735459588,770,获取帖子列表,200,,常规接口测试-50并发 1-35,text,true,,5517,179,26,31,http://localhost:8080/api/post/list?pageNum=1&pageSize=10,756,0,0
1777735460236,143,用户登录,200,,常规接口测试-50并发 1-43,text,true,,319,218,26,31,http://localhost:8080/api/auth/login,122,0,0
1777735460239,148,用户注册,200,,常规接口测试-50并发 1-44,text,true,,725,253,26,31,http://localhost:8080/api/auth/register,124,0,0
1777735460234,166,关键词搜索,400,,常规接口测试-50并发 1-45,text,false,,332,183,26,31,http://localhost:8080/api/search/keyword?q=篮球,150,0,0
1777735460246,159,关键词搜索,400,,常规接口测试-50并发 1-25,text,false,,332,183,26,31,http://localhost:8080/api/search/keyword?q=篮球,149,0,0
1777735460336,115,用户注册,200,,常规接口测试-50并发 1-33,text,true,,724,252,26,31,http://localhost:8080/api/auth/register,109,0,0
1777735460358,104,关键词搜索,400,,常规接口测试-50并发 1-35,text,false,,332,183,26,31,http://localhost:8080/api/search/keyword?q=篮球,97,0,0
1777735460387,78,用户登录,200,,常规接口测试-50并发 1-44,text,true,,319,218,26,31,http://localhost:8080/api/auth/login,71,0,0
1777735459660,866,获取帖子列表,200,,常规接口测试-50并发 1-47,text,true,,5517,179,26,31,http://localhost:8080/api/post/list?pageNum=1&pageSize=10,860,0,0
1777735460452,78,用户登录,200,,常规接口测试-50并发 1-33,text,true,,319,218,26,31,http://localhost:8080/api/auth/login,71,0,0
1777735460527,43,关键词搜索,400,,常规接口测试-50并发 1-47,text,false,,332,183,26,31,http://localhost:8080/api/search/keyword?q=篮球,43,0,0
1777735460355,254,高级筛选搜索,200,,常规接口测试-50并发 1-46,text,true,,5782,232,26,31,http://localhost:8080/api/post/list/filter?category=运动健身&pageNum=1&pageSize=10,250,0,1
1777735460400,238,高级筛选搜索,200,,常规接口测试-50并发 1-45,text,true,,5782,232,26,31,http://localhost:8080/api/post/list/filter?category=运动健身&pageNum=1&pageSize=10,231,0,1
1777735460406,233,高级筛选搜索,200,,常规接口测试-50并发 1-25,text,true,,5782,232,26,31,http://localhost:8080/api/post/list/filter?category=运动健身&pageNum=1&pageSize=10,226,0,0
1777735459720,942,获取帖子列表,200,,常规接口测试-50并发 1-34,text,true,,5517,179,25,30,http://localhost:8080/api/post/list?pageNum=1&pageSize=10,935,0,0
1777735459803,859,获取帖子列表,200,,常规接口测试-50并发 1-36,text,true,,5517,179,25,30,http://localhost:8080/api/post/list?pageNum=1&pageSize=10,853,0,0
1777735460609,65,用户注册,200,,常规接口测试-50并发 1-46,text,true,,725,253,25,30,http://localhost:8080/api/auth/register,56,0,0
1777735460462,269,高级筛选搜索,200,,常规接口测试-50并发 1-35,text,true,,5782,232,25,30,http://localhost:8080/api/post/list/filter?category=运动健身&pageNum=1&pageSize=10,260,0,0
1777735460638,101,用户注册,200,,常规接口测试-50并发 1-45,text,true,,725,253,25,30,http://localhost:8080/api/auth/register,92,0,0
1777735460662,88,关键词搜索,400,,常规接口测试-50并发 1-36,text,false,,332,183,25,30,http://localhost:8080/api/search/keyword?q=篮球,79,0,0
1777735459807,947,获取帖子列表,200,,常规接口测试-50并发 1-26,text,true,,5517,179,25,30,http://localhost:8080/api/post/list?pageNum=1&pageSize=10,937,0,0
1777735460662,92,关键词搜索,400,,常规接口测试-50并发 1-34,text,false,,332,183,25,30,http://localhost:8080/api/search/keyword?q=篮球,83,0,0
1777735460674,94,用户登录,200,,常规接口测试-50并发 1-46,text,true,,319,218,25,30,http://localhost:8080/api/auth/login,85,0,0
1777735460571,235,高级筛选搜索,200,,常规接口测试-50并发 1-47,text,true,,5782,232,25,30,http://localhost:8080/api/post/list/filter?category=运动健身&pageNum=1&pageSize=10,217,0,0
1777735460739,99,用户登录,200,,常规接口测试-50并发 1-45,text,true,,319,218,25,30,http://localhost:8080/api/auth/login,92,0,0
1777735460731,109,用户注册,200,,常规接口测试-50并发 1-35,text,true,,725,253,25,30,http://localhost:8080/api/auth/register,102,0,0
1777735460754,96,关键词搜索,400,,常规接口测试-50并发 1-26,text,false,,332,183,25,30,http://localhost:8080/api/search/keyword?q=篮球,90,0,0
1777735460806,74,用户注册,200,,常规接口测试-50并发 1-47,text,true,,725,253,25,30,http://localhost:8080/api/auth/register,71,0,0
1777735460841,53,用户登录,200,,常规接口测试-50并发 1-35,text,true,,319,218,25,30,http://localhost:8080/api/auth/login,50,0,0
1777735459951,967,获取帖子列表,200,,常规接口测试-50并发 1-27,text,true,,5517,179,25,30,http://localhost:8080/api/post/list?pageNum=1&pageSize=10,963,0,0
1777735460880,41,用户登录,200,,常规接口测试-50并发 1-47,text,true,,319,218,25,30,http://localhost:8080/api/auth/login,38,0,0
1777735460918,36,关键词搜索,400,,常规接口测试-50并发 1-27,text,false,,332,183,25,30,http://localhost:8080/api/search/keyword?q=篮球,31,0,0
1777735459970,994,获取帖子列表,200,,常规接口测试-50并发 1-48,text,true,,5517,179,25,30,http://localhost:8080/api/post/list?pageNum=1&pageSize=10,987,0,0
1777735459999,978,获取帖子列表,200,,常规接口测试-50并发 1-49,text,true,,5517,179,25,30,http://localhost:8080/api/post/list?pageNum=1&pageSize=10,973,0,0
1777735459984,1003,获取帖子列表,200,,常规接口测试-50并发 1-37,text,true,,5517,179,25,30,http://localhost:8080/api/post/list?pageNum=1&pageSize=10,995,0,0
1777735460754,278,高级筛选搜索,200,,常规接口测试-50并发 1-34,text,true,,5782,232,25,30,http://localhost:8080/api/post/list/filter?category=运动健身&pageNum=1&pageSize=10,268,0,1
1777735460751,283,高级筛选搜索,200,,常规接口测试-50并发 1-36,text,true,,5782,232,25,30,http://localhost:8080/api/post/list/filter?category=运动健身&pageNum=1&pageSize=10,272,0,0
1777735460018,1016,获取帖子列表,200,,常规接口测试-50并发 1-39,text,true,,5517,179,25,30,http://localhost:8080/api/post/list?pageNum=1&pageSize=10,1006,0,0
1777735460964,73,关键词搜索,400,,常规接口测试-50并发 1-48,text,false,,332,183,25,30,http://localhost:8080/api/search/keyword?q=篮球,62,0,0
1777735460026,1024,获取帖子列表,200,,常规接口测试-50并发 1-50,text,true,,5517,179,25,30,http://localhost:8080/api/post/list?pageNum=1&pageSize=10,1014,0,0
1777735459996,1056,获取帖子列表,200,,常规接口测试-50并发 1-38,text,true,,5517,179,25,30,http://localhost:8080/api/post/list?pageNum=1&pageSize=10,1046,0,0
1777735460978,79,关键词搜索,400,,常规接口测试-50并发 1-49,text,false,,332,183,25,30,http://localhost:8080/api/search/keyword?q=篮球,69,0,0
1777735460987,96,关键词搜索,400,,常规接口测试-50并发 1-37,text,false,,332,183,25,30,http://localhost:8080/api/search/keyword?q=篮球,74,0,0
1777735460851,250,高级筛选搜索,200,,常规接口测试-50并发 1-26,text,true,,5782,232,25,30,http://localhost:8080/api/post/list/filter?category=运动健身&pageNum=1&pageSize=10,239,0,0
1777735461032,104,用户注册,200,,常规接口测试-50并发 1-34,text,true,,725,253,24,29,http://localhost:8080/api/auth/register,96,0,0
1777735461034,105,关键词搜索,400,,常规接口测试-50并发 1-39,text,false,,332,183,24,29,http://localhost:8080/api/search/keyword?q=篮球,97,0,0
1777735461034,110,用户注册,200,,常规接口测试-50并发 1-36,text,true,,725,253,24,29,http://localhost:8080/api/auth/register,102,0,0
1777735460955,195,高级筛选搜索,200,,常规接口测试-50并发 1-27,text,true,,5782,232,24,29,http://localhost:8080/api/post/list/filter?category=运动健身&pageNum=1&pageSize=10,187,0,0
1777735461050,101,关键词搜索,400,,常规接口测试-50并发 1-50,text,false,,332,183,23,28,http://localhost:8080/api/search/keyword?q=篮球,92,0,0
1777735461052,105,关键词搜索,400,,常规接口测试-50并发 1-38,text,false,,332,183,23,28,http://localhost:8080/api/search/keyword?q=篮球,96,0,0
1777735460131,1088,获取帖子列表,200,,常规接口测试-50并发 1-28,text,true,,5517,179,23,28,http://localhost:8080/api/post/list?pageNum=1&pageSize=10,1073,0,0
1777735461136,96,用户登录,200,,常规接口测试-50并发 1-34,text,true,,319,218,23,28,http://localhost:8080/api/auth/login,86,0,0
1777735461145,99,用户登录,200,,常规接口测试-50并发 1-36,text,true,,319,218,23,28,http://localhost:8080/api/auth/login,90,0,0
1777735460192,1084,获取帖子列表,200,,常规接口测试-50并发 1-29,text,true,,5517,179,23,28,http://localhost:8080/api/post/list?pageNum=1&pageSize=10,1077,0,0
1777735461037,241,高级筛选搜索,200,,常规接口测试-50并发 1-48,text,true,,5782,232,23,28,http://localhost:8080/api/post/list/filter?category=运动健身&pageNum=1&pageSize=10,234,0,0
1777735461057,226,高级筛选搜索,200,,常规接口测试-50并发 1-49,text,true,,5782,232,23,28,http://localhost:8080/api/post/list/filter?category=运动健身&pageNum=1&pageSize=10,220,0,1
1777735461219,67,关键词搜索,400,,常规接口测试-50并发 1-28,text,false,,332,183,23,28,http://localhost:8080/api/search/keyword?q=篮球,60,0,0
1777735460232,1081,获取帖子列表,200,,常规接口测试-50并发 1-30,text,true,,5517,179,23,28,http://localhost:8080/api/post/list?pageNum=1&pageSize=10,1066,0,0
1777735461083,235,高级筛选搜索,200,,常规接口测试-50并发 1-37,text,true,,5782,232,23,28,http://localhost:8080/api/post/list/filter?category=运动健身&pageNum=1&pageSize=10,218,0,1
1777735460271,1070,获取帖子列表,200,,常规接口测试-50并发 1-40,text,true,,5517,179,23,28,http://localhost:8080/api/post/list?pageNum=1&pageSize=10,1045,0,0
1777735460278,1089,获取帖子列表,200,,常规接口测试-50并发 1-31,text,true,,5517,179,23,28,http://localhost:8080/api/post/list?pageNum=1&pageSize=10,1080,0,0
1777735461140,252,高级筛选搜索,200,,常规接口测试-50并发 1-39,text,true,,5782,232,23,28,http://localhost:8080/api/post/list/filter?category=运动健身&pageNum=1&pageSize=10,233,0,0
1777735461151,247,高级筛选搜索,200,,常规接口测试-50并发 1-50,text,true,,5782,232,23,28,http://localhost:8080/api/post/list/filter?category=运动健身&pageNum=1&pageSize=10,228,0,0
1777735460328,1076,获取帖子列表,200,,常规接口测试-50并发 1-32,text,true,,5517,179,23,28,http://localhost:8080/api/post/list?pageNum=1&pageSize=10,1058,0,0
1777735461279,130,用户注册,200,,常规接口测试-50并发 1-48,text,true,,725,253,23,28,http://localhost:8080/api/auth/register,115,0,0
1777735461277,136,关键词搜索,400,,常规接口测试-50并发 1-29,text,false,,332,183,23,28,http://localhost:8080/api/search/keyword?q=篮球,123,0,0
1777735461284,129,用户注册,200,,常规接口测试-50并发 1-49,text,true,,313,253,23,28,http://localhost:8080/api/auth/register,118,0,0
1777735461157,260,高级筛选搜索,200,,常规接口测试-50并发 1-38,text,true,,5782,232,23,28,http://localhost:8080/api/post/list/filter?category=运动健身&pageNum=1&pageSize=10,249,0,0
1777735460319,1114,获取帖子列表,200,,常规接口测试-50并发 1-41,text,true,,5517,179,23,28,http://localhost:8080/api/post/list?pageNum=1&pageSize=10,1099,0,0
1777735460379,1066,获取帖子列表,200,,常规接口测试-50并发 1-43,text,true,,5517,179,23,28,http://localhost:8080/api/post/list?pageNum=1&pageSize=10,1050,0,0
1777735461318,127,用户注册,200,,常规接口测试-50并发 1-37,text,true,,725,253,23,28,http://localhost:8080/api/auth/register,111,0,0
1777735460336,1113,获取帖子列表,200,,常规接口测试-50并发 1-42,text,true,,5517,179,23,28,http://localhost:8080/api/post/list?pageNum=1&pageSize=10,1098,0,0
1777735461313,144,关键词搜索,400,,常规接口测试-50并发 1-30,text,false,,332,183,23,28,http://localhost:8080/api/search/keyword?q=篮球,134,0,0
1777735460530,943,获取帖子列表,200,,常规接口测试-50并发 1-33,text,true,,5517,179,23,28,http://localhost:8080/api/post/list?pageNum=1&pageSize=10,931,0,0
1777735461341,134,关键词搜索,400,,常规接口测试-50并发 1-40,text,false,,332,183,23,28,http://localhost:8080/api/search/keyword?q=篮球,122,0,0
1777735461286,202,高级筛选搜索,200,,常规接口测试-50并发 1-28,text,true,,5782,232,23,28,http://localhost:8080/api/post/list/filter?category=运动健身&pageNum=1&pageSize=10,185,0,1
1777735460465,1028,获取帖子列表,200,,常规接口测试-50并发 1-44,text,true,,5517,179,22,27,http://localhost:8080/api/post/list?pageNum=1&pageSize=10,1011,0,0
1777735461392,106,用户注册,200,,常规接口测试-50并发 1-39,text,true,,725,253,22,27,http://localhost:8080/api/auth/register,90,0,0
1777735461367,140,关键词搜索,400,,常规接口测试-50并发 1-31,text,false,,332,183,22,27,http://localhost:8080/api/search/keyword?q=篮球,129,0,0
1777735461410,105,用户登录,200,,常规接口测试-50并发 1-48,text,true,,319,218,22,27,http://localhost:8080/api/auth/login,96,0,0
1777735461398,118,用户注册,200,,常规接口测试-50并发 1-50,text,true,,725,253,22,27,http://localhost:8080/api/auth/register,108,0,0
1777735461414,108,用户登录,200,,常规接口测试-50并发 1-49,text,true,,319,218,22,27,http://localhost:8080/api/auth/login,97,0,0
1777735461404,127,关键词搜索,400,,常规接口测试-50并发 1-32,text,false,,332,183,22,27,http://localhost:8080/api/search/keyword?q=篮球,115,0,0
1777735461417,116,用户注册,200,,常规接口测试-50并发 1-38,text,true,,724,252,22,27,http://localhost:8080/api/auth/register,104,0,0
1777735461446,101,用户登录,200,,常规接口测试-50并发 1-37,text,true,,319,218,22,27,http://localhost:8080/api/auth/login,94,0,0
1777735461434,120,关键词搜索,400,,常规接口测试-50并发 1-41,text,false,,332,183,22,27,http://localhost:8080/api/search/keyword?q=篮球,111,0,0
1777735461445,120,关键词搜索,400,,常规接口测试-50并发 1-43,text,false,,332,183,22,27,http://localhost:8080/api/search/keyword?q=篮球,107,0,0
1777735461449,121,关键词搜索,400,,常规接口测试-50并发 1-42,text,false,,332,183,22,27,http://localhost:8080/api/search/keyword?q=篮球,109,0,0
1777735461413,175,高级筛选搜索,200,,常规接口测试-50并发 1-29,text,true,,5782,232,22,27,http://localhost:8080/api/post/list/filter?category=运动健身&pageNum=1&pageSize=10,160,0,0
1777735460768,828,获取帖子列表,200,,常规接口测试-50并发 1-46,text,true,,5517,179,21,26,http://localhost:8080/api/post/list?pageNum=1&pageSize=10,812,0,0
1777735460838,760,获取帖子列表,200,,常规接口测试-50并发 1-45,text,true,,5517,179,21,26,http://localhost:8080/api/post/list?pageNum=1&pageSize=10,743,0,0
1777735461473,126,关键词搜索,400,,常规接口测试-50并发 1-33,text,false,,332,183,21,26,http://localhost:8080/api/search/keyword?q=篮球,109,0,0
1777735461498,103,用户登录,200,,常规接口测试-50并发 1-39,text,true,,319,218,21,26,http://localhost:8080/api/auth/login,87,0,0
1777735460894,710,获取帖子列表,200,,常规接口测试-50并发 1-35,text,true,,5517,179,21,26,http://localhost:8080/api/post/list?pageNum=1&pageSize=10,697,0,0
1777735461493,126,关键词搜索,400,,常规接口测试-50并发 1-44,text,false,,332,183,21,26,http://localhost:8080/api/search/keyword?q=篮球,111,0,0
1777735461516,107,用户登录,200,,常规接口测试-50并发 1-50,text,true,,319,218,21,26,http://localhost:8080/api/auth/login,92,0,0
1777735461457,171,高级筛选搜索,200,,常规接口测试-50并发 1-30,text,true,,5782,232,21,26,http://localhost:8080/api/post/list/filter?category=运动健身&pageNum=1&pageSize=10,159,0,1
1777735460921,713,获取帖子列表,200,,常规接口测试-50并发 1-47,text,true,,5517,179,20,25,http://localhost:8080/api/post/list?pageNum=1&pageSize=10,700,0,0
1777735461534,103,用户登录,200,,常规接口测试-50并发 1-38,text,true,,319,218,20,25,http://localhost:8080/api/auth/login,92,0,0
1777735461475,168,高级筛选搜索,200,,常规接口测试-50并发 1-40,text,true,,5782,232,20,25,http://localhost:8080/api/post/list/filter?category=运动健身&pageNum=1&pageSize=10,161,0,1
1777735461507,148,高级筛选搜索,200,,常规接口测试-50并发 1-31,text,true,,5782,232,20,25,http://localhost:8080/api/post/list/filter?category=运动健身&pageNum=1&pageSize=10,141,0,1
1777735461597,86,关键词搜索,400,,常规接口测试-50并发 1-46,text,false,,332,183,19,24,http://localhost:8080/api/search/keyword?q=篮球,80,0,0
1777735461531,153,高级筛选搜索,200,,常规接口测试-50并发 1-32,text,true,,5782,232,19,24,http://localhost:8080/api/post/list/filter?category=运动健身&pageNum=1&pageSize=10,147,0,1
1777735461598,88,关键词搜索,400,,常规接口测试-50并发 1-45,text,false,,332,183,18,23,http://localhost:8080/api/search/keyword?q=篮球,81,0,0
1777735461605,81,关键词搜索,400,,常规接口测试-50并发 1-35,text,false,,332,183,18,23,http://localhost:8080/api/search/keyword?q=篮球,75,0,0
1777735461634,62,关键词搜索,400,,常规接口测试-50并发 1-47,text,false,,332,183,18,23,http://localhost:8080/api/search/keyword?q=篮球,57,0,0
1777735461643,74,用户注册,200,,常规接口测试-50并发 1-40,text,true,,725,253,18,23,http://localhost:8080/api/auth/register,69,0,0
1777735461555,170,高级筛选搜索,200,,常规接口测试-50并发 1-41,text,true,,5782,232,18,23,http://localhost:8080/api/post/list/filter?category=运动健身&pageNum=1&pageSize=10,166,0,0
1777735461565,173,高级筛选搜索,200,,常规接口测试-50并发 1-43,text,true,,5782,232,18,23,http://localhost:8080/api/post/list/filter?category=运动健身&pageNum=1&pageSize=10,173,0,1
1777735461718,34,用户登录,200,,常规接口测试-50并发 1-40,text,true,,319,218,18,23,http://localhost:8080/api/auth/login,32,0,0
1777735461725,69,用户注册,200,,常规接口测试-50并发 1-41,text,true,,725,253,18,23,http://localhost:8080/api/auth/register,62,0,0
1777735461232,576,获取帖子列表,200,,常规接口测试-50并发 1-34,text,true,,5517,179,18,23,http://localhost:8080/api/post/list?pageNum=1&pageSize=10,568,0,0
1777735461739,84,用户注册,200,,常规接口测试-50并发 1-43,text,true,,723,253,18,23,http://localhost:8080/api/auth/register,75,0,0
1777735461599,235,高级筛选搜索,200,,常规接口测试-50并发 1-33,text,true,,5782,232,18,23,http://localhost:8080/api/post/list/filter?category=运动健身&pageNum=1&pageSize=10,228,0,1
1777735461619,219,高级筛选搜索,200,,常规接口测试-50并发 1-44,text,true,,5782,232,17,22,http://localhost:8080/api/post/list/filter?category=运动健身&pageNum=1&pageSize=10,213,0,1
1777735461570,285,高级筛选搜索,200,,常规接口测试-50并发 1-42,text,true,,5782,232,17,22,http://localhost:8080/api/post/list/filter?category=运动健身&pageNum=1&pageSize=10,272,0,1
1777735461794,77,用户登录,200,,常规接口测试-50并发 1-41,text,true,,319,218,17,22,http://localhost:8080/api/auth/login,71,0,0
1777735461809,69,关键词搜索,400,,常规接口测试-50并发 1-34,text,false,,332,183,17,22,http://localhost:8080/api/search/keyword?q=篮球,64,0,0
1777735461244,639,获取帖子列表,200,,常规接口测试-50并发 1-36,text,true,,5517,179,17,22,http://localhost:8080/api/post/list?pageNum=1&pageSize=10,634,0,0
1777735461823,63,用户登录,200,,常规接口测试-50并发 1-43,text,true,,319,218,17,22,http://localhost:8080/api/auth/login,58,0,0
1777735461686,204,高级筛选搜索,200,,常规接口测试-50并发 1-45,text,true,,5782,232,17,22,http://localhost:8080/api/post/list/filter?category=运动健身&pageNum=1&pageSize=10,203,0,0
1777735461683,210,高级筛选搜索,200,,常规接口测试-50并发 1-46,text,true,,5782,232,17,22,http://localhost:8080/api/post/list/filter?category=运动健身&pageNum=1&pageSize=10,206,0,1
1777735461687,212,高级筛选搜索,200,,常规接口测试-50并发 1-35,text,true,,5782,232,17,22,http://localhost:8080/api/post/list/filter?category=运动健身&pageNum=1&pageSize=10,205,0,1
1777735461838,70,用户注册,200,,常规接口测试-50并发 1-44,text,true,,725,253,16,21,http://localhost:8080/api/auth/register,59,0,0
1777735461855,65,用户注册,200,,常规接口测试-50并发 1-42,text,true,,725,253,16,21,http://localhost:8080/api/auth/register,56,0,0
1777735461697,240,高级筛选搜索,200,,常规接口测试-50并发 1-47,text,true,,5782,232,16,21,http://localhost:8080/api/post/list/filter?category=运动健身&pageNum=1&pageSize=10,228,0,0
1777735461883,76,关键词搜索,400,,常规接口测试-50并发 1-36,text,false,,332,183,16,21,http://localhost:8080/api/search/keyword?q=篮球,69,0,0
1777735461890,83,用户注册,200,,常规接口测试-50并发 1-45,text,true,,725,253,16,21,http://localhost:8080/api/auth/register,74,0,0
1777735461894,85,用户注册,200,,常规接口测试-50并发 1-46,text,true,,725,253,16,21,http://localhost:8080/api/auth/register,77,0,0
1777735461908,74,用户登录,200,,常规接口测试-50并发 1-44,text,true,,319,218,16,21,http://localhost:8080/api/auth/login,68,0,0
1777735461920,71,用户登录,200,,常规接口测试-50并发 1-42,text,true,,319,218,16,21,http://localhost:8080/api/auth/login,64,0,0
1777735461937,76,用户注册,200,,常规接口测试-50并发 1-47,text,true,,725,253,16,21,http://localhost:8080/api/auth/register,67,0,0
1777735461878,139,高级筛选搜索,200,,常规接口测试-50并发 1-34,text,true,,5782,232,16,21,http://localhost:8080/api/post/list/filter?category=运动健身&pageNum=1&pageSize=10,133,0,1
1777735461973,52,用户登录,200,,常规接口测试-50并发 1-45,text,true,,319,218,15,20,http://localhost:8080/api/auth/login,49,0,0
1777735461979,51,用户登录,200,,常规接口测试-50并发 1-46,text,true,,319,218,15,20,http://localhost:8080/api/auth/login,47,0,0
1777735462013,28,用户登录,200,,常规接口测试-50并发 1-47,text,true,,319,218,15,20,http://localhost:8080/api/auth/login,25,0,0
1777735461959,143,高级筛选搜索,200,,常规接口测试-50并发 1-36,text,true,,5782,232,15,20,http://localhost:8080/api/post/list/filter?category=运动健身&pageNum=1&pageSize=10,141,0,0
1777735461515,675,获取帖子列表,200,,常规接口测试-50并发 1-48,text,true,,5517,179,14,19,http://localhost:8080/api/post/list?pageNum=1&pageSize=10,675,0,0
1777735462191,13,关键词搜索,400,,常规接口测试-50并发 1-48,text,false,,332,183,14,19,http://localhost:8080/api/search/keyword?q=篮球,9,0,0
1777735461522,693,获取帖子列表,200,,常规接口测试-50并发 1-49,text,true,,5517,179,14,19,http://localhost:8080/api/post/list?pageNum=1&pageSize=10,690,0,0
1777735462215,14,关键词搜索,400,,常规接口测试-50并发 1-49,text,false,,332,183,14,19,http://localhost:8080/api/search/keyword?q=篮球,12,0,0
1777735461547,715,获取帖子列表,200,,常规接口测试-50并发 1-37,text,true,,5517,179,14,19,http://localhost:8080/api/post/list?pageNum=1&pageSize=10,713,0,0
1777735462262,41,关键词搜索,400,,常规接口测试-50并发 1-37,text,false,,332,183,14,19,http://localhost:8080/api/search/keyword?q=篮球,15,0,0
1777735461601,763,获取帖子列表,200,,常规接口测试-50并发 1-39,text,true,,5517,179,14,19,http://localhost:8080/api/post/list?pageNum=1&pageSize=10,763,0,0
1777735462365,9,关键词搜索,400,,常规接口测试-50并发 1-39,text,false,,332,183,14,19,http://localhost:8080/api/search/keyword?q=篮球,9,0,0
1777735462204,190,高级筛选搜索,200,,常规接口测试-50并发 1-48,text,true,,5782,232,14,19,http://localhost:8080/api/post/list/filter?category=运动健身&pageNum=1&pageSize=10,189,0,0
1777735461637,764,获取帖子列表,200,,常规接口测试-50并发 1-38,text,true,,5517,179,14,19,http://localhost:8080/api/post/list?pageNum=1&pageSize=10,762,0,0
1777735462229,185,高级筛选搜索,200,,常规接口测试-50并发 1-49,text,true,,5782,232,14,19,http://localhost:8080/api/post/list/filter?category=运动健身&pageNum=1&pageSize=10,183,0,0
1777735462401,14,关键词搜索,400,,常规接口测试-50并发 1-38,text,false,,332,183,14,19,http://localhost:8080/api/search/keyword?q=篮球,11,0,0
1777735461623,799,获取帖子列表,200,,常规接口测试-50并发 1-50,text,true,,5517,179,14,19,http://localhost:8080/api/post/list?pageNum=1&pageSize=10,797,0,0
1777735462394,34,用户注册,200,,常规接口测试-50并发 1-48,text,true,,725,253,14,19,http://localhost:8080/api/auth/register,32,0,0
1777735462422,21,关键词搜索,400,,常规接口测试-50并发 1-50,text,false,,332,183,14,19,http://localhost:8080/api/search/keyword?q=篮球,20,0,0
1777735462414,36,用户注册,200,,常规接口测试-50并发 1-49,text,true,,725,253,14,19,http://localhost:8080/api/auth/register,34,0,0
1777735462429,23,用户登录,200,,常规接口测试-50并发 1-48,text,true,,319,218,14,19,http://localhost:8080/api/auth/login,21,0,0
1777735462304,158,高级筛选搜索,200,,常规接口测试-50并发 1-37,text,true,,5782,232,14,19,http://localhost:8080/api/post/list/filter?category=运动健身&pageNum=1&pageSize=10,155,0,0
1777735462451,20,用户登录,200,,常规接口测试-50并发 1-49,text,true,,319,218,13,18,http://localhost:8080/api/auth/login,19,0,0
1777735461752,724,获取帖子列表,200,,常规接口测试-50并发 1-40,text,true,,5517,179,13,18,http://localhost:8080/api/post/list?pageNum=1&pageSize=10,723,0,0
1777735462374,116,高级筛选搜索,200,,常规接口测试-50并发 1-39,text,true,,5782,232,13,18,http://localhost:8080/api/post/list/filter?category=运动健身&pageNum=1&pageSize=10,112,0,0
1777735462476,22,关键词搜索,400,,常规接口测试-50并发 1-40,text,false,,332,183,12,17,http://localhost:8080/api/search/keyword?q=篮球,21,0,0
1777735462415,111,高级筛选搜索,200,,常规接口测试-50并发 1-38,text,true,,5782,232,12,17,http://localhost:8080/api/post/list/filter?category=运动健身&pageNum=1&pageSize=10,110,0,1
1777735461871,665,获取帖子列表,200,,常规接口测试-50并发 1-41,text,true,,5517,179,11,16,http://localhost:8080/api/post/list?pageNum=1&pageSize=10,664,0,0
1777735462536,9,关键词搜索,400,,常规接口测试-50并发 1-41,text,false,,332,183,11,16,http://localhost:8080/api/search/keyword?q=篮球,7,0,0
1777735462443,110,高级筛选搜索,200,,常规接口测试-50并发 1-50,text,true,,5782,232,11,16,http://localhost:8080/api/post/list/filter?category=运动健身&pageNum=1&pageSize=10,107,0,1
1777735461886,678,获取帖子列表,200,,常规接口测试-50并发 1-43,text,true,,5517,179,11,16,http://localhost:8080/api/post/list?pageNum=1&pageSize=10,676,0,0
1777735462565,9,关键词搜索,400,,常规接口测试-50并发 1-43,text,false,,332,183,11,16,http://localhost:8080/api/search/keyword?q=篮球,8,0,0
1777735462553,34,用户注册,200,,常规接口测试-50并发 1-50,text,true,,723,251,11,16,http://localhost:8080/api/auth/register,33,0,0
1777735462498,98,高级筛选搜索,200,,常规接口测试-50并发 1-40,text,true,,5782,232,11,16,http://localhost:8080/api/post/list/filter?category=运动健身&pageNum=1&pageSize=10,97,0,0
1777735462587,12,用户登录,200,,常规接口测试-50并发 1-50,text,true,,319,218,10,15,http://localhost:8080/api/auth/login,12,0,0
1777735461991,651,获取帖子列表,200,,常规接口测试-50并发 1-42,text,true,,5517,179,10,15,http://localhost:8080/api/post/list?pageNum=1&pageSize=10,648,0,0
1777735462545,98,高级筛选搜索,200,,常规接口测试-50并发 1-41,text,true,,5782,232,10,15,http://localhost:8080/api/post/list/filter?category=运动健身&pageNum=1&pageSize=10,95,0,1
1777735461982,671,获取帖子列表,200,,常规接口测试-50并发 1-44,text,true,,5517,179,9,14,http://localhost:8080/api/post/list?pageNum=1&pageSize=10,669,0,0
1777735462025,629,获取帖子列表,200,,常规接口测试-50并发 1-45,text,true,,5517,179,9,14,http://localhost:8080/api/post/list?pageNum=1&pageSize=10,627,0,0
1777735462030,629,获取帖子列表,200,,常规接口测试-50并发 1-46,text,true,,5517,179,9,14,http://localhost:8080/api/post/list?pageNum=1&pageSize=10,627,0,0
1777735462575,87,高级筛选搜索,200,,常规接口测试-50并发 1-43,text,true,,5782,232,9,14,http://localhost:8080/api/post/list/filter?category=运动健身&pageNum=1&pageSize=10,85,0,1
1777735462642,21,关键词搜索,400,,常规接口测试-50并发 1-42,text,false,,332,183,8,13,http://localhost:8080/api/search/keyword?q=篮球,19,0,0
1777735462041,626,获取帖子列表,200,,常规接口测试-50并发 1-47,text,true,,5517,179,8,13,http://localhost:8080/api/post/list?pageNum=1&pageSize=10,624,0,0
1777735462655,16,关键词搜索,400,,常规接口测试-50并发 1-45,text,false,,332,183,8,13,http://localhost:8080/api/search/keyword?q=篮球,14,0,0
1777735462653,18,关键词搜索,400,,常规接口测试-50并发 1-44,text,false,,332,183,8,13,http://localhost:8080/api/search/keyword?q=篮球,16,0,0
1777735462660,13,关键词搜索,400,,常规接口测试-50并发 1-46,text,false,,332,183,8,13,http://localhost:8080/api/search/keyword?q=篮球,12,0,0
1777735462667,13,关键词搜索,400,,常规接口测试-50并发 1-47,text,false,,332,183,8,13,http://localhost:8080/api/search/keyword?q=篮球,13,0,0
1777735462663,63,高级筛选搜索,200,,常规接口测试-50并发 1-42,text,true,,5782,232,8,13,http://localhost:8080/api/post/list/filter?category=运动健身&pageNum=1&pageSize=10,62,0,1
1777735462671,66,高级筛选搜索,200,,常规接口测试-50并发 1-44,text,true,,5782,232,7,12,http://localhost:8080/api/post/list/filter?category=运动健身&pageNum=1&pageSize=10,66,0,1
1777735462671,69,高级筛选搜索,200,,常规接口测试-50并发 1-45,text,true,,5782,232,6,11,http://localhost:8080/api/post/list/filter?category=运动健身&pageNum=1&pageSize=10,68,0,1
1777735462673,67,高级筛选搜索,200,,常规接口测试-50并发 1-46,text,true,,5782,232,5,10,http://localhost:8080/api/post/list/filter?category=运动健身&pageNum=1&pageSize=10,67,0,0
1777735462680,62,高级筛选搜索,200,,常规接口测试-50并发 1-47,text,true,,5782,232,4,9,http://localhost:8080/api/post/list/filter?category=运动健身&pageNum=1&pageSize=10,62,0,1
1777735462452,331,获取帖子列表,200,,常规接口测试-50并发 1-48,text,true,,5517,179,3,8,http://localhost:8080/api/post/list?pageNum=1&pageSize=10,331,0,0
1777735462783,3,关键词搜索,400,,常规接口测试-50并发 1-48,text,false,,332,183,3,8,http://localhost:8080/api/search/keyword?q=篮球,3,0,0
1777735462472,315,获取帖子列表,200,,常规接口测试-50并发 1-49,text,true,,5517,179,3,8,http://localhost:8080/api/post/list?pageNum=1&pageSize=10,314,0,0
1777735462787,2,关键词搜索,400,,常规接口测试-50并发 1-49,text,false,,332,183,3,8,http://localhost:8080/api/search/keyword?q=篮球,2,0,0
1777735462786,28,高级筛选搜索,200,,常规接口测试-50并发 1-48,text,true,,5782,232,3,8,http://localhost:8080/api/post/list/filter?category=运动健身&pageNum=1&pageSize=10,28,0,1
1777735462789,27,高级筛选搜索,200,,常规接口测试-50并发 1-49,text,true,,5782,232,2,7,http://localhost:8080/api/post/list/filter?category=运动健身&pageNum=1&pageSize=10,27,0,1
1777735462600,220,获取帖子列表,200,,常规接口测试-50并发 1-50,text,true,,5517,179,1,6,http://localhost:8080/api/post/list?pageNum=1&pageSize=10,220,0,0
1777735462820,3,关键词搜索,400,,常规接口测试-50并发 1-50,text,false,,332,183,1,6,http://localhost:8080/api/search/keyword?q=篮球,2,0,0
1777735462823,21,高级筛选搜索,200,,常规接口测试-50并发 1-50,text,true,,5782,232,1,6,http://localhost:8080/api/post/list/filter?category=运动健身&pageNum=1&pageSize=10,21,0,0
